ResponseId,LocationLatitude,LocationLongitude,ExperimentalGroup,Recommendation,Provider,Confidence,Reasoning,Reasoning1,Reasoning2,Reasoning3,Confidence1,Confidence2,Confidence3,Competence1,Competence2,Competence3,TrustInteg1,TrustInteg2,TrustInteg3,Emotion1,Emotion2,Emotion3,Taskload1,Taskload2,TechTrust1,TechTrust2,TechTrust3,TechTrust4,DTC1,DTC2,DTI1,DTI2,DTS1,Age,YearsExperience,Integ1,Integ2,Integ3,MeanReasoning,MeanConfidence,MeanInteg,MeanCompetence,MeanTrustInteg,EmotionalTrust,MeanDispTrust,TrustTech,MeanTaskload,ExperimentalGroup_Collapsed,Physician,Role,Gender,Explanation,Scenario,ResponseTime,FinalDose,QualComments,ResponseCorrect,CorrectDose,StartingDose,DistanceFinal,AIDose
R_2Pe5drTgFOEexN3,36.12139893,-115.1409988,C1R0A,1,Academic,1,0,4,5,4,5,3,4,5,3,5,3,3,2,3,4,4,3,2,4,3,3,4,5,4,5,4,4,53,12,3,3,5,4.333333333333333,4,3.6666666666666665,4.333333333333333,2.6666666666666665,3.6666666666666665,4.4,3.5,3,C1R0,Non-Physician,Nurse,Not Recorded,Conf,1,60.902,7,To increase the Tarcrolimus lab results.,1,6,2,1,6
R_2Pe5drTgFOEexN3,36.12139893,-115.1409988,C1R0A,1,Academic,1,0,4,5,4,5,3,4,5,3,5,3,3,2,3,4,4,3,2,4,3,3,4,5,4,5,4,4,53,12,3,3,5,4.333333333333333,4,3.6666666666666665,4.333333333333333,2.6666666666666665,3.6666666666666665,4.4,3.5,3,C1R0,Non-Physician,Nurse,Not Recorded,Conf,2,100.673,0.5,To reduce the dose and to get the target of 8-10 ml,1,0.5,1,0,0.5
R_yVnBILVCpLAkBwd,36.05409241,-79.10549927,C1R1A,1,Academic,1,1,4,5,3,3,5,2,4,4,3,5,5,5,4,4,4,1,1,5,3,1,1,4,4,4,4,4,65,20,4,5,5,4,3.3333333333333335,4.666666666666667,3.6666666666666665,5,4,4,2.5,1,C1R1,Non-Physician,Nurse,Not Recorded,What + Conf,1,149.535,6,"With the additional stress of pregnancy, would move to increase tac but fear the recommended dose would overshoot therapeutic levels",1,6,2,0,6
R_yVnBILVCpLAkBwd,36.05409241,-79.10549927,C1R1A,1,Academic,1,1,4,5,3,3,5,2,4,4,3,5,5,5,4,4,4,1,1,5,3,1,1,4,4,4,4,4,65,20,4,5,5,4,3.3333333333333335,4.666666666666667,3.6666666666666665,5,4,4,2.5,1,C1R1,Non-Physician,Nurse,Not Recorded,What + Conf,2,185.34,0.5,Would follow ID's recommendation but follow therapeutic levels ever other day,1,0.5,1,0,0.5
R_39jLkwMsMe6EE5H,42.37609863,-83.07749939,C1R0A,1,Academic,1,0,2,2,2,2,4,3,3,3,3,3,4,4,2,2,2,1,1,3,3,1,2,5,5,5,5,5,40,9,2,4,4,2,3,3.3333333333333335,3,3.6666666666666665,2,5,2.25,1,C1R0,Physician,Physician,Not Recorded,Conf,1,146.616,6,"While not true AI, as it is not sentient, the premise of the algorithms are such that the predictive model indicates a high confidence of appropriateness to the patient. However, does not indicate confidence intervals nor what factors went into this algorithm.",1,6,2,0,6
R_39jLkwMsMe6EE5H,42.37609863,-83.07749939,C1R0A,1,Academic,1,0,2,2,2,2,4,3,3,3,3,3,4,4,2,2,2,1,1,3,3,1,2,5,5,5,5,5,40,9,2,4,4,2,3,3.3333333333333335,3,3.6666666666666665,2,5,2.25,1,C1R0,Physician,Physician,Not Recorded,Conf,2,112.779,0.5,same comment as before.,1,0.5,1,0,0.5
R_2ByMRLahzuSZlrm,42.01280212,-88.09670258,C1R0A,1,Academic,1,0,3,3,3,1,2,3,3,3,4,4,4,5,4,3,3,1,1,4,4,1,1,4,5,4,4,4,39,16,5,4,5,3,2,4.666666666666667,3.3333333333333335,4.333333333333333,3.3333333333333335,4.2,2.5,1,C1R0,Non-Physician,Midlevel Provider,Not Recorded,Conf,1,103.021,6,The AI recommendation,1,6,2,0,6
R_2ByMRLahzuSZlrm,42.01280212,-88.09670258,C1R0A,1,Academic,1,0,3,3,3,1,2,3,3,3,4,4,4,5,4,3,3,1,1,4,4,1,1,4,5,4,4,4,39,16,5,4,5,3,2,4.666666666666667,3.3333333333333335,4.333333333333333,3.3333333333333335,4.2,2.5,1,C1R0,Non-Physician,Midlevel Provider,Not Recorded,Conf,2,72.637,0.5,AI recommendation,1,0.5,1,0,0.5
R_2uOqQrWmg1ba0MJ,64.12510681,-21.81970215,C0R1A,1,Academic,0,1,5,5,5,4,5,3,4,5,3,5,5,4,4,4,4,2,2,4,3,2,3,3,4,3,4,3,35,4,5,4,4,5,4,4.333333333333333,4,4.666666666666667,4,3.4,3,2,C0R1,Physician,Physician,Not Recorded,What,1,369.556,6,AI recs sees reasonable and I will monitor level closely,1,6,2,0,6
R_2uOqQrWmg1ba0MJ,64.12510681,-21.81970215,C0R1A,1,Academic,0,1,5,5,5,4,5,3,4,5,3,5,5,4,4,4,4,2,2,4,3,2,3,3,4,3,4,3,35,4,5,4,4,5,4,4.333333333333333,4,4.666666666666667,4,3.4,3,2,C0R1,Physician,Physician,Not Recorded,What,2,170.757,0.5,NA,1,0.5,1,0,0.5
R_31FSUVNMFDQaKd0,41.78210449,-87.604599,C0R1A,1,Academic,0,1,4,5,4,3,4,5,4,4,3,3,4,4,3,3,3,2,2,3,2,2,2,5,4,5,4,4,25,0,4,5,4,4.333333333333333,4,4.333333333333333,3.6666666666666665,3.6666666666666665,3,4.4,2.25,2,C0R1,Physician,Physician,Not Recorded,What,1,157.174,6,"system accounts for pregnant state, potential medication interactions, age",1,6,2,0,6
R_31FSUVNMFDQaKd0,41.78210449,-87.604599,C0R1A,1,Academic,0,1,4,5,4,3,4,5,4,4,3,3,4,4,3,3,3,2,2,3,2,2,2,5,4,5,4,4,25,0,4,5,4,4.333333333333333,4,4.333333333333333,3.6666666666666665,3.6666666666666665,3,4.4,2.25,2,C0R1,Physician,Physician,Not Recorded,What,2,78.606,0.5,System predicted dose requirement based on patient past response to medication,1,0.5,1,0,0.5
R_3lDrjWBqhIdmNzt,38.61700439,-90.25659943,C0R0A,1,Academic,0,0,4,5,5,5,5,2,4,4,4,4,4,4,3,4,3,1,1,3,4,3,2,5,5,4,4,4,36,9,5,5,5,4.666666666666667,4,5,4,4,3.3333333333333335,4.4,3,1,C0R0,Non-Physician,Pharmacist,Not Recorded,Global,1,106.519,6,"Pregnancy leading to increased metabolism of tacrolimus, level decrease to 2.4ng/mL",1,6,2,0,6
R_3lDrjWBqhIdmNzt,38.61700439,-90.25659943,C0R0A,1,Academic,0,0,4,5,5,5,5,2,4,4,4,4,4,4,3,4,3,1,1,3,4,3,2,5,5,4,4,4,36,9,5,5,5,4.666666666666667,4,5,4,4,3.3333333333333335,4.4,3,1,C0R0,Non-Physician,Pharmacist,Not Recorded,Global,2,434.812,0.5,Recommendation will likely be needed.  0.5mg capsules will have to be obtained thus I feel its appropriate to just stop tacrolimus upon initiation of the PI and monitor levels for reinitiating the modified dose.,1,0.5,1,0,0.5
R_3phj8Wm65xcCcqE,47.53999329,-122.3031998,C0R0A,1,Academic,0,0,5,3,4,3,4,3,3,4,3,5,4,3,4,5,4,3,5,3,3,2,3,4,4,5,5,4,40,5,3,2,3,4,3.3333333333333335,2.6666666666666665,3.3333333333333335,4,4.333333333333333,4.4,2.75,3,C0R0,Non-Physician,Nurse,Not Recorded,Global,1,32.088,6,"The levels are too low, so increasing it by 12 should work.",1,6,2,0,6
R_3phj8Wm65xcCcqE,47.53999329,-122.3031998,C0R0A,1,Academic,0,0,5,3,4,3,4,3,3,4,3,5,4,3,4,5,4,3,5,3,3,2,3,4,4,5,5,4,40,5,3,2,3,4,3.3333333333333335,2.6666666666666665,3.3333333333333335,4,4.333333333333333,4.4,2.75,3,C0R0,Non-Physician,Nurse,Not Recorded,Global,2,50.078,0.5,"It should be reduced to get to the goal, and the patient is recovering.",1,0.5,1,0,0.5
R_2YhuFmBkTwIsrkS,28.46549988,-82.59809875,C1R0C,1,Commercial,1,0,5,5,4,4,5,3,4,4,3,4,5,5,4,4,4,2,2,4,3,1,1,4,4,4,4,5,43,9,5,4,5,4.666666666666667,4,4.666666666666667,3.6666666666666665,4.666666666666667,4,4.2,2.25,2,C1R0,Non-Physician,Nurse,Not Recorded,Conf,1,411.55,6,"The factors that influenced this decision are the patient's medical history, my colleagues' opinions, and the AI's recommendation. I think the AI system is great and would like it if my hospital used it.",1,6,2,0,6
R_2YhuFmBkTwIsrkS,28.46549988,-82.59809875,C1R0C,1,Commercial,1,0,5,5,4,4,5,3,4,4,3,4,5,5,4,4,4,2,2,4,3,1,1,4,4,4,4,5,43,9,5,4,5,4.666666666666667,4,4.666666666666667,3.6666666666666665,4.666666666666667,4,4.2,2.25,2,C1R0,Non-Physician,Nurse,Not Recorded,Conf,2,902.878,0.5,"The factors that influenced this decision are the patient's medical history, the ID team, my colleagues' opinions, and the AI's recommendation.",1,0.5,1,0,0.5
R_xyeUOClaWPKBOQF,39.96530151,-83.02349854,C1R0C,1,Commercial,1,0,5,5,5,5,5,4,5,5,4,5,5,5,5,5,5,1,1,5,4,2,1,5,5,5,5,5,32,2,5,3,4,5,4.666666666666667,4,4.666666666666667,5,5,5,3,1,C1R0,Non-Physician,Nurse,Not Recorded,Conf,1,210.684,6,"Factors influencing this decision: patient's current condition, patient's prior history, the AI software, my own opinion, my discussions with my colleagues,",1,6,2,0,6
R_xyeUOClaWPKBOQF,39.96530151,-83.02349854,C1R0C,1,Commercial,1,0,5,5,5,5,5,4,5,5,4,5,5,5,5,5,5,1,1,5,4,2,1,5,5,5,5,5,32,2,5,3,4,5,4.666666666666667,4,4.666666666666667,5,5,5,3,1,C1R0,Non-Physician,Nurse,Not Recorded,Conf,2,232.491,0.5,"Factors: patient's current condition and history of medications, the AI software, my own opinion, my colleagues.",1,0.5,1,0,0.5
R_3FQWkfPSBMpG46T,49.44749451,11.06829834,C0R1A,1,Academic,0,1,5,5,5,5,5,5,5,5,4,4,5,5,5,5,5,1,1,5,5,1,1,4,4,4,4,5,46,15,5,4,5,5,5,4.666666666666667,4.666666666666667,4.666666666666667,5,4.2,3,1,C0R1,Non-Physician,Nurse,Not Recorded,What,1,257.957,6,"After viewing this screenshot sample of the Transplant.AI, I have decided that it is trustworthy, so I am following its recommendation.",1,6,2,0,6
R_3FQWkfPSBMpG46T,49.44749451,11.06829834,C0R1A,1,Academic,0,1,5,5,5,5,5,5,5,5,4,4,5,5,5,5,5,1,1,5,5,1,1,4,4,4,4,5,46,15,5,4,5,5,5,4.666666666666667,4.666666666666667,4.666666666666667,5,4.2,3,1,C0R1,Non-Physician,Nurse,Not Recorded,What,2,453.106,0.5,"I think the Transplant.AI will make the right decision, so I am trusting its recommendation and following its advice for this patient.
",1,0.5,1,0,0.5
R_3PM2cYse41R97fW,39.67959595,-104.9626007,C1R0C,1,Commercial,1,0,4,5,1,3,4,4,3,4,4,5,5,5,4,3,3,1,1,4,4,2,2,5,5,5,5,5,42,8,4,4,4,3.3333333333333335,3.6666666666666665,4,3.6666666666666665,5,3.3333333333333335,5,3,1,C1R0,Non-Physician,Midlevel Provider,Not Recorded,Conf,1,104.888,6,AI is helpful. Without it I probably would have picked 4-5 mg BID in an effort not to cause a large increase in tac levels,1,6,2,0,6
R_3PM2cYse41R97fW,39.67959595,-104.9626007,C1R0C,1,Commercial,1,0,4,5,1,3,4,4,3,4,4,5,5,5,4,3,3,1,1,4,4,2,2,5,5,5,5,5,42,8,4,4,4,3.3333333333333335,3.6666666666666665,4,3.6666666666666665,5,3.3333333333333335,5,3,1,C1R0,Non-Physician,Midlevel Provider,Not Recorded,Conf,2,96.778,0.5,Going with AI recommendation given extremely high spike in tac levels on Darunavir previously,1,0.5,1,0,0.5
R_3dR0gSnKzQvybvP,41.32929993,-72.96640015,C1R1C,1,Commercial,1,1,5,5,2,4,5,3,3,4,3,4,5,5,4,4,4,3,1,4,3,3,2,4,4,4,4,4,32,1,5,4,4,4,4,4.333333333333333,3.3333333333333335,4.666666666666667,4,4,3,3,C1R1,Physician,Physician,Not Recorded,What + Conf,1,123.055,6,the recommendation from the AI seems reasonable especially as she is so subtherapeutic,1,6,2,0,6
R_3dR0gSnKzQvybvP,41.32929993,-72.96640015,C1R1C,1,Commercial,1,1,5,5,2,4,5,3,3,4,3,4,5,5,4,4,4,3,1,4,3,3,2,4,4,4,4,4,32,1,5,4,4,4,4,4.333333333333333,3.3333333333333335,4.666666666666667,4,4,3,3,C1R1,Physician,Physician,Not Recorded,What + Conf,2,210.989,1,"I think the 0.5mg would be too low, but I have no data to base this on, so I would rather be supra therapeutic rather than sub therapeutic (though knowing that if tac levels are in the 100's again, that there assuredly would be an associated AKI)",1,0.5,1,0.5,0.5
R_3PFclahN3G0tn0u,42.30679321,-83.7059021,C1R0C,1,Commercial,1,0,4,3,3,4,4,2,4,5,3,4,4,4,4,3,4,3,3,4,3,1,2,5,4,5,4,5,36,5,5,4,4,3.3333333333333335,3.3333333333333335,4.333333333333333,4,4,3.6666666666666665,4.6,2.5,3,C1R0,Physician,Physician,Not Recorded,Conf,1,113.126,6,"Transplant AI recommendation, which is similar to what I would have otherwise chosen",1,6,2,0,6
R_3PFclahN3G0tn0u,42.30679321,-83.7059021,C1R0C,1,Commercial,1,0,4,3,3,4,4,2,4,5,3,4,4,4,4,3,4,3,3,4,3,1,2,5,4,5,4,5,36,5,5,4,4,3.3333333333333335,3.3333333333333335,4.333333333333333,4,4,3.6666666666666665,4.6,2.5,3,C1R0,Physician,Physician,Not Recorded,Conf,2,139.489,2,I would target a lower trough initially (6-7) with frequent monitoring to prevent excessively supratherapeutic levels again.,0,0.5,1,1.5,0.5
R_3g0zxu3soorNTI7,37.74699402,-122.4389038,C0R1C,1,Commercial,0,1,3,4,2,2,2,3,3,3,3,4,3,4,4,3,4,2,3,4,2,2,2,4,4,4,4,3,26,0,4,2,2,3,2.3333333333333335,2.6666666666666665,3,3.6666666666666665,3.6666666666666665,3.8,2.5,2,C0R1,Physician,Physician,Not Recorded,What,1,68.511,6,"AI reasoning is reasonable given pregnancy, no renal function change",1,6,2,0,6
R_3g0zxu3soorNTI7,37.74699402,-122.4389038,C0R1C,1,Commercial,0,1,3,4,2,2,2,3,3,3,3,4,3,4,4,3,4,2,3,4,2,2,2,4,4,4,4,3,26,0,4,2,2,3,2.3333333333333335,2.6666666666666665,3,3.6666666666666665,3.6666666666666665,3.8,2.5,2,C0R1,Physician,Physician,Not Recorded,What,2,34.224,2,"AI rec, reasonable",0,0.5,1,1.5,0.5
R_1z6G7C2dSesOwqB,37.3881073,-121.8755951,C1R1A,1,Academic,1,1,4,3,5,3,2,3,4,5,5,4,5,4,3,4,3,3,4,5,4,1,1,5,5,5,5,5,30,4,3,2,3,4,2.6666666666666665,2.6666666666666665,4.666666666666667,4.333333333333333,3.3333333333333335,5,2.75,3,C1R1,Non-Physician,Nurse,Not Recorded,What + Conf,1,66.455,6,"Based on the Tacrolimus levels, that is the important factor.",1,6,2,0,6
R_1z6G7C2dSesOwqB,37.3881073,-121.8755951,C1R1A,1,Academic,1,1,4,3,5,3,2,3,4,5,5,4,5,4,3,4,3,3,4,5,4,1,1,5,5,5,5,5,30,4,3,2,3,4,2.6666666666666665,2.6666666666666665,4.666666666666667,4.333333333333333,3.3333333333333335,5,2.75,3,C1R1,Non-Physician,Nurse,Not Recorded,What + Conf,2,105.853,8,"The patient is recovering, so decreasing the dose is the best thing.",0,0.5,1,7.5,0.5
R_Z94AuwOCWlvPMe5,39.95970154,-75.19950104,C0R1C,1,Commercial,0,1,4,3,3,2,4,2,3,4,4,4,3,4,3,3,3,1,1,3,2,3,2,3,3,3,4,4,60,25,4,3,2,3.3333333333333335,2.6666666666666665,3,3.6666666666666665,3.6666666666666665,3,3.4,2.5,1,C0R1,Physician,Physician,Not Recorded,What,1,202.774,5,"anecdotal experience. 4 mg bid seems too low, 6 mg bid seems too high.",0,6,2,1,6
R_Z94AuwOCWlvPMe5,39.95970154,-75.19950104,C0R1C,1,Commercial,0,1,4,3,3,2,4,2,3,4,4,4,3,4,3,3,3,1,1,3,2,3,2,3,3,3,4,4,60,25,4,3,2,3.3333333333333335,2.6666666666666665,3,3.6666666666666665,3.6666666666666665,3,3.4,2.5,1,C0R1,Physician,Physician,Not Recorded,What,2,527.955,0.5,clinical experience based on desire to optimize dosing interval in the safest possible way for a drug with a narrow therapeutic window,1,0.5,1,0,0.5
R_OONaLdJS9iwe1s5,37.7631073,-122.4586029,C0R1C,1,Commercial,0,1,4,4,2,2,4,2,3,4,2,3,4,4,3,3,3,1,1,3,4,2,2,3,4,3,4,5,34,5,3,4,3,3.3333333333333335,2.6666666666666665,3.3333333333333335,3,3.6666666666666665,3,3.8,2.75,1,C0R1,Non-Physician,Pharmacist,Not Recorded,What,1,235.97,5,"current tac dosing of 2mg BID and goal 5-6, with current 12 hour trough level of 2.4",1,6,2,1,6
R_OONaLdJS9iwe1s5,37.7631073,-122.4586029,C0R1C,1,Commercial,0,1,4,4,2,2,4,2,3,4,2,3,4,4,3,3,3,1,1,3,4,2,2,3,4,3,4,5,34,5,3,4,3,3.3333333333333335,2.6666666666666665,3.3333333333333335,3,3.6666666666666665,3,3.8,2.75,1,C0R1,Non-Physician,Pharmacist,Not Recorded,What,2,102.975,0.5,darunavir/ritonovir regimens typical tac dosing is 0.5 mg weekly (q7 days),1,0.5,1,0,0.5
R_3QKSXzRV7eMkj7U,33.07569885,-96.78269958,C1R0C,1,Commercial,1,0,3,4,3,2,4,4,4,2,2,4,5,5,4,3,3,1,1,4,3,1,1,4,5,4,4,5,30,3,3,4,3,3.3333333333333335,3.3333333333333335,3.3333333333333335,2.6666666666666665,4.666666666666667,3.3333333333333335,4.4,2.25,1,C1R0,Non-Physician,Pharmacist,Not Recorded,Conf,1,235.854,5,"Based on Experience. 
300% increase is aggressive based on prior levels",1,6,2,1,6
R_3QKSXzRV7eMkj7U,33.07569885,-96.78269958,C1R0C,1,Commercial,1,0,3,4,3,2,4,4,4,2,2,4,5,5,4,3,3,1,1,4,3,1,1,4,5,4,4,5,30,3,3,4,3,3.3333333333333335,3.3333333333333335,3.3333333333333335,2.6666666666666665,4.666666666666667,3.3333333333333335,4.4,2.25,1,C1R0,Non-Physician,Pharmacist,Not Recorded,Conf,2,592.935,0.5,Previous 17 fold increase in Fk level. Measure at 6 days then hold longer if trough elevated.,1,0.5,1,0,0.5
R_3lS6ojRqtj737L9,40.83900452,-73.94599915,C0R0C,1,Commercial,0,0,3,4,2,1,2,1,2,3,2,4,5,5,4,2,3,2,1,4,4,2,1,4,4,2,2,5,71,38,5,4,4,3,1.3333333333333333,4.333333333333333,2.3333333333333335,4.666666666666667,3,3.4,2.75,2,C0R0,Physician,Physician,Not Recorded,Global,1,245.03,5,"Tacrolimus level definitely too low. Target trough level 5-6 ng/mL. 
By an admittedly very crude calculation, approximately doubling the dose should double the level.
The suggested dose of 12 mg BID seems quite excessive",1,6,2,1,6
R_3lS6ojRqtj737L9,40.83900452,-73.94599915,C0R0C,1,Commercial,0,0,3,4,2,1,2,1,2,3,2,4,5,5,4,2,3,2,1,4,4,2,1,4,4,2,2,5,71,38,5,4,4,3,1.3333333333333333,4.333333333333333,2.3333333333333335,4.666666666666667,3,3.4,2.75,2,C0R0,Physician,Physician,Not Recorded,Global,2,520.897,0.5,"Due to drug interaction, will need marked dose reduction, Would not want to wait a week to see if 0.5 mg once weekly is the correct dose",1,0.5,1,0,0.5
R_3qBujW3dDKK4HjV,44.97639465,-93.22399902,C0R1C,1,Commercial,0,1,4,5,2,1,4,3,2,3,3,3,4,5,2,3,2,2,1,3,3,3,3,3,4,4,4,4,34,5,5,4,4,3.6666666666666665,2.6666666666666665,4.333333333333333,2.6666666666666665,4,2.3333333333333335,3.8,3,2,C0R1,Non-Physician,Nurse,Not Recorded,What,1,205.903,5,"Pregnancy- need to increase dose during pregnancy to attain trough levels. Also, I would be aggressive to prevent rejection during pregnancy.",1,6,2,1,6
R_3qBujW3dDKK4HjV,44.97639465,-93.22399902,C0R1C,1,Commercial,0,1,4,5,2,1,4,3,2,3,3,3,4,5,2,3,2,2,1,3,3,3,3,3,4,4,4,4,34,5,5,4,4,3.6666666666666665,2.6666666666666665,4.333333333333333,2.6666666666666665,4,2.3333333333333335,3.8,3,2,C0R1,Non-Physician,Nurse,Not Recorded,What,2,356.222,0.5,This is a complex decision. Weekly dosing for a twice a day medication in not a normal standard.,1,0.5,1,0,0.5
R_3NWkaiPTHFgxU29,41.8782959,-87.69069672,C0R0A,1,Academic,0,0,2,2,1,1,1,2,2,2,2,4,4,5,2,2,1,2,2,2,2,4,2,3,3,3,3,4,37,12,4,4,4,1.6666666666666667,1.3333333333333333,4,2,4.333333333333333,1.6666666666666667,3.2,2.5,2,C0R0,Non-Physician,Pharmacist,Not Recorded,Global,1,253.911,5,"previous dose, hypermetabolic state of pregnancy, risk of rejection and ease of checking levels soon after dose adjustment",0,6,2,1,6
R_3NWkaiPTHFgxU29,41.8782959,-87.69069672,C0R0A,1,Academic,0,0,2,2,1,1,1,2,2,2,2,4,4,5,2,2,1,2,2,2,2,4,2,3,3,3,3,4,37,12,4,4,4,1.6666666666666667,1.3333333333333333,4,2,4.333333333333333,1.6666666666666667,3.2,2.5,2,C0R0,Non-Physician,Pharmacist,Not Recorded,Global,2,110.719,0.5,drug interactions and previous kinetic information given,1,0.5,1,0,0.5
R_NX72yAEHVFrwhjP,30.78849792,31.00190735,C1R0A,1,Academic,1,0,3,4,2,2,4,2,3,3,3,2,3,3,2,3,2,3,3,3,3,3,2,2,3,3,3,3,45,5,3,4,3,3,2.6666666666666665,3.3333333333333335,3,2.6666666666666665,2.3333333333333335,2.8,2.75,3,C1R0,Physician,Physician,Not Recorded,Conf,1,134.958,5,NA,1,6,2,1,6
R_NX72yAEHVFrwhjP,30.78849792,31.00190735,C1R0A,1,Academic,1,0,3,4,2,2,4,2,3,3,3,2,3,3,2,3,2,3,3,3,3,3,2,2,3,3,3,3,45,5,3,4,3,3,2.6666666666666665,3.3333333333333335,3,2.6666666666666665,2.3333333333333335,2.8,2.75,3,C1R0,Physician,Physician,Not Recorded,Conf,2,95.032,0.5,NA,1,0.5,1,0,0.5
R_eKSIFMPplRHo6lz,41.8782959,-87.69069672,C0R0C,1,Commercial,0,0,4,4,2,1,4,3,3,2,3,3,4,4,3,3,3,2,2,3,3,3,3,5,4,4,4,4,37,11,4,4,4,3.3333333333333335,2.6666666666666665,4,2.6666666666666665,3.6666666666666665,3,4.2,3,2,C0R0,Non-Physician,Pharmacist,Not Recorded,Global,1,580.346,5,"assumed the 8/17 labs were a true trough, I have seen weight based dosing overshoot the goal in the past and her Vd is now different than the non-pregnant patient, don't want to overshoot her TAC goal level and increase her SCr which would lead concern for pregnancy complications.",1,6,2,1,6
R_eKSIFMPplRHo6lz,41.8782959,-87.69069672,C0R0C,1,Commercial,0,0,4,4,2,1,4,3,3,2,3,3,4,4,3,3,3,2,2,3,3,3,3,5,4,4,4,4,37,11,4,4,4,3.3333333333333335,2.6666666666666665,4,2.6666666666666665,3.6666666666666665,3,4.2,3,2,C0R0,Non-Physician,Pharmacist,Not Recorded,Global,2,377.908,0.5,"New transplant so I don't want his TAC trough to drop too low, hence why I would check a level after 3-4 days to ensure level isn't too low (my surgeons would be conservative on this as well).",1,0.5,1,0,0.5
R_ANzG3cplP4I8vf3,33.53849792,-82.14080048,C1R0C,1,Commercial,1,0,4,5,2,3,5,3,3,4,4,4,5,5,4,4,4,2,2,3,4,2,1,3,3,3,3,4,33,3,4,5,3,3.6666666666666665,3.6666666666666665,4,3.6666666666666665,4.666666666666667,4,3.2,2.5,2,C1R0,Non-Physician,Midlevel Provider,Not Recorded,Conf,1,100.684,5,NA,1,6,2,1,6
R_ANzG3cplP4I8vf3,33.53849792,-82.14080048,C1R0C,1,Commercial,1,0,4,5,2,3,5,3,3,4,4,4,5,5,4,4,4,2,2,3,4,2,1,3,3,3,3,4,33,3,4,5,3,3.6666666666666665,3.6666666666666665,4,3.6666666666666665,4.666666666666667,4,3.2,2.5,2,C1R0,Non-Physician,Midlevel Provider,Not Recorded,Conf,2,255.077,0.5,Likely the level will spike again given medication us being reintroduced. Given daily will still maintain too high of a level.,1,0.5,1,0,0.5
R_1jjkBSEmDZp6LMS,39.26449585,-76.62239838,C0R1C,1,Commercial,0,1,4,3,2,4,5,2,4,4,3,5,5,5,4,3,3,2,1,4,4,2,3,5,5,4,4,3,37,8,4,4,5,3,3.6666666666666665,4.333333333333333,3.6666666666666665,5,3.3333333333333335,4.2,3.25,2,C0R1,Non-Physician,Pharmacist,Not Recorded,What,1,513.587,5,At this time I believe that the Transplant.AI recommendation would over shoot our trough goal of 5-6 ng/mL.  I do believe however the patient will need further dose titration (like increased dosing) as her pregnancy progresses.  I would potentially consider a higher dose than my recommendation if I felt I would not have quick follow up (within 2 weeks).,1,6,2,1,6
R_1jjkBSEmDZp6LMS,39.26449585,-76.62239838,C0R1C,1,Commercial,0,1,4,3,2,4,5,2,4,4,3,5,5,5,4,3,3,2,1,4,4,2,3,5,5,4,4,3,37,8,4,4,5,3,3.6666666666666665,4.333333333333333,3.6666666666666665,5,3.3333333333333335,4.2,3.25,2,C0R1,Non-Physician,Pharmacist,Not Recorded,What,2,851.125,1,"First, I am impressed by the Transplant.AI recommendation to increase the goal to 8-10 ng/mL, despite the team assuming the goal should be 6-7 ng/mL.  Given the tremendous impact of the weekly AUC of tacrolimus with PI boosted regimens it is likely that aiming for a similar trough when dosing so infrequently would leave the patient at substantially lower weekly AUC.  I think the 0.5 mg Q7 days is reasonable but I would probably start with 1 mg and follow every 5 to 7 days initially.  Lastly, would the AI make a recommendation to consider alternative therapies such as Belatacept.  The data for the HIV population is spares however I significant concerns that changes to the patients HAART regimen are being made and the transplant team is not involved this early on after transplant.  May want to consider a regimen that would not be impacted as significantly by drug-drug interactions, especially as the patient may switch off the PI boosted regimen and this not be captured by the team and result in significant rejection and possibly graft loss.",1,0.5,1,0.5,0.5
R_cwjZgcQK6BXX2nf,33.93809509,-84.46330261,C1R0C,1,Commercial,1,0,3,4,4,4,5,2,3,4,4,3,4,2,3,4,3,3,4,2,2,3,3,4,5,4,3,4,35,8,3,4,4,3.6666666666666665,3.6666666666666665,3.6666666666666665,3.6666666666666665,3,3.3333333333333335,4,2.5,3,C1R0,Non-Physician,Nurse,Not Recorded,Conf,1,55.037,5,NA,1,6,2,1,6
R_cwjZgcQK6BXX2nf,33.93809509,-84.46330261,C1R0C,1,Commercial,1,0,3,4,4,4,5,2,3,4,4,3,4,2,3,4,3,3,4,2,2,3,3,4,5,4,3,4,35,8,3,4,4,3.6666666666666665,3.6666666666666665,3.6666666666666665,3.6666666666666665,3,3.3333333333333335,4,2.5,3,C1R0,Non-Physician,Nurse,Not Recorded,Conf,2,46.746,2,NA,0,0.5,1,1.5,0.5
R_3PAW4BXBBAw2OQq,39.88400269,-74.9720993,C1R0C,1,Commercial,1,0,4,5,2,2,4,3,3,3,3,4,4,4,3,3,3,1,1,3,3,2,2,3,4,3,4,4,42,8,4,4,3,3.6666666666666665,3,3.6666666666666665,3,4,3,3.6,2.5,1,C1R0,Physician,Physician,Not Recorded,Conf,1,182.508,4.5,going from 2mg to 6 mg may be too much,0,6,2,1.5,6
R_3PAW4BXBBAw2OQq,39.88400269,-74.9720993,C1R0C,1,Commercial,1,0,4,5,2,2,4,3,3,3,3,4,4,4,3,3,3,1,1,3,3,2,2,3,4,3,4,4,42,8,4,4,3,3.6666666666666665,3,3.6666666666666665,3,4,3,3.6,2.5,1,C1R0,Physician,Physician,Not Recorded,Conf,2,479.73,0.5,Protease inhibitors are very potent CYP450 inhibitors.I believe there are many newer HAART therapies which do not interact with prograf,1,0.5,1,0,0.5
R_0DGYHyxIWCLCsCZ,45.82929993,15.97929382,C0R1C,1,Commercial,0,1,4,5,4,1,5,1,4,4,4,1,5,2,4,4,4,1,1,1,4,1,4,5,4,5,4,5,42,13,5,4,5,4.333333333333333,2.3333333333333335,4.666666666666667,4,2.6666666666666665,4,4.6,2.5,1,C0R1,Physician,Physician,Not Recorded,What,1,273.046,4.5,pregnancy and appropriate level 5-6 ng/ml,0,6,2,1.5,6
R_0DGYHyxIWCLCsCZ,45.82929993,15.97929382,C0R1C,1,Commercial,0,1,4,5,4,1,5,1,4,4,4,1,5,2,4,4,4,1,1,1,4,1,4,5,4,5,4,5,42,13,5,4,5,4.333333333333333,2.3333333333333335,4.666666666666667,4,2.6666666666666665,4,4.6,2.5,1,C0R1,Physician,Physician,Not Recorded,What,2,314.194,0.5,therapy with darunavir,1,0.5,1,0,0.5
R_25sAWgmb4QMwaAS,41.8782959,-87.69069672,C0R0A,1,Academic,0,0,1,2,1,1,1,1,2,3,2,4,4,4,2,1,3,2,1,3,1,2,3,3,3,3,3,3,52,13,4,4,4,1.3333333333333333,1,4,2.3333333333333335,4,2,3,2.25,2,C0R0,Non-Physician,Pharmacist,Not Recorded,Global,1,351.189,4.5,Tripling her immunosuppression as a standing order is likely to overshoot her goal.,0,6,2,1.5,6
R_25sAWgmb4QMwaAS,41.8782959,-87.69069672,C0R0A,1,Academic,0,0,1,2,1,1,1,1,2,3,2,4,4,4,2,1,3,2,1,3,1,2,3,3,3,3,3,3,52,13,4,4,4,1.3333333333333333,1,4,2.3333333333333335,4,2,3,2.25,2,C0R0,Non-Physician,Pharmacist,Not Recorded,Global,2,645.407,0.5,"I don't know on what basis the AI is making its recommendation -- based on general PK studies or this patient's own history. So I completely ignored it. We already know how this individual patient's metabolism responds to the introduction of darunavir. His level went up about 35-fold the last time it was tried, and so a first guess at lowering the dose would be a 35-fold reduction from 14 mg/week to 0.5 mg/week. Why does your AI program give a different target trough (8 to 10) than the target specified by the care team (6 to 7)?? That seems potentially dangerous...",1,0.5,1,0,0.5
R_3iqGATtDXmpGliO,49.24499512,-123.1336975,C0R1C,1,Commercial,0,1,2,4,2,1,4,2,3,3,2,2,3,4,2,2,2,1,1,2,1,2,2,4,4,4,4,4,58,6,5,2,2,2.6666666666666665,2.3333333333333335,3,2.6666666666666665,3,2,4,1.75,1,C0R1,Non-Physician,Pharmacist,Not Recorded,What,1,319.851,4.5,"It's not usual to have a rejection during pregnancy so I don't need to be so aggressive.  Based on proportion, I need ~4.5mg po bid to achieve a level of 5",0,6,2,1.5,6
R_3iqGATtDXmpGliO,49.24499512,-123.1336975,C0R1C,1,Commercial,0,1,2,4,2,1,4,2,3,3,2,2,3,4,2,2,2,1,1,2,1,2,2,4,4,4,4,4,58,6,5,2,2,2.6666666666666665,2.3333333333333335,3,2.6666666666666665,3,2,4,1.75,1,C0R1,Non-Physician,Pharmacist,Not Recorded,What,2,221.989,1,Higher risk of rejection in HIV pts,1,0.5,1,0.5,0.5
R_1FepjfTkTnZFtrv,45.82929993,15.97929382,C0R0A,1,Academic,0,0,5,5,2,2,5,1,5,4,4,4,5,5,4,4,3,3,3,4,4,2,2,5,4,4,5,5,32,4,5,5,5,4,2.6666666666666665,5,4.333333333333333,4.666666666666667,3.6666666666666665,4.6,3,3,C0R0,Physician,Physician,Not Recorded,Global,1,183.879,4.5,The fetal liver metabolizes TAC too.,0,6,2,1.5,6
R_1FepjfTkTnZFtrv,45.82929993,15.97929382,C0R0A,1,Academic,0,0,5,5,2,2,5,1,5,4,4,4,5,5,4,4,3,3,3,4,4,2,2,5,4,4,5,5,32,4,5,5,5,4,2.6666666666666665,5,4.333333333333333,4.666666666666667,3.6666666666666665,4.6,3,3,C0R0,Physician,Physician,Not Recorded,Global,2,311.926,4,Darunavir will increase level of tacrolimus by affecting CYP3A4.,0,0.5,1,3.5,0.5
R_1OCbSznHWERmR8d,36.02290344,-78.9464035,C1R0A,1,Academic,1,0,1,4,2,2,4,3,2,2,1,2,5,5,2,1,2,1,1,2,1,2,3,3,3,3,3,3,45,20,5,5,5,2.3333333333333335,3,5,1.6666666666666667,4,1.6666666666666667,3,2,1,C1R0,Non-Physician,Pharmacist,Not Recorded,Conf,1,331.368,4,"The mean oral clearance (CL/F) based on whole blood tacrolimus concentration was 39% higher during mid- and late-pregnancy compared to postpartum (47.4 ± 12.6 vs. 34.2 ± 14.8 L/h, P < 0.03). Tacrolimus free fraction increased by 91% in plasma (fP) and by 100% in blood (fB) during pregnancy (P = 0.0007 and 0.002, respectively). Increased fP was inversely associated with serum albumin concentration (r = − 0.7, P = 0.003), which decreased by 27% during pregnancy. Pregnancy related changes in fP and fB contributed significantly to the observed gestational increase in tacrolimus whole blood CL/F (r2 = 0.36 and 0.47 respectively, P < 0.01). In addition, tacrolimus whole blood CL/F was inversely correlated with both hematocrit and red blood cell counts, suggesting that binding of tacrolimus to erythrocytes restricts its availability for metabolism. Treating physicians increased tacrolimus dosages in study participants during pregnancy by an average of 45% in order to maintain tacrolimus whole blood trough concentrations in the therapeutic range. This led to striking increases in unbound tacrolimus trough concentrations and unbound AUC, by 112% and 173%, respectively during pregnancy (P = 0.02 and 0.03, respectively).

A three fold dose increase is likely too much.",0,6,2,2,6
R_1OCbSznHWERmR8d,36.02290344,-78.9464035,C1R0A,1,Academic,1,0,1,4,2,2,4,3,2,2,1,2,5,5,2,1,2,1,1,2,1,2,3,3,3,3,3,3,45,20,5,5,5,2.3333333333333335,3,5,1.6666666666666667,4,1.6666666666666667,3,2,1,C1R0,Non-Physician,Pharmacist,Not Recorded,Conf,2,225.82,0,No scheduled doses.  Start the protease inhibitor.   stop the scheduled tacrolimus and dose per levels.  FK level q48h and redose with 1 mg when the level is 6.   Expect a weekly tacrolimus dose to begin with.,1,0.5,1,0.5,0.5
R_3lYSfLgyuV2pKUi,39.95970154,-75.19950104,C0R0A,1,Academic,0,0,1,2,2,3,3,1,1,2,2,1,3,5,3,3,3,1,1,3,3,3,2,5,5,5,5,5,43,21,3,5,5,1.6666666666666667,2.3333333333333335,4.333333333333333,1.6666666666666667,3,3,5,2.75,1,C0R0,Non-Physician,Midlevel Provider,Not Recorded,Global,1,123.11,4,I want to double her trough and not overshoot-the AI dose I believe would overshoot the trough,0,6,2,2,6
R_3lYSfLgyuV2pKUi,39.95970154,-75.19950104,C0R0A,1,Academic,0,0,1,2,2,3,3,1,1,2,2,1,3,5,3,3,3,1,1,3,3,3,2,5,5,5,5,5,43,21,3,5,5,1.6666666666666667,2.3333333333333335,4.333333333333333,1.6666666666666667,3,3,5,2.75,1,C0R0,Non-Physician,Midlevel Provider,Not Recorded,Global,2,199.543,0.5,"with the inhibitor on board, levels will shoot up again. Would check troughs twice a week to ensure.",1,0.5,1,0,0.5
R_1IfOnAZxl49sovD,40.74290466,-73.93920135,C0R1C,1,Commercial,0,1,5,5,2,1,4,4,5,5,3,4,4,5,4,4,4,1,2,5,3,1,1,5,5,4,3,2,38,15,5,4,5,4,3,4.666666666666667,4.333333333333333,4.333333333333333,4,3.8,2.5,1,C0R1,Non-Physician,Pharmacist,Not Recorded,What,1,135.034,4,Concentration is 50% of where it needs to be and was reduced because of the increased volume of distribution.,0,6,2,2,6
R_1IfOnAZxl49sovD,40.74290466,-73.93920135,C0R1C,1,Commercial,0,1,5,5,2,1,4,4,5,5,3,4,4,5,4,4,4,1,2,5,3,1,1,5,5,4,3,2,38,15,5,4,5,4,3,4.666666666666667,4.333333333333333,4.333333333333333,4,3.8,2.5,1,C0R1,Non-Physician,Pharmacist,Not Recorded,What,2,96.006,0.5,Darunavir is a potent and irreversible inhibitor of CYP enzymes and this leads to unpredictable levels.,1,0.5,1,0,0.5
R_AHXujPCjIajIfJL,41.8782959,-87.69069672,C1R0A,1,Academic,1,0,1,3,2,4,5,1,5,3,3,4,5,5,3,4,3,1,1,3,3,2,3,5,5,5,4,4,47,13,5,5,5,2,3.3333333333333335,5,3.6666666666666665,4.666666666666667,3.3333333333333335,4.6,2.75,1,C1R0,Non-Physician,Pharmacist,Not Recorded,Conf,1,205.021,4,I would double the dose and recheck the level in 7-10 days.  Her last level was 5.5 but that was 4 months ago.,0,6,2,2,6
R_AHXujPCjIajIfJL,41.8782959,-87.69069672,C1R0A,1,Academic,1,0,1,3,2,4,5,1,5,3,3,4,5,5,3,4,3,1,1,3,3,2,3,5,5,5,4,4,47,13,5,5,5,2,3.3333333333333335,5,3.6666666666666665,4.666666666666667,3.3333333333333335,4.6,2.75,1,C1R0,Non-Physician,Pharmacist,Not Recorded,Conf,2,427.543,0.5,I would have liked more information regarding the dosing of Tac while the patient was on Darunavir/r as it appears it was restarted in the graph.  Patient is on triple immunosuppression so starting low is reasonable.,1,0.5,1,0,0.5
R_1g7kchpq5S6kf7t,41.8782959,-87.69069672,C0R0C,1,Commercial,0,0,4,5,3,3,4,2,3,4,3,4,4,4,4,4,3,2,2,4,3,3,2,3,3,4,4,4,32,6,5,4,3,4,3,4,3.3333333333333335,4,3.6666666666666665,3.6,3,2,C0R0,Non-Physician,Pharmacist,Not Recorded,Global,1,295.399,4,"After considering the current dose (2mg BID) and subtherapeutic level of 2.4--with goal of 5-6ng/mL, would recommend 4mg BID. I also assumed linear kinetics of tacrolimus. I feel the AI recommended dose of 6mg BID is a bit aggressive. Since the patient likely has very close follow-up, I can obtain a repeat trough within 1 week and further adjust if needed.",0,6,2,2,6
R_1g7kchpq5S6kf7t,41.8782959,-87.69069672,C0R0C,1,Commercial,0,0,4,5,3,3,4,2,3,4,3,4,4,4,4,4,3,2,2,4,3,3,2,3,3,4,4,4,32,6,5,4,3,4,3,4,3.3333333333333335,4,3.6666666666666665,3.6,3,2,C0R0,Non-Physician,Pharmacist,Not Recorded,Global,2,219.283,0.5,"Given the significant drug interaction (level increased more than 10-fold), pt will require a substantial empiric reduction in dose. Would start with weekly dosing and obtain a trough 1 week post initiation and adjust accordingly.",1,0.5,1,0,0.5
R_xrS6EB7PXk41fxL,41.31860352,-72.93019867,C1R1A,1,Academic,1,1,4,5,3,3,4,2,3,3,3,3,3,4,3,3,3,1,1,5,4,3,2,3,3,3,3,4,53,20,4,4,4,4,3,4,3,3.3333333333333335,3,3.2,3.5,1,C1R1,Physician,Physician,Not Recorded,What + Conf,1,142.554,4,"1. Relative ""tolerance"" of pregnancy
2. Linear correlation of dose of FK with level.
3 Assumption to repeat level in a week and continue to escalate dose as volume of distribution increases.",0,6,2,2,6
R_xrS6EB7PXk41fxL,41.31860352,-72.93019867,C1R1A,1,Academic,1,1,4,5,3,3,4,2,3,3,3,3,3,4,3,3,3,1,1,5,4,3,2,3,3,3,3,4,53,20,4,4,4,4,3,4,3,3.3333333333333335,3,3.2,3.5,1,C1R1,Physician,Physician,Not Recorded,What + Conf,2,119.221,0.5,I know that DDIs affect drug levels and this is well studied.,1,0.5,1,0,0.5
R_1rDNgplq1iwzEhx,37.7631073,-122.4586029,C1R0C,1,Commercial,1,0,1,1,1,4,5,1,2,4,2,4,3,3,3,3,3,1,1,4,3,2,1,4,4,4,4,4,42,8,4,2,2,1,3.3333333333333335,2.6666666666666665,2.6666666666666665,3.3333333333333335,3,4,2.5,1,C1R0,Physician,Physician,Not Recorded,Conf,1,223.817,4,"Her volume of distribution has changed. Her trough is approximately half of the target on 4 mg/day currently, so I doubled that to 8 mg/day.",0,6,2,2,6
R_1rDNgplq1iwzEhx,37.7631073,-122.4586029,C1R0C,1,Commercial,1,0,1,1,1,4,5,1,2,4,2,4,3,3,3,3,3,1,1,4,3,2,1,4,4,4,4,4,42,8,4,2,2,1,3.3333333333333335,2.6666666666666665,2.6666666666666665,3.3333333333333335,3,4,2.5,1,C1R0,Physician,Physician,Not Recorded,Conf,2,189.049,0.5,"We have experienced this situation, and that dose is a good starting point. It can be adjusted as needed in the future to increase the level if needed, but that has been a reasonable starting dose in this situation in the past.",1,0.5,1,0,0.5
R_2tbRgS5QrAQlJFZ,37.7631073,-122.4586029,C0R1C,1,Commercial,0,1,3,5,3,3,4,3,3,3,2,4,4,5,3,3,2,1,1,3,2,2,3,5,5,4,5,4,50,21,4,4,4,3.6666666666666665,3.3333333333333335,4,2.6666666666666665,4.333333333333333,2.6666666666666665,4.6,2.5,1,C0R1,Non-Physician,Pharmacist,Not Recorded,What,1,396.101,4,"Do not feel comfortable with a 3 fold increase in dose. The patient is several years out from transplant and currently pregnant (lower risk of rejection). would incrementally increase dose and if still subtherapeutic in a month, then increase the dose further.",0,6,2,2,6
R_2tbRgS5QrAQlJFZ,37.7631073,-122.4586029,C0R1C,1,Commercial,0,1,3,5,3,3,4,3,3,3,2,4,4,5,3,3,2,1,1,3,2,2,3,5,5,4,5,4,50,21,4,4,4,3.6666666666666665,3.3333333333333335,4,2.6666666666666665,4.333333333333333,2.6666666666666665,4.6,2.5,1,C0R1,Non-Physician,Pharmacist,Not Recorded,What,2,319.968,0.5,once a week dosing of tacrolimus is consistent with ritonavir-containing regimens,1,0.5,1,0,0.5
R_1Kdrp79v6bxOevY,42.55810547,-71.17230225,C0R0C,1,Commercial,0,0,2,5,4,4,5,3,1,3,1,2,5,5,1,1,1,1,1,1,5,2,2,4,4,4,4,3,44,19,4,5,3,3.6666666666666665,4,4,1.6666666666666667,4,1,3.8,2.5,1,C0R0,Non-Physician,Pharmacist,Not Recorded,Global,1,223.923,4,The patient has been pregnant for 20 weeks and TAC levels were only monitored once.  You can assume that she has been subtherapeutic for some time and has had no immunologic complications.  Why be so aggressive with the dose adjustment when you can make a dose increase and monitor the level?,0,6,2,2,6
R_1Kdrp79v6bxOevY,42.55810547,-71.17230225,C0R0C,1,Commercial,0,0,2,5,4,4,5,3,1,3,1,2,5,5,1,1,1,1,1,1,5,2,2,4,4,4,4,3,44,19,4,5,3,3.6666666666666665,4,4,1.6666666666666667,4,1,3.8,2.5,1,C0R0,Non-Physician,Pharmacist,Not Recorded,Global,2,235.347,0.5,"I would restart Darunavir and monitor TAC levels.  I would only redose when TAC levels reach the therapeutic concentration, calculating the time it took for levels to return to normal.  In my experience, patients taking PI therapy may need TAC doses as little as twice a month.",1,0.5,1,0,0.5
R_SDBw2lZFhds6A0x,35.91119385,-78.9178009,C0R0C,1,Commercial,0,0,2,4,2,1,2,2,3,3,3,2,3,3,3,3,3,1,1,3,1,3,4,5,5,5,5,5,38,4,5,3,2,2.6666666666666665,1.6666666666666667,3.3333333333333335,3,2.6666666666666665,3,5,2.75,1,C0R0,Physician,Physician,Not Recorded,Global,1,103.83,4,"2mg BID = trough of 2.4
4mg BID would be close to trough of 5",0,6,2,2,6
R_SDBw2lZFhds6A0x,35.91119385,-78.9178009,C0R0C,1,Commercial,0,0,2,4,2,1,2,2,3,3,3,2,3,3,3,3,3,1,1,3,1,3,4,5,5,5,5,5,38,4,5,3,2,2.6666666666666665,1.6666666666666667,3.3333333333333335,3,2.6666666666666665,3,5,2.75,1,C0R0,Physician,Physician,Not Recorded,Global,2,161.549,0.5,"based on anecdotal experience of Tac and PI""s, this is about right, check troughs and adjust the time interval. Tac dosing is an educated guess really.",1,0.5,1,0,0.5
R_1r7XSICYvlsUllV,40.76519775,-73.95880127,C1R1A,1,Academic,1,1,4,5,3,3,5,2,3,3,2,2,4,4,3,2,3,1,1,2,2,1,1,5,5,4,4,5,43,6,4,5,5,4,3.3333333333333335,4.666666666666667,2.6666666666666665,3.3333333333333335,2.6666666666666665,4.6,1.5,1,C1R1,Physician,Physician,Not Recorded,What + Conf,1,247.423,4,Suggest repeating TAC level to adjust in 5 days to further change the dosing if needed. Doubling the dose should be a good initial step at this time as it will likely bring the TAC trough to above 4,0,6,2,2,6
R_1r7XSICYvlsUllV,40.76519775,-73.95880127,C1R1A,1,Academic,1,1,4,5,3,3,5,2,3,3,2,2,4,4,3,2,3,1,1,2,2,1,1,5,5,4,4,5,43,6,4,5,5,4,3.3333333333333335,4.666666666666667,2.6666666666666665,3.3333333333333335,2.6666666666666665,4.6,1.5,1,C1R1,Physician,Physician,Not Recorded,What + Conf,2,142.651,0.5,"Triple IS regiment, known strong DDI. Would monitor TAC level X2 a week till the level is confirmed stable on the current dose.",1,0.5,1,0,0.5
R_QhMcXBa0dQcxZVD,37.55029297,-77.39420319,C0R0C,1,Commercial,0,0,3,4,1,1,4,1,3,3,2,3,2,3,2,2,2,2,3,4,1,1,3,5,5,5,5,4,31,5,3,4,2,2.6666666666666665,2,3,2.6666666666666665,2.6666666666666665,2,4.8,2.25,2,C0R0,Non-Physician,Midlevel Provider,Not Recorded,Global,1,246.509,4,"Stable SCr.  Historically adequate trough levels in range of 5.  Would increase dosage, but would not want to overshoot (estimate that AI recommendation would overshoot goal trough).  If patient is being seen regularly by OBGyn it should be relatively easy to request a short interval trough level and increase appropriately in 1-2 weeks if needed. I do process the additional concern of increasing immunogenicity due to pregnancy with twins, but do not want to overimmunosuppress.",0,6,2,2,6
R_QhMcXBa0dQcxZVD,37.55029297,-77.39420319,C0R0C,1,Commercial,0,0,3,4,1,1,4,1,3,3,2,3,2,3,2,2,2,2,3,4,1,1,3,5,5,5,5,4,31,5,3,4,2,2.6666666666666665,2,3,2.6666666666666665,2.6666666666666665,2,4.8,2.25,2,C0R0,Non-Physician,Midlevel Provider,Not Recorded,Global,2,175.946,0.5,"Would start with changing to every 72 hours, check a level in a week.  If elevated, can hold until downtrended, and then increase time between doses based on initial response and weekly levels.",1,0.5,1,0,0.5
R_3G1i5OKQlnmg998,32.82460022,-117.1970978,C0R1C,1,Commercial,0,1,3,4,3,1,2,3,4,4,3,4,4,4,4,4,4,1,2,5,3,2,2,4,4,4,4,4,35,10,4,4,2,3.3333333333333335,2,3.3333333333333335,3.6666666666666665,4,4,4,3,1,C0R1,Non-Physician,Nurse,Not Recorded,What,1,175.78,4,"In attempt to double the trough level would increase dose in linear fashion by doubling, especially with understanding of increased volume of distribution and metabolism that comes with pregnancy related changes",0,6,2,2,6
R_3G1i5OKQlnmg998,32.82460022,-117.1970978,C0R1C,1,Commercial,0,1,3,4,3,1,2,3,4,4,3,4,4,4,4,4,4,1,2,5,3,2,2,4,4,4,4,4,35,10,4,4,2,3.3333333333333335,2,3.3333333333333335,3.6666666666666665,4,4,4,3,1,C0R1,Non-Physician,Nurse,Not Recorded,What,2,128.038,0.5,This seems appropriate due to the dramatic changes in drug metabolism from DDI with darunavir,1,0.5,1,0,0.5
R_2twXGiKoLaSGEBx,32.77870178,-96.82170105,C1R0C,1,Commercial,1,0,3,3,3,3,3,3,3,3,3,3,3,3,3,3,3,3,2,3,3,3,3,3,3,3,3,3,27,3,5,4,2,3,3,3.6666666666666665,3,3,3,3,3,3,C1R0,Non-Physician,Pharmacist,Not Recorded,Conf,1,1473.242,4,Patient was stable on 2 mg BID before the pregnancy. Would avoid drastic increase without rechecking levels within a week after dosing change.,0,6,2,2,6
R_2twXGiKoLaSGEBx,32.77870178,-96.82170105,C1R0C,1,Commercial,1,0,3,3,3,3,3,3,3,3,3,3,3,3,3,3,3,3,2,3,3,3,3,3,3,3,3,3,27,3,5,4,2,3,3,3.6666666666666665,3,3,3,3,3,3,C1R0,Non-Physician,Pharmacist,Not Recorded,Conf,2,183.567,0.5,"Given severe interaction with ritonavir, with initiate low dose 0.5 mg x 1 and recheck level in a few days/a week",1,0.5,1,0,0.5
R_Bukug2PwiCzKFOx,37.04530334,-76.3404007,C0R1C,1,Commercial,0,1,4,4,3,1,4,3,3,2,3,4,4,5,3,3,3,3,2,3,4,1,2,3,3,3,4,4,37,6,5,4,5,3.6666666666666665,2.6666666666666665,4.666666666666667,2.6666666666666665,4.333333333333333,3,3.4,2.5,3,C0R1,Physician,Physician,Not Recorded,What,1,319.884,4,Increased vd of tacro in pregnancy,0,6,2,2,6
R_Bukug2PwiCzKFOx,37.04530334,-76.3404007,C0R1C,1,Commercial,0,1,4,4,3,1,4,3,3,2,3,4,4,5,3,3,3,3,2,3,4,1,2,3,3,3,4,4,37,6,5,4,5,3.6666666666666665,2.6666666666666665,4.666666666666667,2.6666666666666665,4.333333333333333,3,3.4,2.5,3,C0R1,Physician,Physician,Not Recorded,What,2,190.673,0.5,Same dose he was on prior,1,0.5,1,0,0.5
R_1EjnXoKEtY44Exb,45.78379822,3.096603394,C1R1A,1,Academic,1,1,3,3,3,2,4,3,2,1,3,2,3,3,3,2,2,3,3,3,3,3,2,3,3,3,3,2,38,10,4,4,4,3,3,4,2,2.6666666666666665,2.3333333333333335,2.8,2.75,3,C1R1,Physician,Physician,Not Recorded,What + Conf,1,189.566,4,"Clinical practice
It s an important dose increase",0,6,2,2,6
R_1EjnXoKEtY44Exb,45.78379822,3.096603394,C1R1A,1,Academic,1,1,3,3,3,2,4,3,2,1,3,2,3,3,3,2,2,3,3,3,3,3,2,3,3,3,3,2,38,10,4,4,4,3,3,4,2,2.6666666666666665,2.3333333333333335,2.8,2.75,3,C1R1,Physician,Physician,Not Recorded,What + Conf,2,237.668,0.5,"Daranuvir use, Previous High tacrolimus level",1,0.5,1,0,0.5
R_tEQi25aRNPmeBuV,43.0769043,-89.40940094,C0R0C,1,Commercial,0,0,1,2,2,1,2,1,2,2,2,4,5,5,2,2,2,1,1,3,2,2,4,4,4,4,4,4,58,23,3,4,2,1.6666666666666667,1.3333333333333333,3,2,4.666666666666667,2,4,2.75,1,C0R0,Physician,Physician,Not Recorded,Global,1,133.34,4,"tac has linear pharmacokinetics, free tacro is higher in pregnant women, and I don't want to overshoot",0,6,2,2,6
R_tEQi25aRNPmeBuV,43.0769043,-89.40940094,C0R0C,1,Commercial,0,0,1,2,2,1,2,1,2,2,2,4,5,5,2,2,2,1,1,3,2,2,4,4,4,4,4,4,58,23,3,4,2,1.6666666666666667,1.3333333333333333,3,2,4.666666666666667,2,4,2.75,1,C0R0,Physician,Physician,Not Recorded,Global,2,110,0.5,protease inhibitor interaction,1,0.5,1,0,0.5
R_21zXLWSLNIj7IYW,33.54460144,-86.92919922,C0R1C,1,Commercial,0,1,2,4,1,2,5,3,3,4,3,4,4,4,3,3,2,1,1,2,2,2,2,4,4,4,4,4,36,4,4,4,4,2.3333333333333335,3.3333333333333335,4,3.3333333333333335,4,2.6666666666666665,4,2,1,C0R1,Physician,Physician,Not Recorded,What,1,119.46,4,"Need to increase dose due to low level, but can do so slowly as renal function is acceptable.  Don't want to overshoot and end up supra therapeutic",0,6,2,2,6
R_21zXLWSLNIj7IYW,33.54460144,-86.92919922,C0R1C,1,Commercial,0,1,2,4,1,2,5,3,3,4,3,4,4,4,3,3,2,1,1,2,2,2,2,4,4,4,4,4,36,4,4,4,4,2.3333333333333335,3.3333333333333335,4,3.3333333333333335,4,2.6666666666666665,4,2,1,C0R1,Physician,Physician,Not Recorded,What,2,135.381,0.5,Would follow levels and redose when needed to figure out dosing interval,1,0.5,1,0,0.5
R_1DIH9Q2x5ek0Fza,40.73590088,-73.990402220000007,C1R1A,1,Academic,1,1,4,5,4,2,4,1,2,4,2,3,4,5,3,3,2,1,1,4,4,1,1,5,5,5,5,5,44,7,5,5,4,4.333333333333333,2.3333333333333335,4.666666666666667,2.6666666666666665,4,2.6666666666666665,5,2.5,1,C1R1,Physician,Physician,Not Recorded,What + Conf,1,114.463,4,Trough level of 5-6 is appropriate in this generally low immunologic risk patient and 6mg BID would overshoot the intended goal,0,6,2,2,6
R_1DIH9Q2x5ek0Fza,40.73590088,-73.990402220000007,C1R1A,1,Academic,1,1,4,5,4,2,4,1,2,4,2,3,4,5,3,3,2,1,1,4,4,1,1,5,5,5,5,5,44,7,5,5,4,4.333333333333333,2.3333333333333335,4.666666666666667,2.6666666666666665,4,2.6666666666666665,5,2.5,1,C1R1,Physician,Physician,Not Recorded,What + Conf,2,130.211,0.5,NA,1,0.5,1,0,0.5
R_2RV41MpK4Lzady9,19.43569946,-99.14379883,C0R0A,1,Academic,0,0,3,4,3,1,2,2,3,4,3,4,5,5,4,4,3,3,2,4,4,2,2,3,4,4,4,4,36,3,4,4,5,3.3333333333333335,1.6666666666666667,4.333333333333333,3.3333333333333335,4.666666666666667,3.6666666666666665,3.8,3,3,C0R0,Physician,Physician,Not Recorded,Global,1,245.953,4,"If 2 mg bid reached a 2.4 level, my feeling is that doubling the dose could achieve a level close to 5. The dose recommended seems too high...",0,6,2,2,6
R_2RV41MpK4Lzady9,19.43569946,-99.14379883,C0R0A,1,Academic,0,0,3,4,3,1,2,2,3,4,3,4,5,5,4,4,3,3,2,4,4,2,2,3,4,4,4,4,36,3,4,4,5,3.3333333333333335,1.6666666666666667,4.333333333333333,3.3333333333333335,4.666666666666667,3.6666666666666665,3.8,3,3,C0R0,Physician,Physician,Not Recorded,Global,2,304.732,0.5,It appears to me that the once a week schedule is somewhat arbitrary. I would prefer to monitor levels closely and define when is a good time to give the next dose,1,0.5,1,0,0.5
R_1IuV9txRDPoEJHG,24.65370178,46.7151947,C0R0C,1,Commercial,0,0,3,1,1,2,1,1,2,3,2,4,3,4,3,3,3,1,3,3,1,1,3,4,4,4,4,5,44,10,5,4,3,1.6666666666666667,1.3333333333333333,4,2.3333333333333335,3.6666666666666665,3,4.2,2,1,C0R0,Physician,Physician,Not Recorded,Global,1,152.902,4,need slow increase in prograf level,0,6,2,2,6
R_1IuV9txRDPoEJHG,24.65370178,46.7151947,C0R0C,1,Commercial,0,0,3,1,1,2,1,1,2,3,2,4,3,4,3,3,3,1,3,3,1,1,3,4,4,4,4,5,44,10,5,4,3,1.6666666666666667,1.3333333333333333,4,2.3333333333333335,3.6666666666666665,3,4.2,2,1,C0R0,Physician,Physician,Not Recorded,Global,2,172.824,0.5,AI recs and previous high Tac level with Darunavir,1,0.5,1,0,0.5
R_2yf1FZkBpWRLxW4,33.54460144,-86.92919922,C1R0C,1,Commercial,1,0,3,4,2,1,3,1,2,3,2,4,5,4,3,3,3,1,1,5,1,1,2,4,4,4,4,4,43,5,4,4,5,3,1.6666666666666667,4.333333333333333,2.3333333333333335,4.333333333333333,3,4,2.25,1,C1R0,Physician,Physician,Not Recorded,Conf,1,108.912,4,"Dose adjustment seems excessive, only 1 low Tac level and no other recent labs",0,6,2,2,6
R_2yf1FZkBpWRLxW4,33.54460144,-86.92919922,C1R0C,1,Commercial,1,0,3,4,2,1,3,1,2,3,2,4,5,4,3,3,3,1,1,5,1,1,2,4,4,4,4,4,43,5,4,4,5,3,1.6666666666666667,4.333333333333333,2.3333333333333335,4.333333333333333,3,4,2.25,1,C1R0,Physician,Physician,Not Recorded,Conf,2,113.862,0.5,Recommendation is consistent with known effect of PI on Tac metabilism,1,0.5,1,0,0.5
R_SBLKKvMZY2RBTxv,40.7828064,-73.97450256,C0R1A,1,Academic,0,1,3,4,3,2,3,3,3,3,2,4,4,5,4,4,4,1,2,3,1,2,2,4,4,4,4,3,39,9,4,5,5,3.3333333333333335,2.6666666666666665,4.666666666666667,2.6666666666666665,4.333333333333333,4,3.8,2,1,C0R1,Physician,Physician,Not Recorded,What,1,65.008,4,roughly double the dose to double the level,0,6,2,2,6
R_SBLKKvMZY2RBTxv,40.7828064,-73.97450256,C0R1A,1,Academic,0,1,3,4,3,2,3,3,3,3,2,4,4,5,4,4,4,1,2,3,1,2,2,4,4,4,4,3,39,9,4,5,5,3.3333333333333335,2.6666666666666665,4.666666666666667,2.6666666666666665,4.333333333333333,4,3.8,2,1,C0R1,Physician,Physician,Not Recorded,What,2,136.129,0.5,"levels will be very slow to clear, so will be easier to titrate up than it will be to titrate down",1,0.5,1,0,0.5
R_3GDkcGYZOwVz6SY,40.74150085,-74.23300171,C1R1A,1,Academic,1,1,4,4,2,3,4,4,3,4,2,3,4,4,3,2,2,1,1,3,3,3,2,4,3,3,3,2,38,13,5,5,4,3.3333333333333335,3.6666666666666665,4.666666666666667,3,3.6666666666666665,2.3333333333333335,3,2.75,1,C1R1,Non-Physician,Pharmacist,Not Recorded,What + Conf,1,439.939,4,"Maternal volume of distribution/protein binding changes would likely affect the troughs and necessitate increased dosing.  However, it would be easy to follow up with the patient within a week or so of the change and adjust the dose further, as needed.  SCr stable, 2 yrs out, so likely safe temporarily, however, not safe in the long run due to increased risk of rejection in pregnancy/azathioprine.  Patient's immunological risk not mentioned either.",0,6,2,2,6
R_3GDkcGYZOwVz6SY,40.74150085,-74.23300171,C1R1A,1,Academic,1,1,4,4,2,3,4,4,3,4,2,3,4,4,3,2,2,1,1,3,3,3,2,4,3,3,3,2,38,13,5,5,4,3.3333333333333335,3.6666666666666665,4.666666666666667,3,3.6666666666666665,2.3333333333333335,3,2.75,1,C1R1,Non-Physician,Pharmacist,Not Recorded,What + Conf,2,250.185,0.5,NA,1,0.5,1,0,0.5
R_6nBPYe4QBwit53r,37.76029968,-122.4584961,Baseline,0,n/a,n/a,n/a,NA,NA,NA,NA,NA,NA,NA,NA,NA,NA,NA,NA,NA,NA,NA,1,1,3,2,3,2,4,4,4,2,2,64,23,NA,NA,NA,NA,NA,NA,NA,NA,NA,3.2,2.5,1,Base,Physician,Physician,Not Recorded,No AI,1,142.24,4,She is demonstrating a change in volume of distribution as well as placental metabolism of tacrolimus. Her dose needs to be increased and monitored closedly,0,6,2,2,6
R_6nBPYe4QBwit53r,37.76029968,-122.4584961,Baseline,0,n/a,n/a,n/a,NA,NA,NA,NA,NA,NA,NA,NA,NA,NA,NA,NA,NA,NA,NA,1,1,3,2,3,2,4,4,4,2,2,64,23,NA,NA,NA,NA,NA,NA,NA,NA,NA,3.2,2.5,1,Base,Physician,Physician,Not Recorded,No AI,2,148.832,0.5,Protease inhibitors are potent inhibitors of the cytochrome p450 system. My experience over the last 15 years in this population is driving my decision,1,0.5,1,0,0.5
R_2bJdRQ6d00SfafO,41.31860352,-72.93019867,C1R0C,1,Commercial,1,0,4,4,2,1,3,2,2,2,2,4,4,5,3,3,3,2,3,2,3,1,2,5,5,5,4,4,31,3,5,4,5,3.3333333333333335,2,4.666666666666667,2,4.333333333333333,3,4.6,2,2,C1R0,Physician,Physician,Not Recorded,Conf,1,132.466,4,Expect a linear increase in prograf levels with dose. Would not want her to be supra-therapeutic.,0,6,2,2,6
R_2bJdRQ6d00SfafO,41.31860352,-72.93019867,C1R0C,1,Commercial,1,0,4,4,2,1,3,2,2,2,2,4,4,5,3,3,3,2,3,2,3,1,2,5,5,5,4,4,31,3,5,4,5,3.3333333333333335,2,4.666666666666667,2,4.333333333333333,3,4.6,2,2,C1R0,Physician,Physician,Not Recorded,Conf,2,61.715,0.5,"Given dramatic increase in the tacrolimus level with the previous administration of PIs, I would favor dosing conservatively and following tacrolimus troughs for further  titration.",1,0.5,1,0,0.5
R_2WTJAnbQT43OdGb,40.03450012,-75.11930084,C1R0A,1,Academic,1,0,3,3,3,4,3,1,3,3,2,3,4,4,3,3,2,3,2,2,3,3,4,4,4,4,4,4,54,11,4,4,4,3,2.6666666666666665,4,2.6666666666666665,3.6666666666666665,2.6666666666666665,4,3,3,C1R0,Physician,Physician,Not Recorded,Conf,1,146.426,4,Gradual increase; check frequent trough levels,0,6,2,2,6
R_2WTJAnbQT43OdGb,40.03450012,-75.11930084,C1R0A,1,Academic,1,0,3,3,3,4,3,1,3,3,2,3,4,4,3,3,2,3,2,2,3,3,4,4,4,4,4,4,54,11,4,4,4,3,2.6666666666666665,4,2.6666666666666665,3.6666666666666665,2.6666666666666665,4,3,3,C1R0,Physician,Physician,Not Recorded,Conf,2,212.451,0.5,Seems appropriate given the drug interaction,1,0.5,1,0,0.5
R_1eLZf3tK2sPRzmK,-33.91650391,18.41549683,C1R0C,1,Commercial,1,0,2,3,3,3,3,1,2,3,1,2,4,2,2,2,1,1,1,2,3,1,2,4,4,4,4,4,48,16,5,3,3,2.6666666666666665,2.3333333333333335,3.6666666666666665,2,2.6666666666666665,1.6666666666666667,4,2,1,C1R0,Physician,Physician,Not Recorded,Conf,1,140.956,4,I would not want to go up quickly. She has no major risk for rejection and creatinine is stable. I would increase dose and check drug level in 1 week.,0,6,2,2,6
R_1eLZf3tK2sPRzmK,-33.91650391,18.41549683,C1R0C,1,Commercial,1,0,2,3,3,3,3,1,2,3,1,2,4,2,2,2,1,1,1,2,3,1,2,4,4,4,4,4,48,16,5,3,3,2.6666666666666665,2.3333333333333335,3.6666666666666665,2,2.6666666666666665,1.6666666666666667,4,2,1,C1R0,Physician,Physician,Not Recorded,Conf,2,213.691,0.5,"darunavir/r protease inhibitor will reduce cytochome P450 enzyme availability so a much lower dose is needed. I would give 0,5mg today and then do a drug level 2 days from now. My guess is he will need 0,5 mg tacro twice per week.",1,0.5,1,0,0.5
R_ULQvBOhYe03QJvr,51.50259399,-0.065994263,C0R1C,1,Commercial,0,1,4,5,1,1,5,5,4,4,2,4,4,4,3,3,3,1,2,3,5,1,3,5,4,5,4,5,50,19,5,4,3,3.3333333333333335,3.6666666666666665,4,3.3333333333333335,4,3,4.6,3,1,C0R1,Physician,Physician,Not Recorded,What,1,199.828,4,"Patinet is pregnnat and it is regocnised that an incresaed dose of tacrolimus is required at this stage in pregnnacy, howver I feel incresae to 6mg BID is too excessive in a single go and a more grdaula incresae with regular monitoring of levels is a safer option",0,6,2,2,6
R_ULQvBOhYe03QJvr,51.50259399,-0.065994263,C0R1C,1,Commercial,0,1,4,5,1,1,5,5,4,4,2,4,4,4,3,3,3,1,2,3,5,1,3,5,4,5,4,5,50,19,5,4,3,3.3333333333333335,3.6666666666666665,4,3.3333333333333335,4,3,4.6,3,1,C0R1,Physician,Physician,Not Recorded,What,2,210.45,0.5,Interaction between tacrolimus and protease inhibitors is well known and careful titration is required in each individual to determine optimal tacrolimus dose so I would give 0.5mg and monitor tacrolimus level regularly to determine frequency of dosing,1,0.5,1,0,0.5
R_sGc2WjabaXmm0NP,51.50259399,-0.065994263,C0R0A,1,Academic,0,0,1,2,4,1,2,1,2,5,2,4,3,5,3,2,2,1,3,3,3,4,3,5,4,4,3,3,40,4,5,5,5,2.3333333333333335,1.3333333333333333,5,3,4,2.3333333333333335,3.8,3.25,1,C0R0,Physician,Physician,Not Recorded,Global,1,227.01,4,It is better to increase reasonably marginally and re-review rather than overshoot the tac.,0,6,2,2,6
R_sGc2WjabaXmm0NP,51.50259399,-0.065994263,C0R0A,1,Academic,0,0,1,2,4,1,2,1,2,5,2,4,3,5,3,2,2,1,3,3,3,4,3,5,4,4,3,3,40,4,5,5,5,2.3333333333333335,1.3333333333333333,5,3,4,2.3333333333333335,3.8,3.25,1,C0R0,Physician,Physician,Not Recorded,Global,2,282.177,0.5,NA,1,0.5,1,0,0.5
R_2S2d6YLVTH3NWpw,41.38909912,2.161102295,C1R0C,1,Commercial,1,0,4,5,3,3,5,3,4,4,3,4,4,4,3,3,3,3,3,4,2,3,3,4,4,4,4,4,56,30,4,4,4,4,3.6666666666666665,4,3.6666666666666665,4,3,4,3,3,C1R0,Physician,Physician,Not Recorded,Conf,1,119.882,4,With 2.4 she has a high risk of rejection. Pregnancy is very well known as a factor for increasing the  tacrolimus dose,0,6,2,2,6
R_2S2d6YLVTH3NWpw,41.38909912,2.161102295,C1R0C,1,Commercial,1,0,4,5,3,3,5,3,4,4,3,4,4,4,3,3,3,3,3,4,2,3,3,4,4,4,4,4,56,30,4,4,4,4,3.6666666666666665,4,3.6666666666666665,4,3,4,3,3,C1R0,Physician,Physician,Not Recorded,Conf,2,125.266,0.5,NA,1,0.5,1,0,0.5
R_3qVYG0J0JjpUQ89,37.98420715,23.73530579,C1R1C,1,Commercial,1,1,5,5,5,4,5,3,4,4,3,4,3,4,3,3,3,3,1,2,4,3,1,5,5,5,5,5,43,8,5,4,5,5,4,4.666666666666667,3.6666666666666665,3.6666666666666665,3,5,2.5,3,C1R1,Physician,Physician,Not Recorded,What + Conf,1,358.15,4,"Repeat tacrolimus level , add prezolon 5 mg",0,6,2,2,6
R_3qVYG0J0JjpUQ89,37.98420715,23.73530579,C1R1C,1,Commercial,1,1,5,5,5,4,5,3,4,4,3,4,3,4,3,3,3,3,1,2,4,3,1,5,5,5,5,5,43,8,5,4,5,5,4,4.666666666666667,3.6666666666666665,3.6666666666666665,3,5,2.5,3,C1R1,Physician,Physician,Not Recorded,What + Conf,2,1969.758,0.5,Repeat FK levels in two days,1,0.5,1,0,0.5
R_3kGucVLXmtQgRKm,52.23510742,21.00050354,C0R0C,1,Commercial,0,0,4,5,3,1,2,5,3,3,3,4,4,2,4,4,4,3,3,4,4,1,2,3,3,4,4,4,39,14,5,4,4,4,2.6666666666666665,4.333333333333333,3,3.3333333333333335,4,3.6,2.75,3,C0R0,Physician,Physician,Not Recorded,Global,1,707.002,4,On this dose (2 mg BID) the patient had Tac level 5.3 and 5.6. And it was decided to maintain a tacrolimus trough level in the range of 5-6 ng/mL. Now the patient has the level 2.4. I would double the dose and check the Tac trough level few times in the next weeks.,0,6,2,2,6
R_3kGucVLXmtQgRKm,52.23510742,21.00050354,C0R0C,1,Commercial,0,0,4,5,3,1,2,5,3,3,3,4,4,2,4,4,4,3,3,4,4,1,2,3,3,4,4,4,39,14,5,4,4,4,2.6666666666666665,4.333333333333333,3,3.3333333333333335,4,3.6,2.75,3,C0R0,Physician,Physician,Not Recorded,Global,2,897.487,0.5,Recommendation and history of Tac level during Darunavir treatment.,1,0.5,1,0,0.5
R_3qOkaHrpb8uc2zC,37.74699402,-122.4389038,C0R0A,1,Academic,0,0,3,3,2,1,2,1,4,3,2,4,5,4,4,2,2,2,3,3,2,2,2,4,4,3,4,4,28,0,5,3,4,2.6666666666666665,1.3333333333333333,4,3,4.333333333333333,2.6666666666666665,3.8,2.25,2,C0R0,Physician,Physician,Not Recorded,Global,1,341.829,4,"I would explore whether there are compliance issues. Assuming that she has continued to take her medication as prescribed, I would increase dosing slowly and monitor levels to avoid toxic effects. I would be hesitant to trust AI recommendations unless I knew more about how they were generated.",0,6,2,2,6
R_3qOkaHrpb8uc2zC,37.74699402,-122.4389038,C0R0A,1,Academic,0,0,3,3,2,1,2,1,4,3,2,4,5,4,4,2,2,2,3,3,2,2,2,4,4,3,4,4,28,0,5,3,4,2.6666666666666665,1.3333333333333333,4,3,4.333333333333333,2.6666666666666665,3.8,2.25,2,C0R0,Physician,Physician,Not Recorded,Global,2,259.576,0.5,I would give the lowest possible dose and monitor concentrations daily until a stable level is achieved,1,0.5,1,0,0.5
R_2SrE9qpspBNYVaj,44.96820068,-93.24289703,C0R0C,1,Commercial,0,0,1,2,1,2,1,1,2,2,2,3,3,5,3,2,3,3,3,5,5,1,1,3,4,2,4,5,32,1,3,2,5,1.3333333333333333,1.3333333333333333,3.3333333333333335,2,3.6666666666666665,2.6666666666666665,3.6,3,3,C0R0,Non-Physician,Pharmacist,Not Recorded,Global,1,627.487,4,"Increasing to 6mg BID seems a bit aggressive, tripling the dose. Increase dose more slowly, follow up with labs in 3 days.",0,6,2,2,6
R_2SrE9qpspBNYVaj,44.96820068,-93.24289703,C0R0C,1,Commercial,0,0,1,2,1,2,1,1,2,2,2,3,3,5,3,2,3,3,3,5,5,1,1,3,4,2,4,5,32,1,3,2,5,1.3333333333333333,1.3333333333333333,3.3333333333333335,2,3.6666666666666665,2.6666666666666665,3.6,3,3,C0R0,Non-Physician,Pharmacist,Not Recorded,Global,2,248.674,0.5,"Follow up in 3 days. AI did not include its confidence level in this question. When patient had a spike of 100, he was also taking larger doses of Tacrolimus.",1,0.5,1,0,0.5
R_C15QO6A9aovJBpT,33.1493988,-96.82800293,C0R1A,1,Academic,0,1,4,4,3,2,4,2,4,3,3,4,4,4,4,3,3,1,2,3,3,3,2,4,4,3,4,4,45,15,4,4,4,3.6666666666666665,2.6666666666666665,4,3.3333333333333335,4,3.3333333333333335,3.8,2.75,1,C0R1,Non-Physician,Pharmacist,Not Recorded,What,1,185.494,4,cautiously increase - while her Vd may continue to increase and she may need more tac - my approach is to start slow and go slow,0,6,2,2,6
R_C15QO6A9aovJBpT,33.1493988,-96.82800293,C0R1A,1,Academic,0,1,4,4,3,2,4,2,4,3,3,4,4,4,4,3,3,1,2,3,3,3,2,4,4,3,4,4,45,15,4,4,4,3.6666666666666665,2.6666666666666665,4,3.3333333333333335,4,3.3333333333333335,3.8,2.75,1,C0R1,Non-Physician,Pharmacist,Not Recorded,What,2,177.076,0.5,"no experience with this new regimen, trough already higher than 7 on 1 mg po bid with intro of new regimen patient will need less obviously",1,0.5,1,0,0.5
R_1dafnS48CsJqgiH,41.8782959,-87.69069672,C1R0A,1,Academic,1,0,2,3,1,1,2,3,2,3,3,4,3,4,2,3,2,2,2,3,3,2,2,4,4,4,4,4,31,5,5,4,4,2,2,4.333333333333333,2.6666666666666665,3.6666666666666665,2.3333333333333335,4,2.5,2,C1R0,Non-Physician,Pharmacist,Not Recorded,Conf,1,135.301,4,She's been stable on 2mg BID but now as she's become pregnant her levels may have decreased. Plan to double the dose to 4mg BID to approximately double her current level to get her ~5ng/mL.,0,6,2,2,6
R_1dafnS48CsJqgiH,41.8782959,-87.69069672,C1R0A,1,Academic,1,0,2,3,1,1,2,3,2,3,3,4,3,4,2,3,2,2,2,3,3,2,2,4,4,4,4,4,31,5,5,4,4,2,2,4.333333333333333,2.6666666666666665,3.6666666666666665,2.3333333333333335,4,2.5,2,C1R0,Non-Physician,Pharmacist,Not Recorded,Conf,2,223.712,0.5,"I would likely start with 0.5mg x 1 dose, and then get three times weekly levels after that and redose according. I know that he will likely require < 0.5mg daily but unsure on the frequency since tacro wasn't appropriately adjusted last time ritonavir was initiated. Plus based on previous experience, I know that the frequency will be somewhere around weekly-twice weekly when patients are on concomitant ritonavir.",1,0.5,1,0,0.5
R_Zlg5ii4maCCt3S9,44.94270325,-93.28710175,C0R0C,1,Commercial,0,0,3,5,3,2,5,3,3,3,3,3,5,4,3,3,3,1,2,3,3,3,3,3,3,3,4,4,39,8,2,4,2,3.6666666666666665,3.3333333333333335,2.6666666666666665,3,4,3,3.4,3,1,C0R0,Physician,Physician,Not Recorded,Global,1,195.249,4,"It’s nice that it provides you with help, but I probably would increase slower and recheck a level.",0,6,2,2,6
R_Zlg5ii4maCCt3S9,44.94270325,-93.28710175,C0R0C,1,Commercial,0,0,3,5,3,2,5,3,3,3,3,3,5,4,3,3,3,1,2,3,3,3,3,3,3,3,4,4,39,8,2,4,2,3.6666666666666665,3.3333333333333335,2.6666666666666665,3,4,3,3.4,3,1,C0R0,Physician,Physician,Not Recorded,Global,2,139.48,0.5,I would be willing to use the recommendations,1,0.5,1,0,0.5
R_2cjvHDeyoy0hEte,40.08180237,-82.96649933,C1R0A,1,Academic,1,0,4,4,1,1,4,1,3,3,2,3,5,4,2,2,2,1,1,4,3,1,2,4,5,4,4,4,30,3,5,5,5,3,2,5,2.6666666666666665,4,2,4.2,2.5,1,C1R0,Non-Physician,Pharmacist,Not Recorded,Conf,1,109.254,4,"tacrolimus level, scr, pregnancy changes",0,6,2,2,6
R_2cjvHDeyoy0hEte,40.08180237,-82.96649933,C1R0A,1,Academic,1,0,4,4,1,1,4,1,3,3,2,3,5,4,2,2,2,1,1,4,3,1,2,4,5,4,4,4,30,3,5,5,5,3,2,5,2.6666666666666665,4,2,4.2,2.5,1,C1R0,Non-Physician,Pharmacist,Not Recorded,Conf,2,149.668,0.5,previous increase in level by >10x,1,0.5,1,0,0.5
R_31N44NmkJ7FNZvr,41.90170288,-87.65630341,C0R1A,1,Academic,0,1,2,4,1,1,2,2,2,2,2,2,3,3,3,2,2,1,1,3,1,3,3,4,4,3,3,3,30,4,2,4,4,2.3333333333333335,1.6666666666666667,3.3333333333333335,2,2.6666666666666665,2.3333333333333335,3.4,2.5,1,C0R1,Non-Physician,Pharmacist,Not Recorded,What,1,164.22,4,"Anticipate change in volume of distribution given pregnancy. Given that 30 weeks into pregnancy anticipate Vd to continue to increase, thus potentially contributing to lower concentrations. Increasing dose based on estimation of trough closer to 5 when dose doubled. Assuming taking med appropriately per scenario",0,6,2,2,6
R_31N44NmkJ7FNZvr,41.90170288,-87.65630341,C0R1A,1,Academic,0,1,2,4,1,1,2,2,2,2,2,2,3,3,3,2,2,1,1,3,1,3,3,4,4,3,3,3,30,4,2,4,4,2.3333333333333335,1.6666666666666667,3.3333333333333335,2,2.6666666666666665,2.3333333333333335,3.4,2.5,1,C0R1,Non-Physician,Pharmacist,Not Recorded,What,2,221.444,0.5,Would need to know dose of tacrolimus patient on when HIV med introduced earlier leading to significantly elevated tacrolimus levels.,1,0.5,1,0,0.5
R_24Nl1MR26jjIyXm,41.85020447,-87.67359924,C1R1A,1,Academic,1,1,5,5,3,4,5,2,4,3,2,1,4,4,3,3,3,2,1,4,4,2,2,3,3,3,3,4,41,12,2,4,4,4.333333333333333,3.6666666666666665,3.3333333333333335,3,3,3,3.2,3,2,C1R1,Non-Physician,Pharmacist,Not Recorded,What + Conf,1,226.89,4,Anticipate FK levels to drop during pregnancy requiring near doubling of original dose. Will proceed cautiously as pt stable and repeat level in 3-5 days. Additional info like serum K and SCr as well.,0,6,2,2,6
R_24Nl1MR26jjIyXm,41.85020447,-87.67359924,C1R1A,1,Academic,1,1,5,5,3,4,5,2,4,3,2,1,4,4,3,3,3,2,1,4,4,2,2,3,3,3,3,4,41,12,2,4,4,4.333333333333333,3.6666666666666665,3.3333333333333335,3,3,3,3.2,3,2,C1R1,Non-Physician,Pharmacist,Not Recorded,What + Conf,2,109.235,0.5,NA,1,0.5,1,0,0.5
R_1mlKzULQFsgQLTt,39.14320374,-84.521698,C0R1A,1,Academic,0,1,2,2,1,1,1,1,2,4,2,3,4,5,3,2,2,2,2,3,4,1,2,4,4,4,4,4,35,7,3,4,5,1.6666666666666667,1,4,2.6666666666666665,4,2.3333333333333335,4,2.5,2,C0R1,Non-Physician,Pharmacist,Not Recorded,What,1,211.279,4,I tend to treat tacrolimus as linear so if I want the level to be 5 (or double the current level) then I would double the dose.  I don't think anyone in transplant would make that big of a dose adjustment - doubling the dose as I've recommended is even likely to make some providers uncomfortable.  I think 4 mg may still not be enough but I would like to see what happens with the levels before going higher.,0,6,2,2,6
R_1mlKzULQFsgQLTt,39.14320374,-84.521698,C0R1A,1,Academic,0,1,2,2,1,1,1,1,2,4,2,3,4,5,3,2,2,2,2,3,4,1,2,4,4,4,4,4,35,7,3,4,5,1.6666666666666667,1,4,2.6666666666666665,4,2.3333333333333335,4,2.5,2,C0R1,Non-Physician,Pharmacist,Not Recorded,What,2,406.54,0.5,It looks like the daily dose with the level became 100 was around 6 mg/day.  I agree with giving the smallest size capsules and then following levels starting at 3 days to gauge how long it takes to clear. A week may be what it takes but again I think this would be difficult to go that long without confirming.,1,0.5,1,0,0.5
R_1l0iJf7oJFvjx85,33.8513031,-84.28700256,C0R0A,1,Academic,0,0,3,4,3,3,4,4,3,3,3,3,3,4,3,3,3,2,2,3,3,3,3,4,4,4,4,4,40,15,4,4,4,3.3333333333333335,3.6666666666666665,4,3,3.3333333333333335,3,4,3,2,C0R0,Non-Physician,Pharmacist,Not Recorded,Global,1,90.058,4,"If I want double the level, and dose is at steady-state, I double the dose",0,6,2,2,6
R_1l0iJf7oJFvjx85,33.8513031,-84.28700256,C0R0A,1,Academic,0,0,3,4,3,3,4,4,3,3,3,3,3,4,3,3,3,2,2,3,3,3,3,4,4,4,4,4,40,15,4,4,4,3.3333333333333335,3.6666666666666665,4,3,3.3333333333333335,3,4,3,2,C0R0,Non-Physician,Pharmacist,Not Recorded,Global,2,94.388,0.5,Typically the dosing when starting on a strong CYP3A4 protease inhibitor is to drop down to weekly dosing 0.5 to 1mg,1,0.5,1,0,0.5
R_3fcwVu3hA7vzyOU,39.29570007,-76.62889862,C0R0C,1,Commercial,0,0,3,3,3,2,4,1,3,3,2,3,3,5,2,2,2,1,2,3,3,3,2,4,3,4,4,3,29,4,5,4,3,3,2.3333333333333335,4,2.6666666666666665,3.6666666666666665,2,3.6,2.75,1,C0R0,Non-Physician,Pharmacist,Not Recorded,Global,1,412.366,4,"CYP3A4 expression increases throughout pregnancy, necessitating dose increases of tacrolimus to maintain therapeutic levels. Dose increases of 30-50% have been reported in the literature. The system's recommendation to increase to 6 mg BID is more aggressive than typical practice.",0,6,2,2,6
R_3fcwVu3hA7vzyOU,39.29570007,-76.62889862,C0R0C,1,Commercial,0,0,3,3,3,2,4,1,3,3,2,3,3,5,2,2,2,1,2,3,3,3,2,4,3,4,4,3,29,4,5,4,3,3,2.3333333333333335,4,2.6666666666666665,3.6666666666666665,2,3.6,2.75,1,C0R0,Non-Physician,Pharmacist,Not Recorded,Global,2,249.681,0.5,"Boosted protease inhibitors are potent CYP3A4 inhibitors and typical BID dosing must be decreased to once every 7-10 days to maintain therapeutic troughs.

Why is the system recommending a tacrolimus trough goal of 8-10 when the team's goal is 6-7?",1,0.5,1,0,0.5
R_31ooIphkKYb57jK,33.79519653,-84.32479858,C0R1C,1,Commercial,0,1,4,4,3,4,4,3,3,3,3,3,4,4,2,3,3,1,1,5,3,2,1,3,4,4,4,4,42,12,2,4,2,3.6666666666666665,3.6666666666666665,2.6666666666666665,3,3.6666666666666665,2.6666666666666665,3.8,2.75,1,C0R1,Non-Physician,Pharmacist,Not Recorded,What,1,164.914,4,"Single subtherapeutic trough, linear kinetics.  Tripling a patients tac dose is rarely done, even in the setting of increased Vd.  I would be hesitant to make such an aggressive increase, and instead would make a smaller increase and obtain a repeat trough.",0,6,2,2,6
R_31ooIphkKYb57jK,33.79519653,-84.32479858,C0R1C,1,Commercial,0,1,4,4,3,4,4,3,3,3,3,3,4,4,2,3,3,1,1,5,3,2,1,3,4,4,4,4,42,12,2,4,2,3.6666666666666665,3.6666666666666665,2.6666666666666665,3,3.6666666666666665,2.6666666666666665,3.8,2.75,1,C0R1,Non-Physician,Pharmacist,Not Recorded,What,2,152.926,0.5,NA,1,0.5,1,0,0.5
R_UbH5SFvTgn2lh8l,33.80189514,-84.38610077,C1R0C,1,Commercial,1,0,3,4,2,3,4,3,4,4,2,4,4,4,3,3,3,1,1,3,3,2,2,4,4,4,4,4,32,7,3,4,2,3,3.3333333333333335,3,3.3333333333333335,4,3,4,2.5,1,C1R0,Non-Physician,Pharmacist,Not Recorded,Conf,1,122.802,4,"I typically make adjustments of 1-2mg per dose of tacrolimus at a time. Because her level is a considerable amount below the goal range and her creatinine is at baseline, I would increase by 2 mg per dose (i.e. increase 2 mg BID to 4 mg BID).",0,6,2,2,6
R_UbH5SFvTgn2lh8l,33.80189514,-84.38610077,C1R0C,1,Commercial,1,0,3,4,2,3,4,3,4,4,2,4,4,4,3,3,3,1,1,3,3,2,2,4,4,4,4,4,32,7,3,4,2,3,3.3333333333333335,3,3.3333333333333335,4,3,4,2.5,1,C1R0,Non-Physician,Pharmacist,Not Recorded,Conf,2,142.494,0.5,"Because his tacrolimus level was extremely supratherapeutic with previous concomitant darunavir, I would decrease to once- or twice-weekly dosing of 0.5 mg. The high confidence of the AI recommendation to decrease to 0.5 mg once weekly reinforced my instincts.",1,0.5,1,0,0.5
R_TdOYhOeWzZKKJtn,44.96090698,-93.2641983,C0R1A,1,Academic,0,1,4,5,3,3,5,4,3,4,3,3,4,5,3,3,3,1,1,3,3,3,3,3,3,4,4,4,38,5,5,4,5,4,4,4.666666666666667,3.3333333333333335,4,3,3.6,3,1,C0R1,Physician,Physician,Not Recorded,What,1,106.301,4,"pregnant with increased volume of distribution + potential increase in liver clearance, would rather overshoot than under.",0,6,2,2,6
R_TdOYhOeWzZKKJtn,44.96090698,-93.2641983,C0R1A,1,Academic,0,1,4,5,3,3,5,4,3,4,3,3,4,5,3,3,3,1,1,3,3,3,3,3,3,4,4,4,38,5,5,4,5,4,4,4.666666666666667,3.3333333333333335,4,3,3.6,3,1,C0R1,Physician,Physician,Not Recorded,What,2,211.61,1,"1 mg bid x 7 days = 14 mg / week. prior darunavir increased to 104 with desired trough of 10, as such, would need about 1 /10th exposure which would be 1.4 mg / week. 1 mg / week seems closest.",1,0.5,1,0.5,0.5
R_3PuJbzlqGdmYrDu,38.91700745,-119.986496,C0R0A,1,Academic,0,0,4,5,3,4,5,3,2,3,1,4,4,5,2,2,2,2,1,5,4,1,1,4,3,3,4,3,55,27,4,5,5,4,4,4.666666666666667,2,4.333333333333333,2,3.4,2.75,2,C0R0,Physician,Physician,Not Recorded,Global,1,203.374,4,Clinical judgement,0,6,2,2,6
R_3PuJbzlqGdmYrDu,38.91700745,-119.986496,C0R0A,1,Academic,0,0,4,5,3,4,5,3,2,3,1,4,4,5,2,2,2,2,1,5,4,1,1,4,3,3,4,3,55,27,4,5,5,4,4,4.666666666666667,2,4.333333333333333,2,3.4,2.75,2,C0R0,Physician,Physician,Not Recorded,Global,2,226.889,1,Past history and current dose,0,0.5,1,0.5,0.5
R_1jZWt3BzsCOD8Sp,32.96609497,-117.1202011,C0R1A,1,Academic,0,1,4,3,2,2,3,3,2,2,2,3,4,4,2,2,2,3,3,4,3,1,3,5,4,4,5,4,40,7,3,4,5,3,2.6666666666666665,4,2,3.6666666666666665,2,4.4,2.75,3,C0R1,Physician,Physician,Not Recorded,What,1,307.624,4,"CYPA activity increases mid transplant 
Free unbound tac levels increase mid transplant 
Would prefer escalating dose up and not overshooting 

",0,6,2,2,6
R_1jZWt3BzsCOD8Sp,32.96609497,-117.1202011,C0R1A,1,Academic,0,1,4,3,2,2,3,3,2,2,2,3,4,4,2,2,2,3,3,4,3,1,3,5,4,4,5,4,40,7,3,4,5,3,2.6666666666666665,4,2,3.6666666666666665,2,4.4,2.75,3,C0R1,Physician,Physician,Not Recorded,What,2,128.378,1,"Previous response but also the understanding that an exactly similar response may not happen again.
",1,0.5,1,0.5,0.5
R_3sdcR1ES8yGccy5,42.32679749,-71.13410187,C1R0A,1,Academic,1,0,4,4,2,4,4,4,4,4,3,4,4,4,3,3,3,2,1,4,2,2,2,3,3,4,4,3,34,3,4,5,4,3.3333333333333335,4,4.333333333333333,3.6666666666666665,4,3,3.4,2.5,2,C1R0,Physician,Physician,Not Recorded,Conf,1,162.04,4,"whether the level was a trough, whether the patient missed any doses, how urgent you feel is to achieve a goal tacro level",0,6,2,2,6
R_3sdcR1ES8yGccy5,42.32679749,-71.13410187,C1R0A,1,Academic,1,0,4,4,2,4,4,4,4,4,3,4,4,4,3,3,3,2,1,4,2,2,2,3,3,4,4,3,34,3,4,5,4,3.3333333333333335,4,4.333333333333333,3.6666666666666665,4,3,3.4,2.5,2,C1R0,Physician,Physician,Not Recorded,Conf,2,185.556,1,previous very very high level on tacro when same dose PI was started,1,0.5,1,0.5,0.5
R_1P77t4t68eBY4iQ,52.58529663,-1.98399353,C0R1A,1,Academic,0,1,5,5,4,2,2,2,3,4,2,1,5,4,4,3,3,1,2,3,3,3,2,4,4,3,4,5,49,23,4,5,5,4.666666666666667,2,4.666666666666667,3,3.3333333333333335,3.3333333333333335,4,2.75,1,C0R1,Physician,Physician,Not Recorded,What,1,188.24,4,needs increasing but AI recommendation may be too much Can go in stages,0,6,2,2,6
R_1P77t4t68eBY4iQ,52.58529663,-1.98399353,C0R1A,1,Academic,0,1,5,5,4,2,2,2,3,4,2,1,5,4,4,3,3,1,2,3,3,3,2,4,4,3,4,5,49,23,4,5,5,4.666666666666667,2,4.666666666666667,3,3.3333333333333335,3.3333333333333335,4,2.75,1,C0R1,Physician,Physician,Not Recorded,What,2,265.839,1,needs dose reduction. Level not peaked as high as last time and AI suggestion may be a little extreme. Would rather have temporarily high rather than low levels,1,0.5,1,0.5,0.5
R_3EJRlbrFMxPMo1t,38.74809265,-77.23829651,C1R0A,1,Academic,1,0,3,2,1,3,5,4,4,3,3,4,4,2,3,3,2,1,1,3,1,2,2,4,4,3,4,3,42,9,5,5,5,2,4,5,3.3333333333333335,3.3333333333333335,2.6666666666666665,3.6,2,1,C1R0,Physician,Physician,Not Recorded,Conf,1,112.699,4,Changed volume of distribution increases rejection risk. Would also add Pred 5 until 3 months post delivery,0,6,2,2,6
R_3EJRlbrFMxPMo1t,38.74809265,-77.23829651,C1R0A,1,Academic,1,0,3,2,1,3,5,4,4,3,3,4,4,2,3,3,2,1,1,3,1,2,2,4,4,3,4,3,42,9,5,5,5,2,4,5,3.3333333333333335,3.3333333333333335,2.6666666666666665,3.6,2,1,C1R0,Physician,Physician,Not Recorded,Conf,2,113,1,Weekly or twice a week tac levels. Would discuss with my awesome pharmacist honestly who really calculate levels and duration and doses.,1,0.5,1,0.5,0.5
R_2QJnEladXsy5cY9,39.63270569,-75.69979858,C0R1C,1,Commercial,0,1,2,4,1,1,5,3,4,3,2,2,3,3,2,2,2,1,1,4,4,1,1,5,5,3,4,5,64,30,5,4,3,2.3333333333333335,3,4,3,2.6666666666666665,2,4.4,2.5,1,C0R1,Physician,Physician,Not Recorded,What,1,199.468,4,"Since her level had drifted down likely due to increase intravascular volume, I would predict that  6 mgs BID would be too much, and would therefore go with  4 mgs so as not to exceed therapeutic goal by more than 2.",0,6,2,2,6
R_2QJnEladXsy5cY9,39.63270569,-75.69979858,C0R1C,1,Commercial,0,1,2,4,1,1,5,3,4,3,2,2,3,3,2,2,2,1,1,4,4,1,1,5,5,3,4,5,64,30,5,4,3,2.3333333333333335,3,4,3,2.6666666666666665,2,4.4,2.5,1,C0R1,Physician,Physician,Not Recorded,What,2,299.258,1,I would want to measure the effects of the adding the antiviral agent. Close monitoring of  levels 2 times per week would allow for tailoring to appropriate dose.  The dose can always be decreased if level is too high.,1,0.5,1,0.5,0.5
R_12JyOsCXrztOKgs,29.69590759,-82.40419769,C0R1C,1,Commercial,0,1,2,3,3,1,4,1,2,3,2,3,3,3,3,3,2,2,3,4,3,2,2,4,3,3,3,4,34,1,3,4,2,2.6666666666666665,2,3,2.3333333333333335,3,2.6666666666666665,3.4,2.75,2,C0R1,Physician,Physician,Not Recorded,What,1,96.266,4,NA,0,6,2,2,6
R_12JyOsCXrztOKgs,29.69590759,-82.40419769,C0R1C,1,Commercial,0,1,2,3,3,1,4,1,2,3,2,3,3,3,3,3,2,2,3,4,3,2,2,4,3,3,3,4,34,1,3,4,2,2.6666666666666665,2,3,2.3333333333333335,3,2.6666666666666665,3.4,2.75,2,C0R1,Physician,Physician,Not Recorded,What,2,97.092,1,NA,1,0.5,1,0.5,0.5
R_xxBS7KEg4re3jUt,42.7684021,-78.88710022,C1R1C,1,Commercial,1,1,3,4,3,4,4,5,3,4,3,3,4,4,4,4,3,3,3,4,3,1,2,3,4,4,4,4,32,8,4,4,3,3.3333333333333335,4.333333333333333,3.6666666666666665,3.3333333333333335,3.6666666666666665,3.6666666666666665,3.8,2.5,3,C1R1,Non-Physician,Pharmacist,Not Recorded,What + Conf,1,149.034,4,"Pregnancy increases tac metabolism
Current trough of 2.4 on 4mg/day-would not triple dose to 12mg/day per AI recommendation for fear of over exposure
Renal function stable on current regimen, >1yr post transplant so day-to-day risk of acute rejection is low
Would double the dose and plan TDM within 1 week to re-evaluate",0,6,2,2,6
R_xxBS7KEg4re3jUt,42.7684021,-78.88710022,C1R1C,1,Commercial,1,1,3,4,3,4,4,5,3,4,3,3,4,4,4,4,3,3,3,4,3,1,2,3,4,4,4,4,32,8,4,4,3,3.3333333333333335,4.333333333333333,3.6666666666666665,3.3333333333333335,3.6666666666666665,3.6666666666666665,3.8,2.5,3,C1R1,Non-Physician,Pharmacist,Not Recorded,What + Conf,2,121.533,1,NA,1,0.5,1,0.5,0.5
R_1JPy6lkdFtsYu4K,33.97790527,-118.4524994,C0R1A,1,Academic,0,1,4,5,3,4,5,2,4,4,3,4,4,4,2,3,4,2,2,5,5,2,2,4,4,4,4,5,35,4,5,4,4,4,3.6666666666666665,4.333333333333333,3.6666666666666665,4,3,4.2,3.5,2,C0R1,Physician,Physician,Not Recorded,What,1,98.707,4,Tacrolimus levels tend to run lower in pregnancy which often requires a substantial dose increase to maintain target trough level.,0,6,2,2,6
R_1JPy6lkdFtsYu4K,33.97790527,-118.4524994,C0R1A,1,Academic,0,1,4,5,3,4,5,2,4,4,3,4,4,4,2,3,4,2,2,5,5,2,2,4,4,4,4,5,35,4,5,4,4,4,3.6666666666666665,4.333333333333333,3.6666666666666665,4,3,4.2,3.5,2,C0R1,Physician,Physician,Not Recorded,What,2,200.64,1,"Given known interaction with protease inhibitor and prior response he would require a substantial dose reduction. Would lower to 0.5 mg every other day with close level monitoring. May end up needing 0.5 mg weekly as recommended by AI, however may take time for full effect of interaction to kick in.",1,0.5,1,0.5,0.5
R_1Cgadd1cLlwzywR,35.58909607,-77.34500122,C1R1C,1,Commercial,1,1,4,5,4,4,5,3,4,4,3,5,5,5,3,3,3,1,1,3,3,3,3,4,4,4,2,5,39,12,5,4,3,4.333333333333333,4,4,3.6666666666666665,5,3,3.8,3,1,C1R1,Non-Physician,Pharmacist,Not Recorded,What + Conf,1,414.302,4,"Assuming she is stable on her previous dose of 2 mg PO BID and achieving targeted troughs, a jump to 10 mg PO BID is substantial.  The low trough is beyond any potential (although unlikely) DDI with the antiproliferative change and more likely related to GI changes, food intake, increased metabolism, etc.  Since the decrease in trough is caught early, her window for subtherapeutic levels and risk of de novo DSA, rejection, etc is low, so there is a bit of time to titrate the TAC vs risking a TAC overdose and compromise renal flow to a system that is already taxed by pregnancy.  The reasoning is OK, I would add something about time or temporal relationships or cPRA/HLA mismatches into the calculator to influence how aggressive the TAC titration should be",0,6,2,2,6
R_1Cgadd1cLlwzywR,35.58909607,-77.34500122,C1R1C,1,Commercial,1,1,4,5,4,4,5,3,4,4,3,5,5,5,3,3,3,1,1,3,3,3,3,4,4,4,2,5,39,12,5,4,3,4.333333333333333,4,4,3.6666666666666665,5,3,3.8,3,1,C1R1,Non-Physician,Pharmacist,Not Recorded,What + Conf,2,364.694,1,"I would agree with the AI for the dose decrease.  He was achieving levels on the higher side of the goal on just 1 mg PO BID and with the significant DDI, 1 mg once a week sounds like a reasonable place to start given we have the freedom to order troughs as often as we would like.  I would get a trough 2 days later and see where it is",1,0.5,1,0.5,0.5
R_RPulEI1fdnjOyKR,42.41879272,-71.15570068,C0R0A,1,Academic,0,0,2,3,2,2,4,2,2,2,2,2,2,4,2,2,2,1,1,4,3,3,3,5,5,5,4,4,40,10,5,4,5,2.3333333333333335,2.6666666666666665,4.666666666666667,2,2.6666666666666665,2,4.6,3.25,1,C0R0,Physician,Physician,Not Recorded,Global,1,73.117,4,Kinetics though still could dilutional from pregnancy,0,6,2,2,6
R_RPulEI1fdnjOyKR,42.41879272,-71.15570068,C0R0A,1,Academic,0,0,2,3,2,2,4,2,2,2,2,2,2,4,2,2,2,1,1,4,3,3,3,5,5,5,4,4,40,10,5,4,5,2.3333333333333335,2.6666666666666665,4.666666666666667,2,2.6666666666666665,2,4.6,3.25,1,C0R0,Physician,Physician,Not Recorded,Global,2,119.964,2,PI increase levels by lowering metabolism via CYP 3A4 enzyme inhibition,0,0.5,1,1.5,0.5
R_1Qu6oyuTyZkASJC,35.72740173,-77.92279816,C0R1C,1,Commercial,0,1,3,4,4,3,4,2,4,4,2,3,5,5,2,3,3,2,2,2,3,2,2,4,4,4,3,4,28,2,4,4,4,3.6666666666666665,3,4,3.3333333333333335,4.333333333333333,2.6666666666666665,3.8,2.25,2,C0R1,Non-Physician,NA,Not Recorded,What,1,230.215,4,"Given the patient’s low trough level, we definitely need to increase the dose. Previously a month into the AZA change, patient’s level was 5.5, which was therapeutic. I would be reluctant to triple her dose right away with the concern of nephrotoxicity with overshooting, so I would likely begin with a doubling of her dose to 4mg BID and recheck a level in a few days.",0,6,2,2,6
R_1Qu6oyuTyZkASJC,35.72740173,-77.92279816,C0R1C,1,Commercial,0,1,3,4,4,3,4,2,4,4,2,3,5,5,2,3,3,2,2,2,3,2,2,4,4,4,3,4,28,2,4,4,4,3.6666666666666665,3,4,3.3333333333333335,4.333333333333333,2.6666666666666665,3.8,2.25,2,C0R1,Non-Physician,NA,Not Recorded,What,2,198.902,2,NA,0,0.5,1,1.5,0.5
R_1hKKYCEga2IXoS2,39.16679382,-84.53820038,C1R0A,1,Academic,1,0,1,2,1,4,5,1,2,2,2,4,4,4,2,2,2,1,1,3,5,2,1,4,4,4,4,5,44,11,5,5,5,1.3333333333333333,3.3333333333333335,5,2,4,2,4.2,2.75,1,C1R0,Physician,Physician,Not Recorded,Conf,1,103.207,4,only one low value,0,6,2,2,6
R_1hKKYCEga2IXoS2,39.16679382,-84.53820038,C1R0A,1,Academic,1,0,1,2,1,4,5,1,2,2,2,4,4,4,2,2,2,1,1,3,5,2,1,4,4,4,4,5,44,11,5,5,5,1.3333333333333333,3.3333333333333335,5,2,4,2,4.2,2.75,1,C1R0,Physician,Physician,Not Recorded,Conf,2,192.845,4,need to decrease because of new med,0,0.5,1,3.5,0.5
R_1dbrQLgJ1uwa6wT,35.76939392,-79.17549896,C1R1A,1,Academic,1,1,3,3,2,2,4,2,3,3,2,3,4,3,3,3,3,2,3,3,2,3,3,3,3,3,4,3,45,3,5,4,4,2.6666666666666665,2.6666666666666665,4.333333333333333,2.6666666666666665,3.3333333333333335,3,3.2,2.75,2,C1R1,Non-Physician,Nurse,Not Recorded,What + Conf,1,188.926,4,Too big a jump in immunosuppression could result in her opening herself up to infection while pregnant. Better to take a slower approach.,0,6,2,2,6
R_1dbrQLgJ1uwa6wT,35.76939392,-79.17549896,C1R1A,1,Academic,1,1,3,3,2,2,4,2,3,3,2,3,4,3,3,3,3,2,3,3,2,3,3,3,3,3,4,3,45,3,5,4,4,2.6666666666666665,2.6666666666666665,4.333333333333333,2.6666666666666665,3.3333333333333335,3,3.2,2.75,2,C1R1,Non-Physician,Nurse,Not Recorded,What + Conf,2,257.201,4,"Patient is already at a low-dose of Tacrolimus. Because it is a 12 hour drug, he needs to take it be ID in order for it to maintain efficacy. Therefore lowering it to 0.5 mg BID is appropriate for now",0,0.5,1,3.5,0.5
R_3MtG0wI1Jpnp83S,45.49949646,-73.58480072,C0R0A,1,Academic,0,0,2,3,2,1,2,1,2,3,2,4,4,4,3,2,2,1,2,4,2,3,2,4,4,4,4,5,51,21,4,5,5,2.3333333333333335,1.3333333333333333,4.666666666666667,2.3333333333333335,4,2.3333333333333335,4.2,2.75,1,C0R0,Physician,Physician,Not Recorded,Global,1,185.706,4,"not comfortable tripling a dose of tacrolimus, especially in a pregnant woman. Would increase more slowly, with repeat testing. Would also want to confirm adherence before simply increasing dose.",0,6,2,2,6
R_3MtG0wI1Jpnp83S,45.49949646,-73.58480072,C0R0A,1,Academic,0,0,2,3,2,1,2,1,2,3,2,4,4,4,3,2,2,1,2,4,2,3,2,4,4,4,4,5,51,21,4,5,5,2.3333333333333335,1.3333333333333333,4.666666666666667,2.3333333333333335,4,2.3333333333333335,4.2,2.75,1,C0R0,Physician,Physician,Not Recorded,Global,2,375.273,4,"I have never seen tacrolimus dosed once per week. Unless there is clear evidence that once weekly dosing will maintain levels due to drug interactions, I would not do this. It seems that when he was on darunavir in the past he got trough levels of ~5 on 2.5 mg bid",0,0.5,1,3.5,0.5
R_1f45aArGM5tBQeA,60.17559814,24.9342041,Baseline,0,n/a,n/a,n/a,NA,NA,NA,NA,NA,NA,NA,NA,NA,NA,NA,NA,NA,NA,NA,1,3,3,4,2,2,2,4,4,4,3,41,9,NA,NA,NA,NA,NA,NA,NA,NA,NA,3.4,2.75,1,Base,Physician,Physician,Not Recorded,No AI,1,170.336,4,"Tac concentrations very frequently drop during pregnancy (increased plasma volume, changed metabolism), and significant dose increases are needed. Based on the very low concentration, I would double the dose and control the concentration within 1 week for further increase.",0,6,2,2,6
R_1f45aArGM5tBQeA,60.17559814,24.9342041,Baseline,0,n/a,n/a,n/a,NA,NA,NA,NA,NA,NA,NA,NA,NA,NA,NA,NA,NA,NA,NA,1,3,3,4,2,2,2,4,4,4,3,41,9,NA,NA,NA,NA,NA,NA,NA,NA,NA,3.4,2.75,1,Base,Physician,Physician,Not Recorded,No AI,2,202.571,4,"Probably the Tac concentrations will spike again, and further dose reduction is needed, would control the concentration every 2nd day until the target has been reached.",0,0.5,1,3.5,0.5
R_1r2PeFdTdtiic5o,37.42300415,-122.1638947,Baseline,0,n/a,n/a,n/a,NA,NA,NA,NA,NA,NA,NA,NA,NA,NA,NA,NA,NA,NA,NA,1,1,5,3,2,2,5,5,5,5,5,67,36,NA,NA,NA,NA,NA,NA,NA,NA,NA,5,3,1,Base,Physician,Physician,Not Recorded,No AI,1,192.978,4,Tacrolimus blood levels decrease with pregnancy.,0,6,2,2,6
R_1r2PeFdTdtiic5o,37.42300415,-122.1638947,Baseline,0,n/a,n/a,n/a,NA,NA,NA,NA,NA,NA,NA,NA,NA,NA,NA,NA,NA,NA,NA,1,1,5,3,2,2,5,5,5,5,5,67,36,NA,NA,NA,NA,NA,NA,NA,NA,NA,5,3,1,Base,Physician,Physician,Not Recorded,No AI,2,1248.777,4,"The tacrolimus blood level will increase with resumption of the ARV therapy. How much? Close therapeutic drug monitoring will be necessary, as further dose adjustment will likely be necessary.",0,0.5,1,3.5,0.5
R_enyttn6XAIsd4ZP,39.93569946,-75.18319702,C1R1A,1,Academic,1,1,4,4,2,1,5,3,3,5,3,4,4,4,3,3,3,2,2,3,2,3,3,4,4,4,3,5,39,4,4,5,5,3.3333333333333335,3,4.666666666666667,3.6666666666666665,4,3,4,2.75,2,C1R1,Physician,Physician,Not Recorded,What + Conf,1,112.335,4,Double the dose to obtain therapeutic levels.,0,6,2,2,6
R_enyttn6XAIsd4ZP,39.93569946,-75.18319702,C1R1A,1,Academic,1,1,4,4,2,1,5,3,3,5,3,4,4,4,3,3,3,2,2,3,2,3,3,4,4,4,3,5,39,4,4,5,5,3.3333333333333335,3,4.666666666666667,3.6666666666666665,4,3,4,2.75,2,C1R1,Physician,Physician,Not Recorded,What + Conf,2,220.76,4,NA,0,0.5,1,3.5,0.5
R_3nGjBNdgr37MooG,42.33329773,-83.04840088,C1R0A,1,Academic,1,0,4,4,2,3,4,2,2,3,3,3,3,4,3,3,3,1,1,3,2,3,2,3,3,4,3,3,34,3,4,5,5,3.3333333333333335,3,4.666666666666667,2.6666666666666665,3.3333333333333335,3,3.2,2.5,1,C1R0,Physician,Physician,Not Recorded,Conf,1,113.379,4,"She is already on 2, so doubling the dose would be appropriate as a first step. That might get her closer to 5 actually.",0,6,2,2,6
R_3nGjBNdgr37MooG,42.33329773,-83.04840088,C1R0A,1,Academic,1,0,4,4,2,3,4,2,2,3,3,3,3,4,3,3,3,1,1,3,2,3,2,3,3,4,3,3,34,3,4,5,5,3.3333333333333335,3,4.666666666666667,2.6666666666666665,3.3333333333333335,3,3.2,2.5,1,C1R0,Physician,Physician,Not Recorded,Conf,2,143.558,4,Given the interaction with darunavir once a week dosing might be safest until we have repeat TDM,0,0.5,1,3.5,0.5
R_2s72vpsWUSyyCV1,46.85240173,-96.81210327,C0R0A,1,Academic,0,0,3,5,1,2,3,1,3,3,2,2,4,3,2,3,3,2,1,3,3,1,3,4,4,4,4,4,39,6,3,5,4,3,2,4,2.6666666666666665,3,2.6666666666666665,4,2.5,2,C0R0,Physician,Physician,Not Recorded,Global,1,2131.356,4,to reach level of 5 from 2.5 the level has to raise by 100%. Dose should also be increased by 100% then.,0,6,2,2,6
R_2s72vpsWUSyyCV1,46.85240173,-96.81210327,C0R0A,1,Academic,0,0,3,5,1,2,3,1,3,3,2,2,4,3,2,3,3,2,1,3,3,1,3,4,4,4,4,4,39,6,3,5,4,3,2,4,2.6666666666666665,3,2.6666666666666665,4,2.5,2,C0R0,Physician,Physician,Not Recorded,Global,2,194.179,4,Lowest dose possible with weekly monitor the safest way,0,0.5,1,3.5,0.5
R_3OoDNLySKO8sdyJ,53.46629333,-2.13420105,C1R1A,1,Academic,1,1,3,3,2,2,4,2,3,2,1,2,3,3,2,2,2,2,2,2,2,2,2,5,5,5,5,5,31,7,4,5,5,2.6666666666666665,2.6666666666666665,4.666666666666667,2,2.6666666666666665,2,5,2,2,C1R1,Physician,Physician,Not Recorded,What + Conf,1,137.434,4,Smaller incremental increases pose a lower risk of tacrolimus toxicity. 6mg BID seems too high.,0,6,2,2,6
R_3OoDNLySKO8sdyJ,53.46629333,-2.13420105,C1R1A,1,Academic,1,1,3,3,2,2,4,2,3,2,1,2,3,3,2,2,2,2,2,2,2,2,2,5,5,5,5,5,31,7,4,5,5,2.6666666666666665,2.6666666666666665,4.666666666666667,2,2.6666666666666665,2,5,2,2,C1R1,Physician,Physician,Not Recorded,What + Conf,2,166.899,4,"again, smaller incremental reductions are favourable. 0.5mg once per week is a drastic reduction",0,0.5,1,3.5,0.5
R_2YyKAUbmRLhcbF0,42.49429321,-83.2071991,C1R1C,1,Commercial,1,1,4,4,4,4,4,4,4,4,3,4,4,4,2,4,2,3,4,1,3,3,5,4,4,3,4,4,38,7,3,4,5,4,4,4,3.6666666666666665,4,2.6666666666666665,3.8,3,3,C1R1,Physician,Physician,Not Recorded,What + Conf,1,89.577,4,She is pregnant and will require more tacrolimus.,0,6,2,2,6
R_2YyKAUbmRLhcbF0,42.49429321,-83.2071991,C1R1C,1,Commercial,1,1,4,4,4,4,4,4,4,4,3,4,4,4,2,4,2,3,4,1,3,3,5,4,4,3,4,4,38,7,3,4,5,4,4,4,3.6666666666666665,4,2.6666666666666665,3.8,3,3,C1R1,Physician,Physician,Not Recorded,What + Conf,2,73.226,4,He does not need that high level of tac. Target 5 to 7,0,0.5,1,3.5,0.5
R_3k85Jo8GQR8Lrqz,40.86270142,-73.63510132,Baseline,0,n/a,n/a,n/a,NA,NA,NA,NA,NA,NA,NA,NA,NA,NA,NA,NA,NA,NA,NA,1,1,4,3,2,3,4,5,4,4,2,38,12,NA,NA,NA,NA,NA,NA,NA,NA,NA,3.8,3,1,Base,Non-Physician,Pharmacist,Not Recorded,No AI,1,46.353,4,NA,0,6,2,2,6
R_3k85Jo8GQR8Lrqz,40.86270142,-73.63510132,Baseline,0,n/a,n/a,n/a,NA,NA,NA,NA,NA,NA,NA,NA,NA,NA,NA,NA,NA,NA,NA,1,1,4,3,2,3,4,5,4,4,2,38,12,NA,NA,NA,NA,NA,NA,NA,NA,NA,3.8,3,1,Base,Non-Physician,Pharmacist,Not Recorded,No AI,2,106.876,4,The offending agent was discontinued,0,0.5,1,3.5,0.5
R_25N41sbglHdrBoE,37.75100708,-97.8219986,C0R1C,1,Commercial,0,1,4,3,3,2,3,3,3,3,3,3,3,3,4,4,3,3,4,4,4,1,2,4,3,3,3,5,29,2,5,4,3,3.3333333333333335,2.6666666666666665,4,3,3,3.6666666666666665,3.6,2.75,3,C0R1,Physician,Physician,Not Recorded,What,1,85.216,4,Double dose to increase tac levels,0,6,2,2,6
R_25N41sbglHdrBoE,37.75100708,-97.8219986,C0R1C,1,Commercial,0,1,4,3,3,2,3,3,3,3,3,3,3,3,4,4,3,3,4,4,4,1,2,4,3,3,3,5,29,2,5,4,3,3.3333333333333335,2.6666666666666665,4,3,3,3.6666666666666665,3.6,2.75,3,C0R1,Physician,Physician,Not Recorded,What,2,146.801,4,NA,0,0.5,1,3.5,0.5
R_3Je0dZLv1M9eOEc,50.84649658,-1.063400269,C0R0C,1,Commercial,0,0,2,2,2,1,4,2,3,3,1,3,3,3,2,2,1,1,1,2,3,4,3,5,5,5,4,4,47,20,5,2,4,2,2.3333333333333335,3.6666666666666665,2.3333333333333335,3,1.6666666666666667,4.6,3,1,C0R0,Physician,Physician,Not Recorded,Global,1,157.485,4,Potentially a falsely low Tacrolimus level ie this may be a one off. Would benefit from slightly higher levels. Would rather increase in small increments rather than one big dose alteration,0,6,2,2,6
R_3Je0dZLv1M9eOEc,50.84649658,-1.063400269,C0R0C,1,Commercial,0,0,2,2,2,1,4,2,3,3,1,3,3,3,2,2,1,1,1,2,3,4,3,5,5,5,4,4,47,20,5,2,4,2,2.3333333333333335,3.6666666666666665,2.3333333333333335,3,1.6666666666666667,4.6,3,1,C0R0,Physician,Physician,Not Recorded,Global,2,234.765,8,Repeat Tac level first as this one may be spurious. No evidence of current Tac toxicity on renal function so time to repeat,0,0.5,1,7.5,0.5
R_9QZFlQeO2XyhUbv,33.52180481,-82.08409882,Baseline,0,n/a,n/a,n/a,NA,NA,NA,NA,NA,NA,NA,NA,NA,NA,NA,NA,NA,NA,NA,3,5,1,2,4,3,3,3,2,2,3,51,3,NA,NA,NA,NA,NA,NA,NA,NA,NA,2.6,2.5,3,Base,Non-Physician,Nurse,Not Recorded,No AI,1,149.73,4,NA,0,6,2,2,6
R_9QZFlQeO2XyhUbv,33.52180481,-82.08409882,Baseline,0,n/a,n/a,n/a,NA,NA,NA,NA,NA,NA,NA,NA,NA,NA,NA,NA,NA,NA,NA,3,5,1,2,4,3,3,3,2,2,3,51,3,NA,NA,NA,NA,NA,NA,NA,NA,NA,2.6,2.5,3,Base,Non-Physician,Nurse,Not Recorded,No AI,2,192.363,8,draw trough several days after antiviral started and make adjustments then,0,0.5,1,7.5,0.5
R_11apY3hkCaS2JiD,24.65370178,46.7151947,C1R0A,1,Academic,1,0,3,4,5,4,3,5,4,5,3,4,5,4,4,3,4,3,4,4,4,1,5,3,4,4,4,4,43,10,5,5,4,4,4,4.666666666666667,4,4.333333333333333,3.6666666666666665,3.8,3.5,3,C1R0,Physician,Physician,Not Recorded,Conf,1,974.483,4,"The increase of glucose levels or other tacrolimus side effects like hypomagnesemia or tremors, hypertensio.  Also  if the patient has develpoed infection .",0,6,2,2,6
R_11apY3hkCaS2JiD,24.65370178,46.7151947,C1R0A,1,Academic,1,0,3,4,5,4,3,5,4,5,3,4,5,4,4,3,4,3,4,4,4,1,5,3,4,4,4,4,43,10,5,5,4,4,4,4.666666666666667,4,4.333333333333333,3.6666666666666665,3.8,3.5,3,C1R0,Physician,Physician,Not Recorded,Conf,2,1983.037,16,Infection is one of the factors that influence the dicision .,0,0.5,1,15.5,0.5
R_2aK7B9BRx1yocOZ,36.18659973,-86.78520203,C1R1C,1,Commercial,1,1,4,5,3,2,5,2,3,4,3,3,4,4,3,3,2,2,1,4,3,1,2,5,5,5,5,5,36,5,4,3,2,4,3,3,3.3333333333333335,3.6666666666666665,2.6666666666666665,5,2.5,2,C1R1,Non-Physician,Nurse,Not Recorded,What + Conf,1,263.93,4,"Assuming it is a 12 hour trough, would start with doubling her dose and then repeating labs several days after to see if additional dose change is warranted.",0,6,2,2,6
R_2aK7B9BRx1yocOZ,36.18659973,-86.78520203,C1R1C,1,Commercial,1,1,4,5,3,2,5,2,3,4,3,3,4,4,3,3,2,2,1,4,3,1,2,5,5,5,5,5,36,5,4,3,2,4,3,3,3.3333333333333335,3.6666666666666665,2.6666666666666665,5,2.5,2,C1R1,Non-Physician,Nurse,Not Recorded,What + Conf,2,367.031,NA,"Given interactions with protease inhibitors, would start at 0.5 mg weekly to see what his level looked like. Agree with the AI recommendation in this case.",NA,0.5,1,NA,0.5
R_1pQLg7l0UCga5JQ,32.81309509,-96.81410217,C1R0C,1,Commercial,1,0,2,5,2,1,5,1,2,2,1,2,4,2,2,1,1,1,1,3,1,2,2,4,4,3,4,4,33,5,2,3,3,3,2.3333333333333335,2.6666666666666665,1.6666666666666667,2.6666666666666665,1.3333333333333333,3.8,2,1,C1R0,Non-Physician,Pharmacist,Not Recorded,Conf,1,431.461,3.5,"1. Need assessment of whether this is a true trough/what other factors may be contributing to a sub therapeutic trough (missed doses, new eating habits, etc)
2. Pregnancy usually leads to tacrolimus resistance due to maternal physiologic changes so anticipate higher tacrolimus requirement during pregnancy
3. However, a doubling or tripling of the dose could overshoot, therefore would recommend a moderate dose increase and close monitoring of troughs
4. The AI recommended dose adjustment is not one that I would make",0,6,2,2.5,6
R_1pQLg7l0UCga5JQ,32.81309509,-96.81410217,C1R0C,1,Commercial,1,0,2,5,2,1,5,1,2,2,1,2,4,2,2,1,1,1,1,3,1,2,2,4,4,3,4,4,33,5,2,3,3,3,2.3333333333333335,2.6666666666666665,1.6666666666666667,2.6666666666666665,1.3333333333333333,3.8,2,1,C1R0,Non-Physician,Pharmacist,Not Recorded,Conf,2,325.243,0,"Once weekly tacrolimus is not ideal - it leads to significant side effects related to peak blood concentrations. Given the development of new agents in HIV, I would strongly advocate for working with the HIV team to change his ARVs. If this could not be achieved, I would investigate his candidacy for belatacept in place of tacrolimus.",1,0.5,1,0.5,0.5
R_2DTYXZpH2wfadWB,45.49949646,-73.58480072,C1R1C,1,Commercial,1,1,3,3,3,1,5,3,2,2,2,2,4,4,2,2,2,2,1,3,3,2,1,3,3,4,3,3,37,6,5,2,2,3,3,3,2,3.3333333333333335,2,3.2,2.25,2,C1R1,Physician,Physician,Not Recorded,What + Conf,1,102.82,3.5,The one recommended is too high. free fraction in pregnancy is different.,0,6,2,2.5,6
R_2DTYXZpH2wfadWB,45.49949646,-73.58480072,C1R1C,1,Commercial,1,1,3,3,3,1,5,3,2,2,2,2,4,4,2,2,2,2,1,3,3,2,1,3,3,4,3,3,37,6,5,2,2,3,3,3,2,3.3333333333333335,2,3.2,2.25,2,C1R1,Physician,Physician,Not Recorded,What + Conf,2,92.494,0.5,Either one would work fine. My personal experience with patients with HIV,1,0.5,1,0,0.5
R_50xf84zNpKFMAnL,64.12249756,-21.87109375,Baseline,0,n/a,n/a,n/a,NA,NA,NA,NA,NA,NA,NA,NA,NA,NA,NA,NA,NA,NA,NA,2,2,4,1,2,2,5,4,4,5,5,66,26,NA,NA,NA,NA,NA,NA,NA,NA,NA,4.6,2.25,2,Base,Physician,Physician,Not Recorded,No AI,1,288.4,3.5,"That should bring her up to about five or so, don't want to  overshoot, and would get a another level in a week.",0,6,2,2.5,6
R_50xf84zNpKFMAnL,64.12249756,-21.87109375,Baseline,0,n/a,n/a,n/a,NA,NA,NA,NA,NA,NA,NA,NA,NA,NA,NA,NA,NA,NA,NA,2,2,4,1,2,2,5,4,4,5,5,66,26,NA,NA,NA,NA,NA,NA,NA,NA,NA,4.6,2.25,2,Base,Physician,Physician,Not Recorded,No AI,2,5647.055,1,"Hard to predict what the correct dose is, but my suspicion is that he will be 0.5 to 1 mg three times a week",0,0.5,1,0.5,0.5
R_3oAOvPsy9MIFkvo,47.21440125,-1.551193237,C1R1A,1,Academic,1,1,4,5,2,3,4,1,1,1,3,1,4,5,3,3,4,2,3,3,4,4,3,4,4,5,5,5,32,5,3,3,5,3.6666666666666665,2.6666666666666665,3.6666666666666665,1.6666666666666667,3.3333333333333335,3.3333333333333335,4.6,3.5,2,C1R1,Physician,Physician,Not Recorded,What + Conf,1,167.61,3.5,"slow improving af the dose , control in the week",0,6,2,2.5,6
R_3oAOvPsy9MIFkvo,47.21440125,-1.551193237,C1R1A,1,Academic,1,1,4,5,2,3,4,1,1,1,3,1,4,5,3,3,4,2,3,3,4,4,3,4,4,5,5,5,32,5,3,3,5,3.6666666666666665,2.6666666666666665,3.6666666666666665,1.6666666666666667,3.3333333333333335,3.3333333333333335,4.6,3.5,2,C1R1,Physician,Physician,Not Recorded,What + Conf,2,236.431,2,"dive by 4 the dose, recent transplant",0,0.5,1,1.5,0.5
R_T7R79t9S1mopIuR,38.57929993,-90.42199707,C0R0A,1,Academic,0,0,3,3,1,1,2,2,3,5,3,3,3,3,3,3,2,1,1,3,3,2,2,4,4,2,3,5,54,21,4,5,4,2.3333333333333335,1.6666666666666667,4.333333333333333,3.6666666666666665,3,2.6666666666666665,3.6,2.5,1,C0R0,Physician,Physician,Not Recorded,Global,1,174.869,3.5,To go from 2 mg bid to 6 mg bid is a massive dose change. Typically we go up or down by 1-2 mg bid. Overshooting can hurt the allograft even more that being slightly low.,0,6,2,2.5,6
R_T7R79t9S1mopIuR,38.57929993,-90.42199707,C0R0A,1,Academic,0,0,3,3,1,1,2,2,3,5,3,3,3,3,3,3,2,1,1,3,3,2,2,4,4,2,3,5,54,21,4,5,4,2.3333333333333335,1.6666666666666667,4.333333333333333,3.6666666666666665,3,2.6666666666666665,3.6,2.5,1,C0R0,Physician,Physician,Not Recorded,Global,2,90.302,4,I agree with AI’s choice here,0,0.5,1,3.5,0.5
R_3frda5OgoFaMWV1,35.99679565,-78.89550018,C1R0A,1,Academic,1,0,1,1,1,1,1,1,1,1,1,1,2,3,1,1,1,3,1,1,1,3,5,5,4,3,5,5,50,15,5,5,4,1,1,4.666666666666667,1,2,1,4.4,2.5,3,C1R0,Physician,Physician,Not Recorded,Conf,1,113.344,3,pregnancy is in general an immune compromised state.  Therefore a lower FK target (3-5) should be fine and sufficient.,0,6,2,3,6
R_3frda5OgoFaMWV1,35.99679565,-78.89550018,C1R0A,1,Academic,1,0,1,1,1,1,1,1,1,1,1,1,2,3,1,1,1,3,1,1,1,3,5,5,4,3,5,5,50,15,5,5,4,1,1,4.666666666666667,1,2,1,4.4,2.5,3,C1R0,Physician,Physician,Not Recorded,Conf,2,102.947,0,It seems that there is a good chance he will spike again as soon as the PI starts.,1,0.5,1,0.5,0.5
R_3n2BWQgixdv52qI,41.25860596,-95.93779755,Baseline,0,n/a,n/a,n/a,NA,NA,NA,NA,NA,NA,NA,NA,NA,NA,NA,NA,NA,NA,NA,1,1,4,2,3,1,4,4,3,4,4,44,13,NA,NA,NA,NA,NA,NA,NA,NA,NA,3.8,2.5,1,Base,Physician,Physician,Not Recorded,No AI,1,133.865,3,"Lower Tac level makes sense, given expected increase in metabolism of drug during pregnancy. 3 may still not be enough, but with follow up levels, can further titrate",0,6,2,3,6
R_3n2BWQgixdv52qI,41.25860596,-95.93779755,Baseline,0,n/a,n/a,n/a,NA,NA,NA,NA,NA,NA,NA,NA,NA,NA,NA,NA,NA,NA,NA,1,1,4,2,3,1,4,4,3,4,4,44,13,NA,NA,NA,NA,NA,NA,NA,NA,NA,3.8,2.5,1,Base,Physician,Physician,Not Recorded,No AI,2,274.083,0.5,"We have struggled a lot in these situations. We end up doing serial labs, typically weekly after a single dose of tac, to see how long it takes them to metabolize the drug back down to ""therapeutic"". Once we have a few cycles, we can space the labs out a bit more. The line graph of tac info is very interesting",1,0.5,1,0,0.5
R_2w5HWtNhDjoq27H,41.25860596,-95.93779755,C1R1C,1,Commercial,1,1,2,2,2,2,2,2,2,3,1,3,4,3,3,2,3,1,1,4,1,2,1,4,4,4,4,4,35,6,5,4,4,2,2,4.333333333333333,2,3.3333333333333335,2.6666666666666665,4,2,1,C1R1,Physician,Physician,Not Recorded,What + Conf,1,158.301,3,"Clinical experience.  I suspect the AI recommended dose will overshoot.  I would favor increasing to 3 mg bid, rechecking FK in one week, and if still low, increase again.  I would think either 3 or 4 mg bid would suffice.",0,6,2,3,6
R_2w5HWtNhDjoq27H,41.25860596,-95.93779755,C1R1C,1,Commercial,1,1,2,2,2,2,2,2,2,3,1,3,4,3,3,2,3,1,1,4,1,2,1,4,4,4,4,4,35,6,5,4,4,2,2,4.333333333333333,2,3.3333333333333335,2.6666666666666665,4,2,1,C1R1,Physician,Physician,Not Recorded,What + Conf,2,173.677,0.5,"For patients on robust CYP3A4 inhibitors, extremely small doses of tac are often required.  We actually favor belatacept in these scenarios.",1,0.5,1,0,0.5
R_1hYniyszV2f5VRV,37.83760071,-122.2397995,Baseline,0,n/a,n/a,n/a,NA,NA,NA,NA,NA,NA,NA,NA,NA,NA,NA,NA,NA,NA,NA,2,2,3,3,3,3,3,4,3,3,4,44,11,NA,NA,NA,NA,NA,NA,NA,NA,NA,3.4,3,2,Base,Physician,Physician,Not Recorded,No AI,1,138.394,3,NA,0,6,2,3,6
R_1hYniyszV2f5VRV,37.83760071,-122.2397995,Baseline,0,n/a,n/a,n/a,NA,NA,NA,NA,NA,NA,NA,NA,NA,NA,NA,NA,NA,NA,NA,2,2,3,3,3,3,3,4,3,3,4,44,11,NA,NA,NA,NA,NA,NA,NA,NA,NA,3.4,3,2,Base,Physician,Physician,Not Recorded,No AI,2,118.808,0.5,Interaction of pi and tac. Experience with this combination. May need to be extended to every 10 days to 2 weeks.,1,0.5,1,0,0.5
R_W6Z7zPs83b0Kwc9,39.0480957,-77.47280121,C0R1A,1,Academic,0,1,5,5,4,4,5,3,4,4,3,5,5,5,4,4,4,2,1,4,3,2,2,4,4,4,4,4,64,33,5,4,5,4.666666666666667,4,4.666666666666667,3.6666666666666665,5,4,4,2.75,2,C0R1,Physician,Physician,Not Recorded,What,1,86.624,3,Need higher dose to achieve target level; dose increase probably related to pregnancy,0,6,2,3,6
R_W6Z7zPs83b0Kwc9,39.0480957,-77.47280121,C0R1A,1,Academic,0,1,5,5,4,4,5,3,4,4,3,5,5,5,4,4,4,2,1,4,3,2,2,4,4,4,4,4,64,33,5,4,5,4.666666666666667,4,4.666666666666667,3.6666666666666665,5,4,4,2.75,2,C0R1,Physician,Physician,Not Recorded,What,2,123.803,0.5,Making an educated guess regarding anticipated major drug interaction,1,0.5,1,0,0.5
R_Y3voraEE17gcbOp,40.83639526,-74.14029694,C1R0A,1,Academic,1,0,3,5,1,1,5,3,2,1,2,4,4,5,3,2,1,1,1,3,3,2,3,3,3,3,3,4,65,30,5,5,4,3,3,4.666666666666667,1.6666666666666667,4.333333333333333,2,3.2,2.75,1,C1R0,Physician,Physician,Not Recorded,Conf,1,109.374,3,This is a 50% increase that should be sufficient to raise T0 level over 5,0,6,2,3,6
R_Y3voraEE17gcbOp,40.83639526,-74.14029694,C1R0A,1,Academic,1,0,3,5,1,1,5,3,2,1,2,4,4,5,3,2,1,1,1,3,3,2,3,3,3,3,3,4,65,30,5,5,4,3,3,4.666666666666667,1.6666666666666667,4.333333333333333,2,3.2,2.75,1,C1R0,Physician,Physician,Not Recorded,Conf,2,98.12,0.5,Trying to prevent overdosing...,1,0.5,1,0,0.5
R_3OoHy0Z2zFEidZo,48.85429382,2.352706909,C0R0A,1,Academic,0,0,5,5,4,2,4,3,4,5,3,4,5,4,4,4,3,2,2,4,1,1,3,4,4,4,4,5,32,3,5,5,5,4.666666666666667,3,5,4,4.333333333333333,3.6666666666666665,4.2,2.25,2,C0R0,Physician,Physician,Not Recorded,Global,1,223.51,3,probably not enough but prefer to start below the 4 mg BID and increase next week as hemodilution might be responsible for the low tacro concentration.,0,6,2,3,6
R_3OoHy0Z2zFEidZo,48.85429382,2.352706909,C0R0A,1,Academic,0,0,5,5,4,2,4,3,4,5,3,4,5,4,4,4,3,2,2,4,1,1,3,4,4,4,4,5,32,3,5,5,5,4.666666666666667,3,5,4,4.333333333333333,3.6666666666666665,4.2,2.25,2,C0R0,Physician,Physician,Not Recorded,Global,2,162.897,0.5,NA,1,0.5,1,0,0.5
R_t0pz3MugfuAMQV3,38.02600098,-84.51589966,C0R0A,1,Academic,0,0,4,4,1,1,3,2,3,3,3,3,4,4,3,3,3,2,2,3,3,2,3,4,4,4,4,4,29,2,5,5,5,3,2,5,3,3.6666666666666665,3,4,2.75,2,C0R0,Non-Physician,Pharmacist,Not Recorded,Global,1,471.453,3,Tacrolimus whole blood concentrations in pregnancy are difficult to interpret due to changes in plasma volume and clearance. Possible that patient's unbound tacrolimus levels are adequate despite whole blood level being lower. Would want to increase more gradually to avoid tacrolimus toxicity.,0,6,2,3,6
R_t0pz3MugfuAMQV3,38.02600098,-84.51589966,C0R0A,1,Academic,0,0,4,4,1,1,3,2,3,3,3,3,4,4,3,3,3,2,2,3,3,2,3,4,4,4,4,4,29,2,5,5,5,3,2,5,3,3.6666666666666665,3,4,2.75,2,C0R0,Non-Physician,Pharmacist,Not Recorded,Global,2,437.144,0.5,Typically 0.5-1 mg weekly doses are reasonable starting point for boosted PI HAART regimen.,1,0.5,1,0,0.5
R_3mk7PFLqJH3HNzM,41.49510193,-81.46569824,C1R1C,1,Commercial,1,1,4,5,3,4,5,4,3,3,3,2,4,4,4,4,4,2,2,4,4,3,2,4,3,2,3,4,33,10,2,4,2,4,4.333333333333333,2.6666666666666665,3,3.3333333333333335,4,3.2,3.25,2,C1R1,Physician,Physician,Not Recorded,What + Conf,1,230.036,3,Would not make a large change based on just one lower level. Would go up by 1 mg and then see the level in a week or two to decide if it needs to be further increased.,0,6,2,3,6
R_3mk7PFLqJH3HNzM,41.49510193,-81.46569824,C1R1C,1,Commercial,1,1,4,5,3,4,5,4,3,3,3,2,4,4,4,4,4,2,2,4,4,3,2,4,3,2,3,4,33,10,2,4,2,4,4.333333333333333,2.6666666666666665,3,3.3333333333333335,4,3.2,3.25,2,C1R1,Physician,Physician,Not Recorded,What + Conf,2,721.144,0.5,NA,1,0.5,1,0,0.5
R_1dumKtWSMhjqU1H,35.96099854,-78.92910004,C1R0C,1,Commercial,1,0,4,3,2,3,4,3,2,4,2,2,4,4,2,3,3,2,2,3,3,2,3,4,4,4,4,5,55,19,3,4,3,3,3.3333333333333335,3.3333333333333335,2.6666666666666665,3.3333333333333335,2.6666666666666665,4.2,2.75,2,C1R0,Physician,Physician,Not Recorded,Conf,1,128.737,3,She is 2 years out from transplant. No reason to triple the dose.,0,6,2,3,6
R_1dumKtWSMhjqU1H,35.96099854,-78.92910004,C1R0C,1,Commercial,1,0,4,3,2,3,4,3,2,4,2,2,4,4,2,3,3,2,2,3,3,2,3,4,4,4,4,5,55,19,3,4,3,3,3.3333333333333335,3.3333333333333335,2.6666666666666665,3.3333333333333335,2.6666666666666665,4.2,2.75,2,C1R0,Physician,Physician,Not Recorded,Conf,2,186.41,0.5,NA,1,0.5,1,0,0.5
R_WwDdYqtKtph3bgZ,39.16679382,-84.53820038,C0R0A,1,Academic,0,0,4,4,2,3,4,2,2,4,2,4,3,4,3,3,2,1,3,4,4,1,3,5,5,5,5,5,48,15,2,5,5,3.3333333333333335,3,4,2.6666666666666665,3.6666666666666665,2.6666666666666665,5,3,1,C0R0,Physician,Physician,Not Recorded,Global,1,130.345,3,Linear pharmacokinetics and experience,0,6,2,3,6
R_WwDdYqtKtph3bgZ,39.16679382,-84.53820038,C0R0A,1,Academic,0,0,4,4,2,3,4,2,2,4,2,4,3,4,3,3,2,1,3,4,4,1,3,5,5,5,5,5,48,15,2,5,5,3.3333333333333335,3,4,2.6666666666666665,3.6666666666666665,2.6666666666666665,5,3,1,C0R0,Physician,Physician,Not Recorded,Global,2,191.741,0.5,"Lowest available dose
I would get a level before the 2nd dose and if the level is too high then will not resume it till the level gets into therapeutic range and redose at that frequency.",1,0.5,1,0,0.5
R_11i1mN1UHkq9wlO,25.29249573,51.53210449,C0R1A,1,Academic,0,1,3,4,4,2,4,2,3,4,3,4,3,4,3,2,3,3,3,3,2,2,3,4,3,4,5,4,31,3,4,4,5,3.6666666666666665,2.6666666666666665,4.333333333333333,3.3333333333333335,3.6666666666666665,2.6666666666666665,4,2.5,3,C0R1,Physician,Physician,Not Recorded,What,1,248.512,3,"tacrolimus trough is low, however creatinine is stable. Increasing dose at a slow and safe matter is important. The AI recomedation to increase to 6mg bid might cause an overshoot",0,6,2,3,6
R_11i1mN1UHkq9wlO,25.29249573,51.53210449,C0R1A,1,Academic,0,1,3,4,4,2,4,2,3,4,3,4,3,4,3,2,3,3,3,3,2,2,3,4,3,4,5,4,31,3,4,4,5,3.6666666666666665,2.6666666666666665,4.333333333333333,3.3333333333333335,3.6666666666666665,2.6666666666666665,4,2.5,3,C0R1,Physician,Physician,Not Recorded,What,2,243.621,0.5,Previous experience with similar case on darunavir. Seeing the AI recommended similar thought process reassured me,1,0.5,1,0,0.5
R_3j04TF5GvDWqqcd,41.28540039,-96.1493988,C0R0C,1,Commercial,0,0,4,5,2,2,4,3,2,3,3,5,4,5,3,3,3,3,3,4,3,1,2,5,5,5,5,5,37,8,5,4,2,3.6666666666666665,3,3.6666666666666665,2.6666666666666665,4.666666666666667,3,5,2.5,3,C0R0,Non-Physician,Pharmacist,Not Recorded,Global,1,106.45,3,33% dose increase,0,6,2,3,6
R_3j04TF5GvDWqqcd,41.28540039,-96.1493988,C0R0C,1,Commercial,0,0,4,5,2,2,4,3,2,3,3,5,4,5,3,3,3,3,3,4,3,1,2,5,5,5,5,5,37,8,5,4,2,3.6666666666666665,3,3.6666666666666665,2.6666666666666665,4.666666666666667,3,5,2.5,3,C0R0,Non-Physician,Pharmacist,Not Recorded,Global,2,169.502,0.5,AI but also literature case studies,1,0.5,1,0,0.5
R_1pAMibxC1Q9slz1,29.94949341,-90.12039948,C1R0A,1,Academic,1,0,4,5,4,3,4,2,4,4,3,4,5,4,4,3,3,2,1,3,3,2,1,5,5,4,4,5,28,3,5,4,4,4.333333333333333,3,4.333333333333333,3.6666666666666665,4.333333333333333,3.3333333333333335,4.6,2.25,2,C1R0,Physician,Physician,Not Recorded,Conf,1,125.407,3,On average my understanding is we typically increase the dose of tacrolimus 45-50% in pregnancy to maintain appropriate levels,0,6,2,3,6
R_1pAMibxC1Q9slz1,29.94949341,-90.12039948,C1R0A,1,Academic,1,0,4,5,4,3,4,2,4,4,3,4,5,4,4,3,3,2,1,3,3,2,1,5,5,4,4,5,28,3,5,4,4,4.333333333333333,3,4.333333333333333,3.6666666666666665,4.333333333333333,3.3333333333333335,4.6,2.25,2,C1R0,Physician,Physician,Not Recorded,Conf,2,220.673,0.5,The synergistic effects of darunavir allow for a significantly decreased frequency of tacrolimus dosing,1,0.5,1,0,0.5
R_1F3zb6u0QXRSbDD,35.91119385,-78.9178009,C1R1C,1,Commercial,1,1,3,4,2,1,4,2,3,3,3,2,4,3,3,2,2,2,2,2,3,2,3,4,4,4,4,4,31,5,5,4,2,3,2.3333333333333335,3.6666666666666665,3,3,2.3333333333333335,4,2.5,2,C1R1,Non-Physician,Midlevel Provider,Not Recorded,What + Conf,1,605.265,3,"At my institution, we currently discuss with the attending physician the prograf troughs and doses to determine any dose adjustments. Keeping that practice in mind, I factor in the fact that she was maintaining a trough ~5 while on 2mg BID dosing. Considering Pregnancy as an trough affecting factor and excluding any concerns for clearance such as AKI, I would dose her at 3mg BID and see how the trough may change. 
",0,6,2,3,6
R_1F3zb6u0QXRSbDD,35.91119385,-78.9178009,C1R1C,1,Commercial,1,1,3,4,2,1,4,2,3,3,3,2,4,3,3,2,2,2,2,2,3,2,3,4,4,4,4,4,31,5,5,4,2,3,2.3333333333333335,3.6666666666666665,3,3,2.3333333333333335,4,2.5,2,C1R1,Non-Physician,Midlevel Provider,Not Recorded,What + Conf,2,1028.929,0.5,NA,1,0.5,1,0,0.5
R_3nTM1MH6EjVZUfi,36.18659973,-86.78520203,C1R1C,1,Commercial,1,1,3,4,1,2,5,3,2,4,1,4,4,4,1,1,1,2,2,3,3,3,1,5,5,3,2,2,29,3,5,3,2,2.6666666666666665,3.3333333333333335,3.3333333333333335,2.3333333333333335,4,1,3.4,2.5,2,C1R1,Non-Physician,Pharmacist,Not Recorded,What + Conf,1,429.347,3,"I know that tacrolimus does not have linear kinetics, so I would not double the dose, despite her trough being so low. I do know that during pregnancy the volume of distribution increases, and she may require more drug, however, I prefer slow titration of tacrolimus with frequent monitoring to prevent AKI and other toxicities. I also know that mycophenolate can increase the AUC, but she had a therapeutic tacrolimus trough after switching to azathioprine, so this does not factor into my consideration. I always want to know the time since the patient's last dose. I cannot assume that the tacrolimus level was a true 12-hour trough.",0,6,2,3,6
R_3nTM1MH6EjVZUfi,36.18659973,-86.78520203,C1R1C,1,Commercial,1,1,3,4,1,2,5,3,2,4,1,4,4,4,1,1,1,2,2,3,3,3,1,5,5,3,2,2,29,3,5,3,2,2.6666666666666665,3.3333333333333335,3.3333333333333335,2.3333333333333335,4,1,3.4,2.5,2,C1R1,Non-Physician,Pharmacist,Not Recorded,What + Conf,2,283.186,0.5,NA,1,0.5,1,0,0.5
R_1iqC4zZcFtwxu1X,40.80189514,-73.92849731,C1R0A,1,Academic,1,0,3,4,2,1,5,3,4,3,2,2,3,5,2,3,3,1,2,3,2,1,2,3,2,2,3,2,37,4,4,4,5,3,3,4.333333333333333,3,3.3333333333333335,2.6666666666666665,2.4,2,1,C1R0,Physician,Physician,Not Recorded,Conf,1,137.882,3,"renal function is good, and she's generally doing well, no reasons to purposely target an excessively low level, especially while on AZA and so at somewhat increased risk of rejection in this period",0,6,2,3,6
R_1iqC4zZcFtwxu1X,40.80189514,-73.92849731,C1R0A,1,Academic,1,0,3,4,2,1,5,3,4,3,2,2,3,5,2,3,3,1,2,3,2,1,2,3,2,2,3,2,37,4,4,4,5,3,3,4.333333333333333,3,3.3333333333333335,2.6666666666666665,2.4,2,1,C1R0,Physician,Physician,Not Recorded,Conf,2,238.069,0.5,that's a dose I've used as a starting point for pts on protease inhibitors,1,0.5,1,0,0.5
R_basHN9BsyC0xSfL,37.7631073,-122.4586029,C0R1A,1,Academic,0,1,3,3,3,2,2,1,3,4,3,5,5,5,3,2,3,2,2,5,1,1,1,4,4,4,5,3,43,15,5,4,5,3,1.6666666666666667,4.666666666666667,3.3333333333333335,5,2.6666666666666665,4,2,2,C0R1,Non-Physician,Pharmacist,Not Recorded,What,1,449.722,3,If a patient has had a stable tac level in the past and just admitted I would wait 24 hours to make any adjustments to dosing if the level is a bit low. I have found that a repeat level the next day on the home dose will typically result in a therapeutic level and no adjustment is needed. Now if the level is very high or very low then the risk is too high not to respond to those extreme levels. for this patient I would make a minor adjustment and repeat the level the next day. She has been stable in the past on this dose and tripling it seem extreme and the risk for renal and neuro toxicities is too great to make that recommendation. If the pregnancy is requiring higher dose to maintain the same levels then I would do a literature search to verify that and slowly move the dose up over the next few days with daily levels.,0,6,2,3,6
R_basHN9BsyC0xSfL,37.7631073,-122.4586029,C0R1A,1,Academic,0,1,3,3,3,2,2,1,3,4,3,5,5,5,3,2,3,2,2,5,1,1,1,4,4,4,5,3,43,15,5,4,5,3,1.6666666666666667,4.666666666666667,3.3333333333333335,5,2.6666666666666665,4,2,2,C0R1,Non-Physician,Pharmacist,Not Recorded,What,2,1256.944,0.5,I think the AI recommendation is correct but given the significant dose adjustment recommended I would start with a test dose of 0.5mg then follow daily levels if the patient is in house. if outpatient I would still give one dose 0.5mg and follow levels every 48h to every 72hours,1,0.5,1,0,0.5
R_2xEtul70PVoWyVh,52.9407959,1.20930481,C0R0C,1,Commercial,0,0,1,2,1,1,2,1,2,2,2,2,3,4,3,1,1,2,1,4,2,1,2,4,5,5,5,5,55,27,5,4,2,1.3333333333333333,1.3333333333333333,3.6666666666666665,2,3,1.6666666666666667,4.8,2.25,2,C0R0,Physician,Physician,Not Recorded,Global,1,258.651,3,"I know that tacrolimus levels often fall in pregnancy and dose increases are required. Doubling the increase should double the level,  but I would like to do this in stages.",0,6,2,3,6
R_2xEtul70PVoWyVh,52.9407959,1.20930481,C0R0C,1,Commercial,0,0,1,2,1,1,2,1,2,2,2,2,3,4,3,1,1,2,1,4,2,1,2,4,5,5,5,5,55,27,5,4,2,1.3333333333333333,1.3333333333333333,3.6666666666666665,2,3,1.6666666666666667,4.8,2.25,2,C0R0,Physician,Physician,Not Recorded,Global,2,259.476,0.5,"Patients taking a boosted PI may need as little as 0.5mg tacrolimus every 10 or 12 days. I would be prepared to explore this by giving a single dose of 0.5.mg tacrolimus then checking daily levels, redosing after approximately one week.",1,0.5,1,0,0.5
R_3dv3dTZ80Sht0kx,53.46629333,-2.13420105,C0R1A,1,Academic,0,1,2,3,2,2,3,1,2,2,1,2,3,3,2,2,3,1,2,2,4,2,4,5,5,5,5,5,49,14,5,4,2,2.3333333333333335,2,3.6666666666666665,1.6666666666666667,2.6666666666666665,2.3333333333333335,5,3,1,C0R1,Physician,Physician,Not Recorded,What,1,233.814,3,Tac level of 2.4 is just one off reading. A dose of 12 mg bd would be too high and cause neurotoxicity. Best would be for small incremental dose and recheck tac levels to appropriately guide the escalation,0,6,2,3,6
R_3dv3dTZ80Sht0kx,53.46629333,-2.13420105,C0R1A,1,Academic,0,1,2,3,2,2,3,1,2,2,1,2,3,3,2,2,3,1,2,2,4,2,4,5,5,5,5,5,49,14,5,4,2,2.3333333333333335,2,3.6666666666666665,1.6666666666666667,2.6666666666666665,2.3333333333333335,5,3,1,C0R1,Physician,Physician,Not Recorded,What,2,259.919,0.5,agree with plan based on data,1,0.5,1,0,0.5
R_3foOrD9L0A2xoFf,40.65660095,-111.8907013,C0R1A,1,Academic,0,1,2,3,3,1,1,2,4,4,3,2,4,4,3,2,3,2,2,3,3,4,1,5,3,4,3,2,39,10,4,4,4,2.6666666666666665,1.3333333333333333,4,3.6666666666666665,3.3333333333333335,2.6666666666666665,3.4,2.75,2,C0R1,Non-Physician,Pharmacist,Not Recorded,What,1,305.813,3,"The patient has had stable tacrolimus trough levels for the past 6-9 months.  An increase of 6mg BID would be a very large increase, despite a stable creatinine.",0,6,2,3,6
R_3foOrD9L0A2xoFf,40.65660095,-111.8907013,C0R1A,1,Academic,0,1,2,3,3,1,1,2,4,4,3,2,4,4,3,2,3,2,2,3,3,4,1,5,3,4,3,2,39,10,4,4,4,2.6666666666666665,1.3333333333333333,4,3.6666666666666665,3.3333333333333335,2.6666666666666665,3.4,2.75,2,C0R1,Non-Physician,Pharmacist,Not Recorded,What,2,334.884,0.5,NA,1,0.5,1,0,0.5
R_1rpqd7hIhAIQf8T,45.47619629,-122.5596008,C1R0C,1,Commercial,1,0,4,4,3,4,3,3,4,3,2,3,4,4,3,3,2,2,3,4,2,2,2,4,4,4,4,5,34,8,5,4,4,3.6666666666666665,3.3333333333333335,4.333333333333333,3,3.6666666666666665,2.6666666666666665,4.2,2.5,2,C1R0,Non-Physician,Nurse,Not Recorded,Conf,1,136.232,3,Increasing by 2 mg per day should increase trough level to goal range,0,6,2,3,6
R_1rpqd7hIhAIQf8T,45.47619629,-122.5596008,C1R0C,1,Commercial,1,0,4,4,3,4,3,3,4,3,2,3,4,4,3,3,2,2,3,4,2,2,2,4,4,4,4,5,34,8,5,4,4,3.6666666666666665,3.3333333333333335,4.333333333333333,3,3.6666666666666665,2.6666666666666665,4.2,2.5,2,C1R0,Non-Physician,Nurse,Not Recorded,Conf,2,278.77,0.5,"liquid is 0.5 mg/ml, going any lower would be difficult for pt to draw up. It my be wise to consider a long acting med ie Astagraf to avoid the large peaks",1,0.5,1,0,0.5
R_24M2p1Cm7lzpkBX,40.84919739,-73.97350311,C1R0A,1,Academic,1,0,3,4,2,2,3,2,2,2,1,2,3,3,2,1,1,2,2,2,2,2,3,5,5,4,5,4,28,3,3,5,4,3,2.3333333333333335,4,1.6666666666666667,2.6666666666666665,1.3333333333333333,4.6,2.25,2,C1R0,Non-Physician,Pharmacist,Not Recorded,Conf,1,248.054,3,Serum creatinine is consistent.  No hx of rejection.  2 years post kidney transplant so not overly concerned about ACR/AMR.  More worried about tacro toxicity.,0,6,2,3,6
R_24M2p1Cm7lzpkBX,40.84919739,-73.97350311,C1R0A,1,Academic,1,0,3,4,2,2,3,2,2,2,1,2,3,3,2,1,1,2,2,2,2,2,3,5,5,4,5,4,28,3,3,5,4,3,2.3333333333333335,4,1.6666666666666667,2.6666666666666665,1.3333333333333333,4.6,2.25,2,C1R0,Non-Physician,Pharmacist,Not Recorded,Conf,2,371.01,0.5,"Considering how high the trough spiked, would agree with AI recommendation of 0.5mg once weekly.  Definitely rather start low and titrate slow since patient is beyond 1 year.  Worried more about toxicity than reduced levels of tacrolimus.",1,0.5,1,0,0.5
R_1EM9JQWNFVjfVcZ,41.45089722,-81.6190033,Baseline,0,n/a,n/a,n/a,NA,NA,NA,NA,NA,NA,NA,NA,NA,NA,NA,NA,NA,NA,NA,3,2,3,4,3,1,2,2,2,2,1,46,7,NA,NA,NA,NA,NA,NA,NA,NA,NA,1.8,2.75,3,Base,Non-Physician,Pharmacist,Not Recorded,No AI,1,361.374,3,Increased doses of tac typically necessary during mid-pregnancy,0,6,2,3,6
R_1EM9JQWNFVjfVcZ,41.45089722,-81.6190033,Baseline,0,n/a,n/a,n/a,NA,NA,NA,NA,NA,NA,NA,NA,NA,NA,NA,NA,NA,NA,NA,3,2,3,4,3,1,2,2,2,2,1,46,7,NA,NA,NA,NA,NA,NA,NA,NA,NA,1.8,2.75,3,Base,Non-Physician,Pharmacist,Not Recorded,No AI,2,364.381,1,NA,1,0.5,1,0.5,0.5
R_1Ic1pXR9LkHDFWK,37.70509338,-97.31330109,C0R1A,1,Academic,0,1,4,4,2,4,4,1,3,4,2,3,3,4,3,2,2,3,4,3,2,5,5,5,5,4,4,2,38,6,4,4,4,3.3333333333333335,3,4,3,3.3333333333333335,2.3333333333333335,4,3.75,3,C0R1,Physician,Physician,Not Recorded,What,1,305.56,3,Her Tacrolimus level is subtherapeutic at 2.4 which could be secondary to pregnancy and low plasma proteins. I would check the unbound fraction first then increase the dose if needed,0,6,2,3,6
R_1Ic1pXR9LkHDFWK,37.70509338,-97.31330109,C0R1A,1,Academic,0,1,4,4,2,4,4,1,3,4,2,3,3,4,3,2,2,3,4,3,2,5,5,5,5,4,4,2,38,6,4,4,4,3.3333333333333335,3,4,3,3.3333333333333335,2.3333333333333335,4,3.75,3,C0R1,Physician,Physician,Not Recorded,What,2,222.739,1,PIs inhibit Cytochrome P-450 and therefore significantly increase the half-life of Tacrolimus,1,0.5,1,0.5,0.5
R_2ds5ZIRApRCxt6W,33.52180481,-82.08409882,Baseline,0,n/a,n/a,n/a,NA,NA,NA,NA,NA,NA,NA,NA,NA,NA,NA,NA,NA,NA,NA,1,1,3,5,4,3,4,5,2,3,5,54,29,NA,NA,NA,NA,NA,NA,NA,NA,NA,3.8,3.75,1,Base,Physician,Physician,Not Recorded,No AI,1,178.817,3,Increased degradation due to the IUP/Placenta effect and the absence of MMF modulating hepatic metabolism,0,6,2,3,6
R_2ds5ZIRApRCxt6W,33.52180481,-82.08409882,Baseline,0,n/a,n/a,n/a,NA,NA,NA,NA,NA,NA,NA,NA,NA,NA,NA,NA,NA,NA,NA,1,1,3,5,4,3,4,5,2,3,5,54,29,NA,NA,NA,NA,NA,NA,NA,NA,NA,3.8,3.75,1,Base,Physician,Physician,Not Recorded,No AI,2,339.311,1,"Clearly the addition of darunavir combo will cause Tac toxicity again- so, let's reduce the medication dose, internal and delivery systema nd reassess in about 7-10 days.",1,0.5,1,0.5,0.5
R_25BnQyOLcV7bKTR,30.540802,-91.05000305,Baseline,0,n/a,n/a,n/a,NA,NA,NA,NA,NA,NA,NA,NA,NA,NA,NA,NA,NA,NA,NA,1,1,3,3,4,4,4,4,4,4,4,53,25,NA,NA,NA,NA,NA,NA,NA,NA,NA,4,3.5,1,Base,Physician,Physician,Not Recorded,No AI,1,143.978,3,My pregnant patients often have increased volume and need bigger doses,0,6,2,3,6
R_25BnQyOLcV7bKTR,30.540802,-91.05000305,Baseline,0,n/a,n/a,n/a,NA,NA,NA,NA,NA,NA,NA,NA,NA,NA,NA,NA,NA,NA,NA,1,1,3,3,4,4,4,4,4,4,4,53,25,NA,NA,NA,NA,NA,NA,NA,NA,NA,4,3.5,1,Base,Physician,Physician,Not Recorded,No AI,2,309.08,1,"If 1 mg BID since 2018 caused level to spoke to over 100, I would give a small 0.5 dose then follow level to determine dose frequency. My experience has been i can dose every 7 days or more.",1,0.5,1,0.5,0.5
R_u8nuwvIdDI5XjR7,-33.87690735,151.1036072,C0R1A,1,Academic,0,1,4,4,2,1,4,2,3,2,4,4,4,4,2,3,3,1,2,3,3,3,3,3,3,3,3,3,41,10,5,4,4,3.3333333333333335,2.3333333333333335,4.333333333333333,3,4,2.6666666666666665,3,3,1,C0R1,Physician,Physician,Not Recorded,What,1,79.384,3,Slightly low trough. Pregnant,0,6,2,3,6
R_u8nuwvIdDI5XjR7,-33.87690735,151.1036072,C0R1A,1,Academic,0,1,4,4,2,1,4,2,3,2,4,4,4,4,2,3,3,1,2,3,3,3,3,3,3,3,3,3,41,10,5,4,4,3.3333333333333335,2.3333333333333335,4.333333333333333,3,4,2.6666666666666665,3,3,1,C0R1,Physician,Physician,Not Recorded,What,2,262.723,1,Protease inhibitor reintroduced and response when previously receiving the same,1,0.5,1,0.5,0.5
R_CmoLsvSS6xvfMZ3,41.8782959,-87.69069672,Baseline,0,n/a,n/a,n/a,NA,NA,NA,NA,NA,NA,NA,NA,NA,NA,NA,NA,NA,NA,NA,1,2,4,3,1,2,4,4,3,3,4,48,15,NA,NA,NA,NA,NA,NA,NA,NA,NA,3.6,2.5,1,Base,Physician,Physician,Not Recorded,No AI,1,114.44,3,I usually chase the tacrolimus level in the first 2 trimesters and try to remain therapeutic,0,6,2,3,6
R_CmoLsvSS6xvfMZ3,41.8782959,-87.69069672,Baseline,0,n/a,n/a,n/a,NA,NA,NA,NA,NA,NA,NA,NA,NA,NA,NA,NA,NA,NA,NA,1,2,4,3,1,2,4,4,3,3,4,48,15,NA,NA,NA,NA,NA,NA,NA,NA,NA,3.6,2.5,1,Base,Physician,Physician,Not Recorded,No AI,2,89.148,1,NA,1,0.5,1,0.5,0.5
R_1go2SehpjmzuGhV,34.7756958,-92.37239838,C1R1A,1,Academic,1,1,3,4,3,4,5,1,2,2,1,2,3,2,1,1,2,1,2,4,3,2,2,5,5,5,5,4,37,4,2,5,5,3.3333333333333335,3.3333333333333335,4,1.6666666666666667,2.3333333333333335,1.3333333333333333,4.8,2.75,1,C1R1,Non-Physician,Pharmacist,Not Recorded,What + Conf,1,181.283,3,"That is the largest dose increase I feel comfortable making at one time.  With future levels and dose adjustments, we can continue to increase the dose as needed.",0,6,2,3,6
R_1go2SehpjmzuGhV,34.7756958,-92.37239838,C1R1A,1,Academic,1,1,3,4,3,4,5,1,2,2,1,2,3,2,1,1,2,1,2,4,3,2,2,5,5,5,5,4,37,4,2,5,5,3.3333333333333335,3.3333333333333335,4,1.6666666666666667,2.3333333333333335,1.3333333333333333,4.8,2.75,1,C1R1,Non-Physician,Pharmacist,Not Recorded,What + Conf,2,235.091,1,"I would not feel comfortable jumping to once weekly in this patient, but could see the utility of doing less than once per day.  I would monitor closely, multiple times per week, until an appropriate level is obtained.",1,0.5,1,0.5,0.5
R_3dEQat7mvehg2zo,40.41819763,-80.0510025,C1R0C,1,Commercial,1,0,3,4,2,1,3,2,3,4,2,3,4,4,2,3,4,1,2,4,3,2,3,3,3,4,4,3,54,20,3,4,2,3,2,3,3,3.6666666666666665,3,3.4,3,1,C1R0,Physician,Physician,Not Recorded,Conf,1,172.031,3,Level low and increase to achieve target near 5,0,6,2,3,6
R_3dEQat7mvehg2zo,40.41819763,-80.0510025,C1R0C,1,Commercial,1,0,3,4,2,1,3,2,3,4,2,3,4,4,2,3,4,1,2,4,3,2,3,3,3,4,4,3,54,20,3,4,2,3,2,3,3,3.6666666666666665,3,3.4,3,1,C1R0,Physician,Physician,Not Recorded,Conf,2,220.03,2,Once antiviral introduced levels will spike,0,0.5,1,1.5,0.5
R_OMWV2aF7sCTkhLH,40.78100586,-73.95010376,C1R0A,1,Academic,1,0,4,4,3,1,3,1,3,3,3,3,4,4,3,4,3,2,2,3,4,1,2,5,5,5,5,5,49,19,5,5,5,3.6666666666666665,1.6666666666666667,5,3,3.6666666666666665,3.3333333333333335,5,2.5,2,C1R0,Physician,Physician,Not Recorded,Conf,1,175.098,3,Time from transplant.,0,6,2,3,6
R_OMWV2aF7sCTkhLH,40.78100586,-73.95010376,C1R0A,1,Academic,1,0,4,4,3,1,3,1,3,3,3,3,4,4,3,4,3,2,2,3,4,1,2,5,5,5,5,5,49,19,5,5,5,3.6666666666666665,1.6666666666666667,5,3,3.6666666666666665,3.3333333333333335,5,2.5,2,C1R0,Physician,Physician,Not Recorded,Conf,2,255.347,2,may overshoot but will monitor tac closely,0,0.5,1,1.5,0.5
R_2foNVgs9JsNLAi7,39.86549377,-86.12200165,Baseline,0,n/a,n/a,n/a,NA,NA,NA,NA,NA,NA,NA,NA,NA,NA,NA,NA,NA,NA,NA,2,1,5,3,3,2,4,4,4,4,3,45,15,NA,NA,NA,NA,NA,NA,NA,NA,NA,3.8,3.25,2,Base,Physician,Physician,Not Recorded,No AI,1,72.986,3,needs level around 5-6.,0,6,2,3,6
R_2foNVgs9JsNLAi7,39.86549377,-86.12200165,Baseline,0,n/a,n/a,n/a,NA,NA,NA,NA,NA,NA,NA,NA,NA,NA,NA,NA,NA,NA,NA,2,1,5,3,3,2,4,4,4,4,3,45,15,NA,NA,NA,NA,NA,NA,NA,NA,NA,3.8,3.25,2,Base,Physician,Physician,Not Recorded,No AI,2,658.599,2,NA,0,0.5,1,1.5,0.5
R_2fH8cVQKrfqhOGh,52.22279358,0.130493164,C0R0C,1,Commercial,0,0,3,4,2,1,5,3,3,2,2,2,3,3,2,3,3,2,4,5,1,1,2,4,4,4,4,4,31,2,5,4,3,3,3,4,2.3333333333333335,2.6666666666666665,2.6666666666666665,4,2.25,2,C0R0,Physician,Physician,Not Recorded,Global,1,278.034,3,"Tacrolimus has very unpredictable absorption in pregnancy, given the side effect profile, careful titration would be better than drastic changes in posology",0,6,2,3,6
R_2fH8cVQKrfqhOGh,52.22279358,0.130493164,C0R0C,1,Commercial,0,0,3,4,2,1,5,3,3,2,2,2,3,3,2,3,3,2,4,5,1,1,2,4,4,4,4,4,31,2,5,4,3,3,3,4,2.3333333333333335,2.6666666666666665,2.6666666666666665,4,2.25,2,C0R0,Physician,Physician,Not Recorded,Global,2,661.981,2,Unpredictable pharmacodynamics and given previous issues with kidney injury would be careful,0,0.5,1,1.5,0.5
R_Wewiv73Ten5Zmet,45.47619629,-122.5596008,Baseline,0,n/a,n/a,n/a,NA,NA,NA,NA,NA,NA,NA,NA,NA,NA,NA,NA,NA,NA,NA,2,2,3,3,4,3,4,4,4,3,4,81,49,NA,NA,NA,NA,NA,NA,NA,NA,NA,3.8,3.25,2,Base,Physician,Physician,Not Recorded,No AI,1,127.988,3,Hemodynamic factor with pregnancy changing drugs volume of distribution,0,6,2,3,6
R_Wewiv73Ten5Zmet,45.47619629,-122.5596008,Baseline,0,n/a,n/a,n/a,NA,NA,NA,NA,NA,NA,NA,NA,NA,NA,NA,NA,NA,NA,NA,2,2,3,3,4,3,4,4,4,3,4,81,49,NA,NA,NA,NA,NA,NA,NA,NA,NA,3.8,3.25,2,Base,Physician,Physician,Not Recorded,No AI,2,278.336,2,Drug interaction.may want to do kinetic study of Tac in this patient on stable antiretroviral dose,0,0.5,1,1.5,0.5
R_1hW10usagZxJH8D,34.04469299,-118.4487,Baseline,0,n/a,n/a,n/a,NA,NA,NA,NA,NA,NA,NA,NA,NA,NA,NA,NA,NA,NA,NA,1,1,3,3,3,3,4,4,4,4,5,40,14,NA,NA,NA,NA,NA,NA,NA,NA,NA,4.2,3,1,Base,Physician,Physician,Not Recorded,No AI,1,82.268,3,Level is low,0,6,2,3,6
R_1hW10usagZxJH8D,34.04469299,-118.4487,Baseline,0,n/a,n/a,n/a,NA,NA,NA,NA,NA,NA,NA,NA,NA,NA,NA,NA,NA,NA,NA,1,1,3,3,3,3,4,4,4,4,5,40,14,NA,NA,NA,NA,NA,NA,NA,NA,NA,4.2,3,1,Base,Physician,Physician,Not Recorded,No AI,2,134.503,2,Drug drug interactions,0,0.5,1,1.5,0.5
R_2BwzyVvjSWqZDgO,43.65640259,-79.38600159,C0R0A,1,Academic,0,0,3,3,3,2,3,4,3,4,4,3,4,4,4,2,3,2,2,3,3,4,2,4,4,3,3,4,70,48,4,5,4,3,3,4.333333333333333,3.6666666666666665,3.6666666666666665,3,3.6,3,2,C0R0,Physician,Physician,Not Recorded,Global,1,109.191,3,Needs higher dose but 6 bid way too high,0,6,2,3,6
R_2BwzyVvjSWqZDgO,43.65640259,-79.38600159,C0R0A,1,Academic,0,0,3,3,3,2,3,4,3,4,4,3,4,4,4,2,3,2,2,3,3,4,2,4,4,3,3,4,70,48,4,5,4,3,3,4.333333333333333,3.6666666666666665,3.6666666666666665,3,3.6,3,2,C0R0,Physician,Physician,Not Recorded,Global,2,192.174,2,I would not reduce that much at first and follow Tac levels closely holding drug and reducing as needed,0,0.5,1,1.5,0.5
R_3QQt84arcrIafP0,40.7828064,-73.97450256,Baseline,0,n/a,n/a,n/a,NA,NA,NA,NA,NA,NA,NA,NA,NA,NA,NA,NA,NA,NA,NA,1,2,3,2,3,3,4,4,4,4,4,45,15,NA,NA,NA,NA,NA,NA,NA,NA,NA,4,2.75,1,Base,Physician,Physician,Not Recorded,No AI,1,284.721,3,tacrolimus trough level is below targeted range (though we don't have data on unbound tacrolimus level in blood);,0,6,2,3,6
R_3QQt84arcrIafP0,40.7828064,-73.97450256,Baseline,0,n/a,n/a,n/a,NA,NA,NA,NA,NA,NA,NA,NA,NA,NA,NA,NA,NA,NA,NA,1,2,3,2,3,3,4,4,4,4,4,45,15,NA,NA,NA,NA,NA,NA,NA,NA,NA,4,2.75,1,Base,Physician,Physician,Not Recorded,No AI,2,165.053,2,"significant drug-interaction between tacrolimus and protease inhibitor, based on previous exposure will need tacrolimus dosed less frequently if needs to stay on protease inhibitor",0,0.5,1,1.5,0.5
R_2E73GKMwJFofKko,55.80270386,-4.068405151,C0R1A,1,Academic,0,1,3,4,1,1,3,1,5,5,5,5,4,5,4,4,4,2,3,5,4,1,1,5,4,5,4,5,54,20,5,5,5,2.6666666666666665,1.6666666666666667,5,5,4.666666666666667,4,4.6,2.75,2,C0R1,Physician,Physician,Not Recorded,What,1,131.916,3,"Lower levels in pregnancy recognized due to physiological changes, better GFR.",0,6,2,3,6
R_2E73GKMwJFofKko,55.80270386,-4.068405151,C0R1A,1,Academic,0,1,3,4,1,1,3,1,5,5,5,5,4,5,4,4,4,2,3,5,4,1,1,5,4,5,4,5,54,20,5,5,5,2.6666666666666665,1.6666666666666667,5,5,4.666666666666667,4,4.6,2.75,2,C0R1,Physician,Physician,Not Recorded,What,2,286.845,2,Previously very high level. Would check levels 2/3 days after this change. Following once a week dosing sounds too risky with no monitoring specified.,0,0.5,1,1.5,0.5
R_33dTPiNFjGWfCQW,55.95100403,-3.19720459,C0R0C,1,Commercial,0,0,2,4,1,1,2,2,1,1,3,3,3,3,2,2,2,1,2,2,4,3,2,4,4,4,4,4,53,20,5,3,4,2.3333333333333335,1.6666666666666667,4,1.6666666666666667,3,2,4,2.75,1,C0R0,Physician,Physician,Not Recorded,Global,1,92.425,3,I would increase the dose incrementally rather than such a large jump,0,6,2,3,6
R_33dTPiNFjGWfCQW,55.95100403,-3.19720459,C0R0C,1,Commercial,0,0,2,4,1,1,2,2,1,1,3,3,3,3,2,2,2,1,2,2,4,3,2,4,4,4,4,4,53,20,5,3,4,2.3333333333333335,1.6666666666666667,4,1.6666666666666667,3,2,4,2.75,1,C0R0,Physician,Physician,Not Recorded,Global,2,129.975,2,Monitor closely with introduction of drug and amend as required to reach the required trough levels.,0,0.5,1,1.5,0.5
R_5pUg30js1uvjzB7,45.48039246,-122.5890961,C0R1A,1,Academic,0,1,4,5,2,2,3,3,3,3,3,2,4,5,3,3,2,4,2,4,2,2,2,5,5,5,5,5,34,5.5,4,4,4,3.6666666666666665,2.6666666666666665,4,3,3.6666666666666665,2.6666666666666665,5,2.5,4,C0R1,Non-Physician,Nurse,Not Recorded,What,1,138.037,3,"She needs more tacrolimus due to low level, likely caused by pregnancy, Cr is good and stable to not worried about rejection at this time, would repeat labs in 1 week and increase dose again if needed.",0,6,2,3,6
R_5pUg30js1uvjzB7,45.48039246,-122.5890961,C0R1A,1,Academic,0,1,4,5,2,2,3,3,3,3,3,2,4,5,3,3,2,4,2,4,2,2,2,5,5,5,5,5,34,5.5,4,4,4,3.6666666666666665,2.6666666666666665,4,3,3.6666666666666665,2.6666666666666665,5,2.5,4,C0R1,Non-Physician,Nurse,Not Recorded,What,2,120.167,2,NA,0,0.5,1,1.5,0.5
R_3ptlGBbrxUv4aTw,42.33990479,-71.12449646,C1R1C,1,Commercial,1,1,4,3,4,2,4,2,3,2,2,2,1,2,2,2,1,2,1,1,1,1,2,3,3,4,4,3,32,10,4,4,2,3.6666666666666665,2.6666666666666665,3.3333333333333335,2.3333333333333335,1.6666666666666667,1.6666666666666667,3.4,1.25,2,C1R1,Non-Physician,Nurse,Not Recorded,What + Conf,1,124.809,3,"Her level is 2.4 on 4mg daily, she should come up to a level around 5 with an increased dose of 6mg daily",0,6,2,3,6
R_3ptlGBbrxUv4aTw,42.33990479,-71.12449646,C1R1C,1,Commercial,1,1,4,3,4,2,4,2,3,2,2,2,1,2,2,2,1,2,1,1,1,1,2,3,3,4,4,3,32,10,4,4,2,3.6666666666666665,2.6666666666666665,3.3333333333333335,2.3333333333333335,1.6666666666666667,1.6666666666666667,3.4,1.25,2,C1R1,Non-Physician,Nurse,Not Recorded,What + Conf,2,185.317,2,Going down to weekly dosing is dangerous. His tacro level may not increase as quickly as you think and going to weekly dosing puts him at risk for rejection. Getting every other day or twice weekly levels is more reasonable when first starting the new drug.,0,0.5,1,1.5,0.5
R_2VByaOtRtLL3oUU,39.11909485,-84.35099792,Baseline,0,n/a,n/a,n/a,NA,NA,NA,NA,NA,NA,NA,NA,NA,NA,NA,NA,NA,NA,NA,2,2,4,4,2,2,4,3,4,4,4,40,15,NA,NA,NA,NA,NA,NA,NA,NA,NA,3.8,3,2,Base,Non-Physician,Pharmacist,Not Recorded,No AI,1,113.645,3,"Tacrolimus trough is below target level, so need to increase the dose.  This is particularly important in the face of having been off mycophenolate and on azathioprine instead.",0,6,2,3,6
R_2VByaOtRtLL3oUU,39.11909485,-84.35099792,Baseline,0,n/a,n/a,n/a,NA,NA,NA,NA,NA,NA,NA,NA,NA,NA,NA,NA,NA,NA,NA,2,2,4,4,2,2,4,3,4,4,4,40,15,NA,NA,NA,NA,NA,NA,NA,NA,NA,3.8,3,2,Base,Non-Physician,Pharmacist,Not Recorded,No AI,2,137.89,4,Need a dose reduction when he PI is reintroduced which will increase the tacro exposure.,0,0.5,1,3.5,0.5
R_4SLowdINqsXksi5,39.18479919,-84.34480286,C0R0A,1,Academic,0,0,3,2,4,3,4,3,2,3,3,3,4,4,4,3,3,1,2,2,4,3,2,4,4,4,4,4,42,8,4,5,4,3,3.3333333333333335,4.333333333333333,2.6666666666666665,3.6666666666666665,3.3333333333333335,4,2.75,1,C0R0,Physician,Physician,Not Recorded,Global,1,103.276,3,low level,0,6,2,3,6
R_4SLowdINqsXksi5,39.18479919,-84.34480286,C0R0A,1,Academic,0,0,3,2,4,3,4,3,2,3,3,3,4,4,4,3,3,1,2,2,4,3,2,4,4,4,4,4,42,8,4,5,4,3,3.3333333333333335,4.333333333333333,2.6666666666666665,3.6666666666666665,3.3333333333333335,4,2.75,1,C0R0,Physician,Physician,Not Recorded,Global,2,114.595,4,"decrease to 0.5 mg but check closely with protease inhibitor.
be prepared to hold..

",0,0.5,1,3.5,0.5
R_8wzw0yKl3DgvOG5,38.93240356,-77.02709961,Baseline,0,n/a,n/a,n/a,NA,NA,NA,NA,NA,NA,NA,NA,NA,NA,NA,NA,NA,NA,NA,2,2,3,4,2,3,4,4,4,4,4,41,7,NA,NA,NA,NA,NA,NA,NA,NA,NA,4,3,2,Base,Physician,Physician,Not Recorded,No AI,1,119.593,3,"Low tac level currently, but I acknowledge that there are higher free tac levels in pregnancy",0,6,2,3,6
R_8wzw0yKl3DgvOG5,38.93240356,-77.02709961,Baseline,0,n/a,n/a,n/a,NA,NA,NA,NA,NA,NA,NA,NA,NA,NA,NA,NA,NA,NA,NA,2,2,3,4,2,3,4,4,4,4,4,41,7,NA,NA,NA,NA,NA,NA,NA,NA,NA,4,3,2,Base,Physician,Physician,Not Recorded,No AI,2,125.487,4,Drug interactions,0,0.5,1,3.5,0.5
R_1MX8cTiGzFBKWoQ,38.91720581,-77.07089996,C1R1C,1,Commercial,1,1,1,3,1,1,3,1,2,1,1,2,4,5,1,1,1,1,1,2,2,3,3,4,4,3,3,4,41,7,2,4,2,1.6666666666666667,1.6666666666666667,2.6666666666666665,1.3333333333333333,3.6666666666666665,1,3.6,2.5,1,C1R1,Physician,Physician,Not Recorded,What + Conf,1,118.208,3,small incremental changes are better than drastic changes based on 1 lab value,0,6,2,3,6
R_1MX8cTiGzFBKWoQ,38.91720581,-77.07089996,C1R1C,1,Commercial,1,1,1,3,1,1,3,1,2,1,1,2,4,5,1,1,1,1,1,2,2,3,3,4,4,3,3,4,41,7,2,4,2,1.6666666666666667,1.6666666666666667,2.6666666666666665,1.3333333333333333,3.6666666666666665,1,3.6,2.5,1,C1R1,Physician,Physician,Not Recorded,What + Conf,2,147.34,4,NA,0,0.5,1,3.5,0.5
R_3DdNxTRbQm7FWXp,39.99139404,-83.00340271,C0R1A,1,Academic,0,1,2,3,3,2,2,1,2,2,1,3,4,3,1,1,2,1,1,2,2,3,4,4,5,5,5,4,56,26,4,5,5,2.6666666666666665,1.6666666666666667,4.666666666666667,1.6666666666666667,3.3333333333333335,1.3333333333333333,4.6,2.75,1,C0R1,Physician,Physician,Not Recorded,What,1,116.542,3,a total of 12 mg daily is too high and is likely to result in toxicity,0,6,2,3,6
R_3DdNxTRbQm7FWXp,39.99139404,-83.00340271,C0R1A,1,Academic,0,1,2,3,3,2,2,1,2,2,1,3,4,3,1,1,2,1,1,2,2,3,4,4,5,5,5,4,56,26,4,5,5,2.6666666666666665,1.6666666666666667,4.666666666666667,1.6666666666666667,3.3333333333333335,1.3333333333333333,4.6,2.75,1,C0R1,Physician,Physician,Not Recorded,What,2,67.956,4,drug interactions with HAART likely to change tacro levels,0,0.5,1,3.5,0.5
R_248J9jQqr8s3bJE,34.05439758,-118.2440033,C0R1C,1,Commercial,0,1,4,3,3,1,5,2,2,3,2,2,3,4,2,3,2,1,2,2,5,3,3,4,5,3,3,5,37,11,4,4,2,3.3333333333333335,2.6666666666666665,3.3333333333333335,2.3333333333333335,3,2.3333333333333335,4,3.25,1,C0R1,Physician,Physician,Not Recorded,What,1,92.941,3,"Slightly too low, wouldn’t go too high, as Creatinine is good",0,6,2,3,6
R_248J9jQqr8s3bJE,34.05439758,-118.2440033,C0R1C,1,Commercial,0,1,4,3,3,1,5,2,2,3,2,2,3,4,2,3,2,1,2,2,5,3,3,4,5,3,3,5,37,11,4,4,2,3.3333333333333335,2.6666666666666665,3.3333333333333335,2.3333333333333335,3,2.3333333333333335,4,3.25,1,C0R1,Physician,Physician,Not Recorded,What,2,157.784,4,Wouldn’t change anything as he is in the target range and crea not too high,0,0.5,1,3.5,0.5
R_3HN3JbxEBPMkQGR,41.80180359,-87.59929657,C1R0C,1,Commercial,1,0,2,2,2,4,5,1,3,4,2,4,5,5,3,3,2,1,3,4,2,2,2,4,4,5,5,4,25,0,2,3,2,2,3.3333333333333335,2.3333333333333335,3,4.666666666666667,2.6666666666666665,4.4,2.5,1,C1R0,Physician,Physician,Not Recorded,Conf,1,137.602,3,2mg BID to 6mg BID is a big jump. I think it would be safer to increase the dose in smaller increments and monitor for therapeutic drug levels. It can be increased further if levels remain low.,0,6,2,3,6
R_3HN3JbxEBPMkQGR,41.80180359,-87.59929657,C1R0C,1,Commercial,1,0,2,2,2,4,5,1,3,4,2,4,5,5,3,3,2,1,3,4,2,2,2,4,4,5,5,4,25,0,2,3,2,2,3.3333333333333335,2.3333333333333335,3,4.666666666666667,2.6666666666666665,4.4,2.5,1,C1R0,Physician,Physician,Not Recorded,Conf,2,227.962,4,It appears that the HIV regimen increases levels of tacrolimus in this patient so it is reasonable to reduce his tacro dose in anticipation of this. The AI recommendation seems reasonable and I would feel comfortable cutting the tacro dose in half and closely monitoring.,0,0.5,1,3.5,0.5
R_2uIEpsYSaS0Gujo,41.8782959,-87.69069672,Baseline,0,n/a,n/a,n/a,NA,NA,NA,NA,NA,NA,NA,NA,NA,NA,NA,NA,NA,NA,NA,2,2,4,3,3,2,3,4,4,3,4,28,1,NA,NA,NA,NA,NA,NA,NA,NA,NA,3.6,3,2,Base,Non-Physician,Pharmacist,Not Recorded,No AI,1,123.07,3,"low FK level, increased Vd with pregnancy, goal of 5-6",0,6,2,3,6
R_2uIEpsYSaS0Gujo,41.8782959,-87.69069672,Baseline,0,n/a,n/a,n/a,NA,NA,NA,NA,NA,NA,NA,NA,NA,NA,NA,NA,NA,NA,NA,2,2,4,3,3,2,3,4,4,3,4,28,1,NA,NA,NA,NA,NA,NA,NA,NA,NA,3.6,3,2,Base,Non-Physician,Pharmacist,Not Recorded,No AI,2,216.239,4,"previous exposure patterns, already within goal level, premptive decrease",0,0.5,1,3.5,0.5
R_1Qbd5fpgTi9Sly1,39.6519928,-79.94439697,Baseline,0,n/a,n/a,n/a,NA,NA,NA,NA,NA,NA,NA,NA,NA,NA,NA,NA,NA,NA,NA,2,2,1,2,2,2,4,4,5,5,4,36,10,NA,NA,NA,NA,NA,NA,NA,NA,NA,4.4,1.75,2,Base,Non-Physician,Pharmacist,Not Recorded,No AI,1,480.78,3,"As stated, goal level for this patient is 5-6.  Tacrolimus level might have decreased because of decrease albumin synthesis which increases free Prograf concentrations but makes total level decrease.  Increasing dose by < 50% is reasonable,  Would like to know if any other medications were started.",0,6,2,3,6
R_1Qbd5fpgTi9Sly1,39.6519928,-79.94439697,Baseline,0,n/a,n/a,n/a,NA,NA,NA,NA,NA,NA,NA,NA,NA,NA,NA,NA,NA,NA,NA,2,2,1,2,2,2,4,4,5,5,4,36,10,NA,NA,NA,NA,NA,NA,NA,NA,NA,4.4,1.75,2,Base,Non-Physician,Pharmacist,Not Recorded,No AI,2,238.444,4,Decrease tacrolimus dose by 50% and re-check level ASAP to re-evaluate the levels.,0,0.5,1,3.5,0.5
R_2c5aTJH5MQ2qpQN,41.26860046,-72.96510315,Baseline,0,n/a,n/a,n/a,NA,NA,NA,NA,NA,NA,NA,NA,NA,NA,NA,NA,NA,NA,NA,2,3,4,2,3,3,4,4,4,3,3,31,1,NA,NA,NA,NA,NA,NA,NA,NA,NA,3.6,3,2,Base,Physician,Physician,Not Recorded,No AI,1,95.401,3,Reduction of tacro levels that were previously well controlled on tacro 2/2,0,6,2,3,6
R_2c5aTJH5MQ2qpQN,41.26860046,-72.96510315,Baseline,0,n/a,n/a,n/a,NA,NA,NA,NA,NA,NA,NA,NA,NA,NA,NA,NA,NA,NA,NA,2,3,4,2,3,3,4,4,4,3,3,31,1,NA,NA,NA,NA,NA,NA,NA,NA,NA,3.6,3,2,Base,Physician,Physician,Not Recorded,No AI,2,147.65,8,Tacro dose is significantly lower than what he was taking prior to starting darunavir,0,0.5,1,7.5,0.5
R_1QKOnA5zFAJFX5f,41.22079468,-75.77359772,C1R1C,1,Commercial,1,1,3,2,4,2,2,1,3,2,2,3,1,2,3,2,1,2,2,5,4,4,1,3,1,3,1,2,37,6,4,4,1,3,1.6666666666666667,3,2.3333333333333335,2,2,2,3.5,2,C1R1,Non-Physician,Nurse,Not Recorded,What + Conf,1,40.083,3,NA,0,6,2,3,6
R_1QKOnA5zFAJFX5f,41.22079468,-75.77359772,C1R1C,1,Commercial,1,1,3,2,4,2,2,1,3,2,2,3,1,2,3,2,1,2,2,5,4,4,1,3,1,3,1,2,37,6,4,4,1,3,1.6666666666666667,3,2.3333333333333335,2,2,2,3.5,2,C1R1,Non-Physician,Nurse,Not Recorded,What + Conf,2,33.728,8,NA,0,0.5,1,7.5,0.5
R_3epZfOEzwnWZBKq,51.50259399,-0.065994263,C1R1A,1,Academic,1,1,2,4,1,1,3,1,2,2,1,2,4,5,1,1,1,2,2,1,2,3,4,5,5,5,4,5,49,25,5,5,5,2.3333333333333335,1.6666666666666667,5,1.6666666666666667,3.6666666666666665,1,4.8,2.5,2,C1R1,Physician,Physician,Not Recorded,What + Conf,1,129.334,3,"tripling the dose is too much
",0,6,2,3,6
R_3epZfOEzwnWZBKq,51.50259399,-0.065994263,C1R1A,1,Academic,1,1,2,4,1,1,3,1,2,2,1,2,4,5,1,1,1,2,2,1,2,3,4,5,5,5,4,5,49,25,5,5,5,2.3333333333333335,1.6666666666666667,5,1.6666666666666667,3.6666666666666665,1,4.8,2.5,2,C1R1,Physician,Physician,Not Recorded,What + Conf,2,176.61,NA,Patient should seek legal advice about use of a PI,NA,0.5,1,NA,0.5
R_Z2Z3Yn7DNViJVxD,42.34640503,-71.09750366,C1R1C,1,Commercial,1,1,3,5,2,1,5,1,3,3,3,3,3,4,3,4,3,3,3,3,4,2,1,3,2,4,3,4,44,14,5,4,3,3.3333333333333335,2.3333333333333335,4,3,3.3333333333333335,3.3333333333333335,3.2,2.5,3,C1R1,Non-Physician,NA,Not Recorded,What + Conf,1,93.752,2.5,NA,0,6,2,3.5,6
R_Z2Z3Yn7DNViJVxD,42.34640503,-71.09750366,C1R1C,1,Commercial,1,1,3,5,2,1,5,1,3,3,3,3,3,4,3,4,3,3,3,3,4,2,1,3,2,4,3,4,44,14,5,4,3,3.3333333333333335,2.3333333333333335,4,3,3.3333333333333335,3.3333333333333335,3.2,2.5,3,C1R1,Non-Physician,NA,Not Recorded,What + Conf,2,309.196,0.5,NA,1,0.5,1,0,0.5
R_2V3ZncEerVlWCzh,45.50590515,-73.6309967,C0R1C,1,Commercial,0,1,4,5,1,1,4,4,4,4,4,4,4,4,4,4,4,3,2,4,2,2,2,3,4,4,4,4,41,3,4,4,2,3.3333333333333335,3,3.3333333333333335,4,4,4,3.8,2.5,3,C0R1,Physician,Physician,Not Recorded,What,1,152.225,2.5,pregnancy is a dynamic fluctuating process so gradual dose adjustments seem reasonable.,0,6,2,3.5,6
R_2V3ZncEerVlWCzh,45.50590515,-73.6309967,C0R1C,1,Commercial,0,1,4,5,1,1,4,4,4,4,4,4,4,4,4,4,4,3,2,4,2,2,2,3,4,4,4,4,41,3,4,4,2,3.3333333333333335,3,3.3333333333333335,4,4,4,3.8,2.5,3,C0R1,Physician,Physician,Not Recorded,What,2,260.671,0.5,Discussion with pharmacist who has experience with managing this sort of drug interaction.,1,0.5,1,0,0.5
R_3JquJjfgpBmhz4C,34.06750488,-118.3520966,C0R0C,1,Commercial,0,0,4,4,1,1,4,3,2,2,3,3,3,4,2,3,2,2,1,2,3,3,3,3,4,3,3,5,49,8,5,2,2,3,2.6666666666666665,3,2.3333333333333335,3.3333333333333335,2.3333333333333335,3.6,2.75,2,C0R0,Non-Physician,Midlevel Provider,Not Recorded,Global,1,97.208,2.5,achieving target trough level,0,6,2,3.5,6
R_3JquJjfgpBmhz4C,34.06750488,-118.3520966,C0R0C,1,Commercial,0,0,4,4,1,1,4,3,2,2,3,3,3,4,2,3,2,2,1,2,3,3,3,3,4,3,3,5,49,8,5,2,2,3,2.6666666666666665,3,2.3333333333333335,3.3333333333333335,2.3333333333333335,3.6,2.75,2,C0R0,Non-Physician,Midlevel Provider,Not Recorded,Global,2,191.747,1,NA,1,0.5,1,0.5,0.5
R_3MArJmh6uxdKL4d,44.91740417,-92.94779968,Baseline,0,n/a,n/a,n/a,NA,NA,NA,NA,NA,NA,NA,NA,NA,NA,NA,NA,NA,NA,NA,2,2,5,4,1,1,4,4,4,4,4,37,5,NA,NA,NA,NA,NA,NA,NA,NA,NA,4,2.75,2,Base,Non-Physician,Nurse,Not Recorded,No AI,1,188.024,2.5,"She is subtherapeutic on her Tacro level. She is now 20 weeks pregnant so her blood volume is increasing. This is when we typically see IS levels drop, it is important to stay close to her dosing at this time until a new baseline can be achieved.",0,6,2,3.5,6
R_3MArJmh6uxdKL4d,44.91740417,-92.94779968,Baseline,0,n/a,n/a,n/a,NA,NA,NA,NA,NA,NA,NA,NA,NA,NA,NA,NA,NA,NA,NA,2,2,5,4,1,1,4,4,4,4,4,37,5,NA,NA,NA,NA,NA,NA,NA,NA,NA,4,2.75,2,Base,Non-Physician,Nurse,Not Recorded,No AI,2,1314.404,2,previous simultaneous dosing lead to dangerous IS drug levels. This patient should be consulted with nephrology and expect to go to EOD dosing at first and find therapeutic levels from there.,0,0.5,1,1.5,0.5
R_3rTWq7KZ7jgbpj3,-34.60209656,-58.3844986,Baseline,0,n/a,n/a,n/a,NA,NA,NA,NA,NA,NA,NA,NA,NA,NA,NA,NA,NA,NA,NA,2,2,5,4,3,4,3,3,2,2,4,52,24,NA,NA,NA,NA,NA,NA,NA,NA,NA,2.8,4,2,Base,Physician,Physician,Not Recorded,No AI,1,277.389,2.5,"Despite the To TACR level is below the goal, she has been doing well lately. I would increase it gradually and test a new though level in a week-time. Tacrolimus complications as hypertension, TMA and hyperglycemia would not be welcome, particularly during the late phase of pregnancy.",0,6,2,3.5,6
R_3rTWq7KZ7jgbpj3,-34.60209656,-58.3844986,Baseline,0,n/a,n/a,n/a,NA,NA,NA,NA,NA,NA,NA,NA,NA,NA,NA,NA,NA,NA,NA,2,2,5,4,3,4,3,3,2,2,4,52,24,NA,NA,NA,NA,NA,NA,NA,NA,NA,2.8,4,2,Base,Physician,Physician,Not Recorded,No AI,2,224.916,2,I would check the blood levels more frequently (twice a week) and adjust dose according to trough levels. I have separated the intake due to previous experience.,0,0.5,1,1.5,0.5
R_wSEq1SgXynnOlBn,42.34640503,-71.09750366,C1R0A,1,Academic,1,0,3,4,1,1,4,1,2,2,2,2,3,5,2,2,2,2,2,2,4,3,1,4,4,4,4,4,42,11,5,4,5,2.6666666666666665,2,4.666666666666667,2,3.3333333333333335,2,4,2.5,2,C1R0,Non-Physician,Pharmacist,Not Recorded,Conf,1,425.583,2.5,"Scr stable (no evidence of acute rejection), risking AKI with supra-therapeutic level could lead to maternal/fetal distress, so would rather be on the conservative side with increase in dose, also recognizing volume of distribution has increased with pregnancy so not totally surprised that the dose may need to be slightly increased to maintain therapeutic serum levels. Please note your paragraph description says her Scr is stable at 0.51, but the EMR says 0.61...discrepant information?",0,6,2,3.5,6
R_wSEq1SgXynnOlBn,42.34640503,-71.09750366,C1R0A,1,Academic,1,0,3,4,1,1,4,1,2,2,2,2,3,5,2,2,2,2,2,2,4,3,1,4,4,4,4,4,42,11,5,4,5,2.6666666666666665,2,4.666666666666667,2,3.3333333333333335,2,4,2.5,2,C1R0,Non-Physician,Pharmacist,Not Recorded,Conf,2,758.704,2,"new HIV med is significant inhibitor of tacrolimus metabolism, requiring dose reduction. Having never dealt with this interaction personally, and with no specific recommendations in the PI, I would do a 75% dose reduction and follow levels. If level is too high, patient has already shown easy recovery from AKI, but if level is too low patient would potentially be at risk for rejection.",0,0.5,1,1.5,0.5
R_1poKVqEborrlgoQ,44.96910095,-93.28430176,Baseline,0,n/a,n/a,n/a,NA,NA,NA,NA,NA,NA,NA,NA,NA,NA,NA,NA,NA,NA,NA,1,1,5,1,1,5,5,5,5,5,5,39,1.5,NA,NA,NA,NA,NA,NA,NA,NA,NA,5,3,1,Base,Physician,Physician,Not Recorded,No AI,1,170.592,2.5,Tac level is sub therapeutic and I want to easy on adjustment.,0,6,2,3.5,6
R_1poKVqEborrlgoQ,44.96910095,-93.28430176,Baseline,0,n/a,n/a,n/a,NA,NA,NA,NA,NA,NA,NA,NA,NA,NA,NA,NA,NA,NA,NA,1,1,5,1,1,5,5,5,5,5,5,39,1.5,NA,NA,NA,NA,NA,NA,NA,NA,NA,5,3,1,Base,Physician,Physician,Not Recorded,No AI,2,120.98,4,I want to make adjustment for possible interaction,0,0.5,1,3.5,0.5
R_undYKtUIMQsOoCt,33.68710327,-84.15100098,C1R1C,1,Commercial,1,1,4,3,4,1,5,3,4,3,3,4,4,3,2,4,4,2,2,3,4,2,1,4,4,3,3,3,44,2,4,4,3,3.6666666666666665,3,3.6666666666666665,3.3333333333333335,3.6666666666666665,3.3333333333333335,3.4,2.5,2,C1R1,Non-Physician,Nurse,Not Recorded,What + Conf,1,351.721,2.5,Since she is pregnant you don't want to increase her Tacrolimus level too much as Tacrolimus can also cause kidney problems. A gradual increase with biweekly monitoring until appropriate Tac target is acquired.,0,6,2,3.5,6
R_undYKtUIMQsOoCt,33.68710327,-84.15100098,C1R1C,1,Commercial,1,1,4,3,4,1,5,3,4,3,3,4,4,3,2,4,4,2,2,3,4,2,1,4,4,3,3,3,44,2,4,4,3,3.6666666666666665,3,3.6666666666666665,3.3333333333333335,3.6666666666666665,3.3333333333333335,3.4,2.5,2,C1R1,Non-Physician,Nurse,Not Recorded,What + Conf,2,285.207,8,I'd keep his Tac dose the same since he has been restarted on the HIV regime and would require him to be closely monitored with monthly lab draws,0,0.5,1,7.5,0.5
R_3lJLMjGJLehEKYD,38.57929993,-90.42199707,C1R1C,1,Academic,1,1,3,4,3,3,4,4,2,3,2,2,5,5,3,2,2,3,2,4,4,3,1,4,4,4,4,5,37,8,5,4,3,3.3333333333333335,3.6666666666666665,4,2.3333333333333335,4,2.3333333333333335,4.2,3,3,C1R1,Non-Physician,Pharmacist,Not Recorded,What + Conf,1,431.021,2,"Patient have been stable on the same dose of tacrolimus and achieved target level of tacrolimus for the past 7 months.  It's possible that patient may have missed a dose or have thrown up dose due to pregnancy that lead to lower than expected level.  Given patient's SrCr is still normal, will likely call patient to confirm and to recheck level.  The recommended dose from transplant AI seems unusually high with high confidence.  Transplant AI should be tailoring algorithm based on patient TDM history and adjust AUC accordingly.",0,6,2,4,6
R_3lJLMjGJLehEKYD,38.57929993,-90.42199707,C1R1C,1,Academic,1,1,3,4,3,3,4,4,2,3,2,2,5,5,3,2,2,3,2,4,4,3,1,4,4,4,4,5,37,8,5,4,3,3.3333333333333335,3.6666666666666665,4,2.3333333333333335,4,2.3333333333333335,4.2,3,3,C1R1,Non-Physician,Pharmacist,Not Recorded,What + Conf,2,381.631,0.5,"The darunavir/ritonavir interaction with tacrolimus is significant.  Given the dose needs to be decreased by close to 99%, would start off with 0.5mg once weekly.  In this case, the AI have taken into account interaction profile and made dose adjustments accordingly.",1,0.5,1,0,0.5
R_2zCFNl5TPd6MjLp,37.42300415,-122.1638947,C1R0A,1,Academic,1,0,3,4,2,2,5,3,2,4,2,3,4,4,2,3,3,1,1,1,4,3,3,4,4,4,4,4,44,8,5,4,4,3,3.3333333333333335,4.333333333333333,2.6666666666666665,3.6666666666666665,2.6666666666666665,4,2.75,1,C1R0,Physician,Physician,Not Recorded,Conf,1,68.855,2,NA,0,6,2,4,6
R_2zCFNl5TPd6MjLp,37.42300415,-122.1638947,C1R0A,1,Academic,1,0,3,4,2,2,5,3,2,4,2,3,4,4,2,3,3,1,1,1,4,3,3,4,4,4,4,4,44,8,5,4,4,3,3.3333333333333335,4.333333333333333,2.6666666666666665,3.6666666666666665,2.6666666666666665,4,2.75,1,C1R0,Physician,Physician,Not Recorded,Conf,2,66.831,0.5,NA,1,0.5,1,0,0.5
R_3LiP8P7or3IEhUQ,39.93400574,-75.16000366,C1R1C,1,Commercial,1,1,3,4,2,1,4,2,2,2,3,4,3,4,2,2,2,2,2,3,3,3,2,4,4,4,4,4,25,3,5,3,3,3,2.3333333333333335,3.6666666666666665,2.3333333333333335,3.6666666666666665,2,4,2.75,2,C1R1,Non-Physician,Pharmacist,Not Recorded,What + Conf,1,411.979,2,Pregnancy increases unbound tacro conc. Level not accurate representation during pregnancy.,0,6,2,4,6
R_3LiP8P7or3IEhUQ,39.93400574,-75.16000366,C1R1C,1,Commercial,1,1,3,4,2,1,4,2,2,2,3,4,3,4,2,2,2,2,2,3,3,3,2,4,4,4,4,4,25,3,5,3,3,3,2.3333333333333335,3.6666666666666665,2.3333333333333335,3.6666666666666665,2,4,2.75,2,C1R1,Non-Physician,Pharmacist,Not Recorded,What + Conf,2,161.121,0.5,NA,1,0.5,1,0,0.5
R_3KJkRJR8OXeFLGM,44.04840088,-92.49479675,C1R1C,1,Commercial,1,1,4,5,3,2,5,3,3,3,1,3,4,2,3,2,3,1,2,3,2,5,4,4,4,4,4,5,29,3,5,3,3,4,3.3333333333333335,3.6666666666666665,2.3333333333333335,3,2.6666666666666665,4.2,3.5,1,C1R1,Non-Physician,Pharmacist,Not Recorded,What + Conf,1,293.801,2,Physiologic changes in pregnancy shift the proportion of unbound tacrolimus. Likely a level of 2.4 is truly within goal range when considering the inbound concentration. Since she is clinically stable I would recommend monitoring with small dose adjustments if necessary.,0,6,2,4,6
R_3KJkRJR8OXeFLGM,44.04840088,-92.49479675,C1R1C,1,Commercial,1,1,4,5,3,2,5,3,3,3,1,3,4,2,3,2,3,1,2,3,2,5,4,4,4,4,4,5,29,3,5,3,3,4,3.3333333333333335,3.6666666666666665,2.3333333333333335,3,2.6666666666666665,4.2,3.5,1,C1R1,Non-Physician,Pharmacist,Not Recorded,What + Conf,2,257.901,0.5,Previous exposure to the combo demonstrates his sensitivity. Could follow the AI recommendation but spot check a level sooner to make sure we are in track not out the patient at risk of sub therapeutic exposure.,1,0.5,1,0,0.5
R_2wRDedXKg1qbJUS,33.79519653,-84.32479858,C0R1A,1,Academic,0,1,4,4,2,3,4,2,2,2,3,4,5,5,4,4,3,3,2,3,3,2,3,3,3,3,3,2,42,12,4,4,4,3.3333333333333335,3,4,2.3333333333333335,4.666666666666667,3.6666666666666665,2.8,2.75,3,C0R1,Physician,Physician,Not Recorded,What,1,63.036,2,seems more consistent with false lab value,0,6,2,4,6
R_2wRDedXKg1qbJUS,33.79519653,-84.32479858,C0R1A,1,Academic,0,1,4,4,2,3,4,2,2,2,3,4,5,5,4,4,3,3,2,3,3,2,3,3,3,3,3,2,42,12,4,4,4,3.3333333333333335,3,4,2.3333333333333335,4.666666666666667,3.6666666666666665,2.8,2.75,3,C0R1,Physician,Physician,Not Recorded,What,2,147.729,1,NA,1,0.5,1,0.5,0.5
R_stEVbgBmMhr4HlL,35.91529846,-79.03859711,C1R1C,1,Commercial,1,1,4,5,1,1,5,3,3,3,4,5,4,4,4,4,4,1,1,3,3,2,2,4,4,4,4,5,43,10,2,4,3,3.3333333333333335,3,3,3.3333333333333335,4.333333333333333,4,4.2,2.5,1,C1R1,Physician,Physician,Not Recorded,What + Conf,1,181.095,2,"I generally do not make changes to tac or other medications based on a single set of labs/levels.  I would confirm timing of dose(s), timing of the trough level, make sure no new medications, etc prior to changing the dose.  I would also recheck a level after a week or so.  based on the second time point, if still in the mid two range, I would adjust upward & would use the advice of the AI.",0,6,2,4,6
R_stEVbgBmMhr4HlL,35.91529846,-79.03859711,C1R1C,1,Commercial,1,1,4,5,1,1,5,3,3,3,4,5,4,4,4,4,4,1,1,3,3,2,2,4,4,4,4,5,43,10,2,4,3,3.3333333333333335,3,3,3.3333333333333335,4.333333333333333,4,4.2,2.5,1,C1R1,Physician,Physician,Not Recorded,What + Conf,2,155.4,2,"past experience with patients similar to this along with the patient's own story influence this decision.  I would also draw daily tac level after this dosing & consider performing AUC.  Finally, I would not use tac, I would use bela in this patient, an option that the AI does not suggest!",0,0.5,1,1.5,0.5
R_3PEOVdj6COgGTva,40.7263031,-73.98179626,C0R0C,1,Commercial,0,0,4,5,1,1,3,1,2,5,2,5,5,5,2,2,4,1,1,5,2,1,1,3,4,3,3,4,43,5,3,5,4,3.3333333333333335,1.6666666666666667,4,3,5,2.6666666666666665,3.4,2.25,1,C0R0,Physician,Physician,Not Recorded,Global,1,166.026,2,I would recheck the lab before making any decisions....it seems that she was stable on this dosing before hand.   If the trough are indeed low ... I would start incrementally with 3/3 and move up slowly,0,6,2,4,6
R_3PEOVdj6COgGTva,40.7263031,-73.98179626,C0R0C,1,Commercial,0,0,4,5,1,1,3,1,2,5,2,5,5,5,2,2,4,1,1,5,2,1,1,3,4,3,3,4,43,5,3,5,4,3.3333333333333335,1.6666666666666667,4,3,5,2.6666666666666665,3.4,2.25,1,C0R0,Physician,Physician,Not Recorded,Global,2,413.897,4,I agree with this change....though the November trough has nothing to do with overall picture as the trough was November 2018,0,0.5,1,3.5,0.5
R_38eatLMjCqE4TGV,41.01800537,28.92999268,Baseline,0,n/a,n/a,n/a,NA,NA,NA,NA,NA,NA,NA,NA,NA,NA,NA,NA,NA,NA,NA,3,4,4,4,2,2,3,3,5,3,3,53,4,NA,NA,NA,NA,NA,NA,NA,NA,NA,3.4,3,3,Base,Physician,Physician,Not Recorded,No AI,1,536.28,2,The patient is kept at the desired drug level with the currently administered dose.,0,6,2,4,6
R_38eatLMjCqE4TGV,41.01800537,28.92999268,Baseline,0,n/a,n/a,n/a,NA,NA,NA,NA,NA,NA,NA,NA,NA,NA,NA,NA,NA,NA,NA,3,4,4,4,2,2,3,3,5,3,3,53,4,NA,NA,NA,NA,NA,NA,NA,NA,NA,3.4,3,3,Base,Physician,Physician,Not Recorded,No AI,2,248.863,4,Dose should be reduced to prevent the side effects of tacrolimus.,0,0.5,1,3.5,0.5
R_1pEDc3bMSbc6JGi,39.08509827,-77.05899811,C0R1C,1,Commercial,0,1,4,4,4,3,3,2,3,3,3,3,3,4,3,3,3,2,2,3,3,3,2,4,4,4,4,5,31,5,5,4,4,4,2.6666666666666665,4.333333333333333,3,3.3333333333333335,3,4.2,2.75,2,C0R1,Non-Physician,Nurse,Not Recorded,What,1,147.185,2,Not a high risk of rejection ; hormones in second trimester you should increase but delicate balance,0,6,2,4,6
R_1pEDc3bMSbc6JGi,39.08509827,-77.05899811,C0R1C,1,Commercial,0,1,4,4,4,3,3,2,3,3,3,3,3,4,3,3,3,2,2,3,3,3,2,4,4,4,4,5,31,5,5,4,4,4,2.6666666666666665,4.333333333333333,3,3.3333333333333335,3,4.2,2.75,2,C0R1,Non-Physician,Nurse,Not Recorded,What,2,102.349,8,Protease inhibitors aren’t a favorable variable in this equation,0,0.5,1,7.5,0.5
R_Bx1431GrzhQCvrH,34.03930664,-117.1725006,C0R1C,1,Commercial,0,1,4,4,1,1,4,3,3,3,2,4,4,4,3,3,3,1,1,3,3,2,2,5,3,5,4,5,53,21,4,4,5,3,2.6666666666666665,4.333333333333333,2.6666666666666665,4,3,4.4,2.5,1,C0R1,Physician,Physician,Not Recorded,What,1,47.922,1,Experience with the drug,0,6,2,5,6
R_Bx1431GrzhQCvrH,34.03930664,-117.1725006,C0R1C,1,Commercial,0,1,4,4,1,1,4,3,3,3,2,4,4,4,3,3,3,1,1,3,3,2,2,5,3,5,4,5,53,21,4,4,5,3,2.6666666666666665,4.333333333333333,2.6666666666666665,4,3,4.4,2.5,1,C0R1,Physician,Physician,Not Recorded,What,2,167.419,4,Experience,0,0.5,1,3.5,0.5
R_2ONgfkJu3E1ZuRd,37.7631073,-122.4586029,C0R1A,1,Academic,0,1,1,1,1,1,1,1,1,1,1,1,1,3,1,1,3,1,1,3,1,2,2,4,4,4,4,3,60,30,5,5,4,1,1,4.666666666666667,1,1.6666666666666667,1.6666666666666667,3.8,2,1,C0R1,Physician,Physician,Not Recorded,What,1,154.434,NA,Difficult to provide a dose without the weight of the patient,0,6,2,NA,6
R_2ONgfkJu3E1ZuRd,37.7631073,-122.4586029,C0R1A,1,Academic,0,1,1,1,1,1,1,1,1,1,1,1,1,3,1,1,3,1,1,3,1,2,2,4,4,4,4,3,60,30,5,5,4,1,1,4.666666666666667,1,1.6666666666666667,1.6666666666666667,3.8,2,1,C0R1,Physician,Physician,Not Recorded,What,2,175.213,NA,Report his weight. I would guess the recommended dose is about right to not frequent enough dosing,0,0.5,1,NA,0.5
