Progress,TotalDuration,Finished,ResponseId,LocationLatitude,LocationLongitude,Qualifications,ManipCheck_What,ManipCheck_Why,ManipCheck_How,Age,Gender,Country,YearsExperience,TrustTech_1,TrustTech_2,TrustTech_3,TrustTech_4,TrustTech_5,TrustTech_6,Quality,ExpPower,Sc,FinalDose,InitialDose,CorrectDose,Movement,AbsMovement,DistanceInitial,DistanceFinal,Improvement,AIDose,Disagreement,Quality_Manipulation_Worked,WeightOnAdvice,InitialTime,FinalTime,Qual_Feedback,Detail_1,Detail_2,Detail_3,Detail_4,Detail_5,Coherence_1,Coherence_2,Coherence_3,Coherence_4,Coherence_5,Coherence_6,Coherence_7,Effectiveness_1,Effectiveness_2,Effectiveness_3,Effectiveness_4,Effectiveness_5,Effectiveness_6,Effectiveness_7,Agreement_1,Agreement_2,Agreement_3,Agreement_4,Agreement_5,DecisionConflict_1,DecisionConflict_2,DecisionConflict_3,DecisionConflict_4,DecisionConflict_5,DecisionConflict_6,DecisionConflict_7,DecisionConflict_8,DecisionConflict_9,EmotionalTrust_1,EmotionalTrust_2,EmotionalTrust_3,SelfJustification,TrustTech,DecisionConflict,EmotionalTrust,Exp_What,Exp_Why,Exp_How,ExpPower_1_23_4,Explanation,PhysicianStatus,Physician,StartingDose,Role,Scenario
100,1280,TRUE,R_1dLhBfayzPOwZEw,33.9168,-118.3432,Pharmacist,5,5,2,40,Female,US,18,3,3,3,4,4,4,High,3,2,8,8,9,0,0,1,1,0,9,1,TRUE,0,80.252,9.821,I did not consider the output from SYSTEM 2 but its recommendation was close to mine,4,3,3,3,3,3,4,4,4,4,4,3,2,4,3,3,3,3,3,4,4,4,4,4,4,5,4,4,4,4,2,5,5,4,3,3,0,3.5,4.111111111111111,3.3333333333333335,1,1,0,What or What/Why,What + Why,Non-Physician,Non-Physician,11,Pharmacist,2
100,1633,TRUE,R_3fJXFlMwj4CC3Aw,40.7609,-73.9115,Physician,4,2,4,29,Female,US,3.5,4,4,4,4,3,2,High,2,1,5,5,5.5,0,0,0.5,0.5,0,5.5,0.5,TRUE,0,40.81,11.73,AI SYSTEM 1 was able to identify the most important factors to determine that this patient ultimately requires a dose decrease. However the extent of the decrease seems incorrect as the INR was over double our goal. It seems like AI SYSTEM 1 made a recommendation based on current INR rather than the fact that concomitant moderate CYP 2C9 inhibition may require >20% decrease in dose.,2,2,2,2,1,2,4,2,4,2,3,5,2,3,2,1,4,4,4,2,2,3,5,4,5,4,2,2,4,4,3,4,4,3,3,2,56,3.5,3.5555555555555554,2.6666666666666665,1,0,0,What or What/Why,What,Resident,Physician,7.5,Physician,1
100,1633,TRUE,R_3fJXFlMwj4CC3Aw,40.7609,-73.9115,Physician,4,2,4,29,Female,US,3.5,4,4,4,4,3,2,Low,2,2,10.5,10,9,0.5,0.5,1,1.5,-0.5,13,3,NA,0.16666666666666666,227.716,76.25,I considered the output from AI SYSTEM 2 <SYSTEM 1. AI SYSTEM 2 recommended a dose increase despite the INR being elevated. Also the most recent INR doesn't reflect the last cannabinoid dose increase so INR would likely be higher by week 4.,2,2,1,2,1,2,3,2,3,4,4,4,2,4,2,2,3,2,2,2,4,4,4,3,4,4,1,4,1,2,4,4,4,2,2,2,47,3.5,3.111111111111111,2,1,0,0,What or What/Why,What,Resident,Physician,11,Physician,2
100,960,TRUE,R_1LzV22y8v6kXwQ1,41.8972,-87.6196,Nurse,2,1,1,25,Male,US,1,2,2,4,4,2,2,High,1,1,4,2.5,5.5,1.5,1.5,3,1.5,1.5,5.5,3,TRUE,0.5,63.801,54.781,It was higher than I would have predicted so I adjusted my dosing upward by a small amount after seeing the AI's result.,1,2,1,1,2,1,4,1,1,1,2,5,1,1,1,1,1,2,2,2,2,4,4,4,4,2,2,2,3,3,2,4,2,2,2,2,30,2.6666666666666665,2.6666666666666665,2,0,0,0,Global Only,Global,Non-Physician,Non-Physician,7.5,Nurse,1
100,960,TRUE,R_1LzV22y8v6kXwQ1,41.8972,-87.6196,Nurse,2,1,1,25,Male,US,1,2,2,4,4,2,2,Low,1,2,7,7,9,0,0,2,2,0,13,6,NA,0,117.646,14.223,"This patient has an elevated INR and the AI recommended a dose increase from 11 to 13 mg daily. I would understand if it didn't give exactly the right dose, but recommending a dose increase in this setting is medical malpractice.",1,2,1,1,1,1,1,1,1,1,1,3,1,1,1,1,1,1,1,1,1,1,2,1,5,4,4,3,3,4,4,1,1,1,1,1,0,2.6666666666666665,3.2222222222222223,1,0,0,0,Global Only,Global,Non-Physician,Non-Physician,11,Nurse,2
100,3238,TRUE,R_1Ft9F5bRvmyGcKA,44.8962,-93.1036,Midlevel Provider,5,2,3,28,Male,US,5.5,4,4,4,5,4,4,High,2,1,5.5,4.5,5.5,1,1,1,0,1,5.5,1,TRUE,1,529.699,77.355,"I utilized my resources to look up recommended warfarin dose reductions for an INR between 4.5 and 10 and calculated that out and came up with 4.5mg After AI SYSTEM 1 presented the recommendation of 5.5mg with consideration of other patient factors, I felt that it took into account more variables that I did not consider.",3,3,2,2,1,4,4,2,1,2,3,5,2,2,2,1,1,1,2,4,4,3,5,5,3,2,3,2,5,3,4,4,4,4,3,2,80,4.166666666666667,3.3333333333333335,3,1,0,0,What or What/Why,What,Non-Physician,Non-Physician,7.5,Midlevel Provider,1
100,3238,TRUE,R_1Ft9F5bRvmyGcKA,44.8962,-93.1036,Midlevel Provider,5,2,3,28,Male,US,5.5,4,4,4,5,4,4,Low,2,2,6.5,6.5,9,0,0,2.5,2.5,0,13,6.5,NA,0,243.864,95.7,"Perhaps I am not seeing something, but I struggled to understand how as the patient is increasing his CDB dose and seeing a concurrent increase in his INR, how is it possible that the recommended dose would be 2mg MORE than what he is already taking? That is why I went with my original dosage adjustment.",2,3,2,2,1,3,1,2,1,2,3,4,1,2,1,2,2,1,1,1,1,2,4,1,2,1,5,2,2,2,3,4,4,1,1,1,0,4.166666666666667,2.7777777777777777,1,1,0,0,What or What/Why,What,Non-Physician,Non-Physician,11,Midlevel Provider,2
100,5511,TRUE,R_1rog6xPFsRQueyQ,45.0123,-93.3447,Physician,5,1,2,26,Female,US,5,4,4,4,4,4,4,Low,2,1,6.5,0,5.5,6.5,6.5,5.5,1,4.5,9.5,9.5,NA,0.6842105263157895,277.103,92.809,The INR level increased with that cannabinoid use and the AI system 1 recommended an increase in warfarin dose. That did not make sense given the situation.,2,4,2,3,2,2,2,2,2,1,2,4,2,2,2,2,2,2,4,1,2,2,4,1,2,2,1,2,2,2,2,2,2,1,1,1,10,4,1.8888888888888888,1,1,0,0,What or What/Why,What,Resident,Physician,7.5,Physician,1
100,5511,TRUE,R_1rog6xPFsRQueyQ,45.0123,-93.3447,Physician,5,1,2,26,Female,US,5,4,4,4,4,4,4,High,2,2,9,9.5,9,-0.5,0.5,0.5,0,0.5,9,0.5,TRUE,1,112.967,37.78,"I saw that the output from the AI was a decrease in dose that was a bit more than the 15% decrease than I was expecting. However, it didn't mention taking into account labs in the factors that did make me hesitant in completely following the output.",4,4,2,2,2,2,4,1,2,2,2,2,2,4,4,4,4,2,2,4,2,2,2,4,2,2,2,2,4,2,2,4,4,3,2,2,72,4,2.6666666666666665,2.3333333333333335,1,0,0,What or What/Why,What,Resident,Physician,11,Physician,2
100,919,TRUE,R_XvNhkliyoyHXwe5,44.9402,-93.2188,Nurse,5,4,1,28,Male,US,1.5,4,4,4,4,4,4,Low,4,1,5,5,5.5,0,0,0.5,0.5,0,9.5,4.5,NA,0,71.419,38.922,Did not seem to consider the current elevated INR,4,3,3,4,2,4,1,4,4,5,4,4,4,4,4,1,1,1,2,1,1,1,4,1,5,5,4,4,4,5,4,5,4,1,1,1,0,4,4.444444444444445,1,1,1,1,What + Why + How,What + Why + How,Non-Physician,Non-Physician,7.5,Nurse,1
100,919,TRUE,R_XvNhkliyoyHXwe5,44.9402,-93.2188,Nurse,5,4,1,28,Male,US,1.5,4,4,4,4,4,4,High,4,2,10,10,9,0,0,1,1,0,9,1,TRUE,0,106.23,46.756,"Helpful that they agreed to reduce dose, unlike AI 1, but it seemed a little too big of a jump for me personally with INR only mildly elevated. I would have just gone to 10 mg daily, but 9 mg daily would maybe have been ok too",4,3,4,4,2,5,4,4,4,4,4,4,4,4,5,2,4,4,2,4,4,4,4,4,2,2,3,4,4,3,4,4,4,4,4,4,60,4,3.3333333333333335,4,1,1,1,What + Why + How,What + Why + How,Non-Physician,Non-Physician,11,Nurse,2
100,3186,TRUE,R_3pbwf5nf8Z4BNNd,40.8123,-73.9682,Nurse,2,2,2,28,Female,US,2.5,4,4,4,4,4,4,Low,1,1,2,2,5.5,0,0,3.5,3.5,0,9.5,7.5,NA,0,109.511,25.946,The INR was elevated and the AI system recommended going up on the dose. I did not use the AI system at all after this.,1,1,1,1,1,1,1,1,1,1,1,4,1,1,1,1,1,1,1,1,1,1,1,1,4,4,3,5,5,4,2,2,1,1,1,1,0,4,3.3333333333333335,1,0,0,0,Global Only,Global,Non-Physician,Non-Physician,7.5,Nurse,1
100,3186,TRUE,R_3pbwf5nf8Z4BNNd,40.8123,-73.9682,Nurse,2,2,2,28,Female,US,2.5,4,4,4,4,4,4,High,1,2,8,8,9,0,0,1,1,0,9,1,TRUE,0,470.085,6.486,"I used it as a double check, but went with my own knowledge as I did calculations and they were lower than what AI recommended.",1,1,1,1,1,1,1,1,1,1,1,2,1,1,1,1,1,1,1,1,1,1,1,1,2,3,2,4,4,4,4,1,1,2,2,2,20,4,2.7777777777777777,2,0,0,0,Global Only,Global,Non-Physician,Non-Physician,11,Nurse,2
100,899,TRUE,R_3MRrNBtKLij3z6n,40.8123,-73.9682,Pharmacist,4,1,1,39,Female,US,15,4,3,4,4,4,4,Low,2,1,6,6,5.5,0,0,0.5,0.5,0,9.5,3.5,NA,0,81.66,36.883,very confused why the system recommended a warfarin dose INCREASE when the patient's INR was already elevated/supra-therapeutic. Definitely made me lose confidence in the ability of the system to assist with warfarin dose adjustment.,1,1,2,1,2,1,4,2,1,1,4,3,1,1,1,1,1,1,1,2,1,2,2,2,4,4,4,4,4,4,4,4,2,1,1,1,0,3.8333333333333335,3.7777777777777777,1,1,0,0,What or What/Why,What,Non-Physician,Non-Physician,7.5,Pharmacist,1
100,899,TRUE,R_3MRrNBtKLij3z6n,40.8123,-73.9682,Pharmacist,4,1,1,39,Female,US,15,4,3,4,4,4,4,High,2,2,10,10,9,0,0,1,1,0,9,1,TRUE,0,115.569,17.241,"The final dose recommendation was within 10-20% which is supported in the literature, although my personal experience would lead me to adjust based on the lower end of the range although the AI system made a larger adjustment.",2,2,2,2,2,2,4,2,1,1,4,2,2,2,1,3,2,2,2,4,3,4,3,4,4,4,4,4,4,4,4,4,2,2,2,1,30,3.8333333333333335,3.7777777777777777,1.6666666666666667,1,0,0,What or What/Why,What,Non-Physician,Non-Physician,11,Pharmacist,2
100,1185,TRUE,R_RzqYSx5QruqvR4d,40.9039,-73.837,Midlevel Provider,4,4,5,37,Female,US,10,4,4,4,4,2,1,Low,4,1,5,5,5.5,0,0,0.5,0.5,0,9.5,4.5,NA,0,134.69,63.086,"From my understanding of the scenario, the patient was supra-therapeutic on a lower dose. They are declining to stop the use of CBD products. I am not understanding why an increased dose was recommended.",4,3,1,1,1,1,3,4,5,5,2,5,1,4,4,1,5,5,4,1,1,1,4,2,5,5,5,5,5,1,4,1,1,1,1,1,0,3.1666666666666665,3.5555555555555554,1,1,1,1,What + Why + How,What + Why + How,Non-Physician,Non-Physician,7.5,Midlevel Provider,1
100,1185,TRUE,R_RzqYSx5QruqvR4d,40.9039,-73.837,Midlevel Provider,4,4,5,37,Female,US,10,4,4,4,4,2,1,High,4,2,9,9,9,0,0,0,0,0,9,0,TRUE,NA,156.467,16.519,We reached the same dosing. I think the weight associated with the use of CBD products is understated. I factored in that methotrexate can cause some liver dysfunction in my dosing but the AI did not consider it. Given the labile nature of the patient's INR this may have been a contributing factor,5,5,5,5,3,5,5,4,5,5,3,5,1,2,2,4,4,4,4,4,4,5,4,4,5,5,5,5,5,5,5,5,4,4,4,3,30,3.1666666666666665,4.888888888888889,3.6666666666666665,1,1,1,What + Why + How,What + Why + How,Non-Physician,Non-Physician,11,Midlevel Provider,2
100,1010,TRUE,R_XG8vJ02DFc7OUTL,44.9948,-93.2548,Physician,5,5,4,28,Female,US,1.5,4,3,3,3,4,4,High,4,1,5,0,5.5,5,5,5.5,0.5,5,5.5,5.5,TRUE,0.9090909090909091,83.045,41.483,The weighted components seemed reasonable and made me think harder about what is best for the patient.,4,4,4,4,3,4,4,2,2,2,4,5,2,2,2,3,2,3,3,3,4,3,4,4,2,2,1,2,2,2,1,3,3,4,4,4,80,3.5,2,4,1,1,1,What + Why + How,What + Why + How,Resident,Physician,7.5,Physician,1
100,1010,TRUE,R_XG8vJ02DFc7OUTL,44.9948,-93.2548,Physician,5,5,4,28,Female,US,1.5,4,3,3,3,4,4,Low,4,2,8,8,9,0,0,1,1,0,13,5,NA,0,120.198,43.94,"This case was difficult, but I felt like I put different weight on different factors compared to the AI.",2,4,2,2,2,3,2,1,3,2,2,5,2,2,2,1,2,1,2,2,2,2,3,2,2,1,2,4,2,1,2,3,2,2,3,2,30,3.5,2.111111111111111,2.3333333333333335,1,1,1,What + Why + How,What + Why + How,Resident,Physician,11,Physician,2
100,1153,TRUE,R_33DAP683CksPF6o,44.9948,-93.2548,Nurse,5,2,1,31,Female,US,2,4,4,4,4,4,4,High,3,1,5,5,5.5,0,0,0.5,0.5,0,5.5,0.5,TRUE,0,89.816,42.438,"The AI result made me feel more confident in my own assessment and answer. Mine was similar, but I think also consider the ease of dosing with the type of pills a patient taking 7.5mg probably had.",4,2,5,4,4,4,4,2,4,4,4,4,4,4,4,4,4,2,2,4,4,5,5,5,4,4,4,2,4,4,4,4,4,4,4,3,60,4,3.7777777777777777,3.6666666666666665,1,1,0,What or What/Why,What + Why,Non-Physician,Non-Physician,7.5,Nurse,1
100,1153,TRUE,R_33DAP683CksPF6o,44.9948,-93.2548,Nurse,5,2,1,31,Female,US,2,4,4,4,4,4,4,Low,3,2,9,9,9,0,0,0,0,0,13,4,NA,0,240.478,56.09,The AI answer confused me. It made me rethink my answer and re-read it's explanations that didn't seem to align with its recommendations.,4,1,4,4,4,1,4,4,4,4,2,4,1,1,1,1,1,2,2,1,2,1,4,1,4,4,2,4,4,4,4,4,2,1,1,1,10,4,3.5555555555555554,1,1,1,0,What or What/Why,What + Why,Non-Physician,Non-Physician,11,Nurse,2
100,2055,TRUE,R_3Ec1iNRfVtsOPdz,37.7825,-122.435,Nurse,1,1,1,39,Female,US,10,4,4,4,4,4,3,High,1,1,5,2.5,5.5,2.5,2.5,3,0.5,2.5,5.5,3,TRUE,0.8333333333333334,171.478,77.649,AI recommended a reduction on the dose as I would have but they reduced it much less than I would have so I compromised and increased my dose but not as much as AI suggested,4,4,2,2,1,3,3,3,1,1,4,4,1,1,1,2,1,1,1,1,1,3,4,2,3,2,2,2,3,2,3,2,2,3,3,3,76,3.8333333333333335,2.3333333333333335,3,0,0,0,Global Only,Global,Non-Physician,Non-Physician,7.5,Nurse,1
100,2055,TRUE,R_3Ec1iNRfVtsOPdz,37.7825,-122.435,Nurse,1,1,1,39,Female,US,10,4,4,4,4,4,3,Low,1,2,10.5,10.5,9,0,0,1.5,1.5,0,13,2.5,NA,0,258.2,36.462,As AI increased the does I knew that I didn’t want to follow the advice so I made a reasonable guess based upon past pt inr and current inr to decease the dose,2,4,2,2,1,2,2,1,2,1,2,4,1,1,1,1,1,1,1,1,3,1,2,2,5,4,3,4,4,4,4,4,4,1,1,1,0,3.8333333333333335,4,1,0,0,0,Global Only,Global,Non-Physician,Non-Physician,11,Nurse,2
100,1349,TRUE,R_2OZ3FEa3dhJXKsI,45.0435,-93.4827,Physician,5,1,1,30,Male,US,1,4,1,4,1,1,1,Low,2,1,3.5,3.5,5.5,0,0,2,2,0,9.5,6,NA,0,133.014,56.82,We know his INR is too high.  Ergo his warfarin dose needs to be reduced.  The AI SYSTEM's dosage was INCREASED.  That is patently ridiculous and could kill this (hypothetical) patient.,2,1,2,3,2,1,1,1,4,2,4,4,1,1,2,1,1,3,4,1,1,2,1,2,5,3,2,5,5,4,4,5,5,1,1,1,15,2,4.222222222222222,1,1,0,0,What or What/Why,What,Resident,Physician,7.5,Physician,1
100,1349,TRUE,R_2OZ3FEa3dhJXKsI,45.0435,-93.4827,Physician,5,1,1,30,Male,US,1,4,1,4,1,1,1,High,2,2,9.5,9.5,9,0,0,0.5,0.5,0,9,0.5,TRUE,0,165.623,9.449,"once again, it seems as though the AI did NOT take into account the actual INR the patient was presenting with.  While the suggested dose was BELOW the presenting dosage, I can't really be certain it was factoring in the current information.  At least this system wasn't giving me a patently ridiculous answer",2,1,2,1,2,2,4,1,2,2,2,3,1,4,2,2,1,2,4,2,2,3,2,4,2,4,1,5,4,4,2,4,5,2,2,1,25,2,3.4444444444444446,1.6666666666666667,1,0,0,What or What/Why,What,Resident,Physician,11,Physician,2
100,1539,TRUE,R_1mKHXAvUzbFl7oV,44.9402,-93.2188,Physician,4,1,2,33,Female,US,3,4,3,4,4,4,4,High,1,1,5.5,3.5,5.5,2,2,2,0,2,5.5,2,TRUE,1,284.314,46.527,NA,2,2,1,1,2,2,3,2,1,1,3,4,1,2,1,2,2,4,3,2,4,3,4,3,2,2,2,2,3,3,2,4,2,3,3,2,70,3.8333333333333335,2.4444444444444446,2.6666666666666665,0,0,0,Global Only,Global,Resident,Physician,7.5,Physician,1
100,1539,TRUE,R_1mKHXAvUzbFl7oV,44.9402,-93.2188,Physician,4,1,2,33,Female,US,3,4,3,4,4,4,4,Low,1,2,9,9,9,0,0,0,0,0,13,4,NA,0,230.14,26.619,NA,2,1,1,2,2,2,4,2,2,1,3,4,1,4,2,2,2,2,4,1,1,1,4,2,2,2,2,2,2,2,2,4,3,1,1,1,0,3.8333333333333335,2.3333333333333335,1,0,0,0,Global Only,Global,Resident,Physician,11,Physician,2
100,2282,TRUE,R_4GG6SRZAQD50Qhz,35.2369,-80.8957,Physician,4,4,2,65,Male,US,40,4,4,4,4,4,4,High,2,1,5.5,6,5.5,-0.5,0.5,0.5,0,0.5,5.5,0.5,TRUE,1,200.691,38.401,"Overall I have a positive regard for AI generated clinical tools, but with cautious trust until I have more experience or the backing of professional medical boards or sub-specialties.",2,1,3,2,3,1,4,3,1,1,3,4,1,1,2,2,2,1,1,3,3,3,4,4,3,2,2,1,1,1,1,3,2,3,3,3,80,4,1.7777777777777777,3,1,0,0,What or What/Why,What,Attending,Physician,7.5,Physician,1
100,2282,TRUE,R_4GG6SRZAQD50Qhz,35.2369,-80.8957,Physician,4,4,2,65,Male,US,40,4,4,4,4,4,4,Low,2,2,13,10,9,3,3,1,4,-3,13,3,NA,1,188.851,19.664,NA,3,2,4,3,3,2,3,3,1,1,3,3,2,1,2,1,1,3,2,3,3,3,4,3,1,1,1,1,1,1,1,4,3,3,2,2,80,4,1.5555555555555556,2.3333333333333335,1,0,0,What or What/Why,What,Attending,Physician,11,Physician,2
100,2544,TRUE,R_3gN1dZrsMUomgi9,44.0484,-92.4948,Physician,5,5,4,50,Female,US,22,3,3,4,4,4,3,Low,4,2,13,8,9,5,5,1,4,-3,13,5,NA,1,117.121,9.236,"This was a more complex case, and I wish the system gave me more details.",4,4,4,4,5,4,4,2,4,3,4,4,3,4,3,3,3,2,2,3,4,3,4,3,2,2,2,2,2,2,2,2,3,4,3,3,70,3.5,2.111111111111111,3.3333333333333335,1,1,1,What + Why + How,What + Why + How,Attending,Physician,11,Physician,2
100,5018,TRUE,R_2qDXAXZX2alJ6MC,44.0484,-92.4948,Nurse,4,4,2,59,Female,US,24,5,5,4,4,4,4,High,3,1,5,2.5,5.5,2.5,2.5,3,0.5,2.5,5.5,3,TRUE,0.8333333333333334,137.17,65.478,"I considered their reasoning but as it didn't fully explain, I still went witha combo of what I would done and moved it a bit based on their recommendation.",4,2,2,2,2,2,3,2,4,2,4,4,1,1,1,1,1,2,2,2,2,2,4,4,2,2,2,1,2,2,4,2,2,3,1,2,40,4.333333333333333,2.111111111111111,2,1,1,0,What or What/Why,What + Why,Non-Physician,Non-Physician,7.5,Nurse,1
100,5018,TRUE,R_2qDXAXZX2alJ6MC,44.0484,-92.4948,Nurse,4,4,2,59,Female,US,24,5,5,4,4,4,4,Low,3,2,7.5,7.5,9,0,0,1.5,1.5,0,13,5.5,NA,0,175.027,34.174,The final decision just didn't seem correct to increase the dose so I went with my own past experience.,1,1,2,2,2,2,4,2,4,4,4,4,1,2,1,1,1,2,2,2,2,2,3,2,2,2,1,2,2,2,2,2,1,2,1,1,29,4.333333333333333,1.7777777777777777,1.3333333333333333,1,1,0,What or What/Why,What + Why,Non-Physician,Non-Physician,11,Nurse,2
100,1044,TRUE,R_1EdivgMft8nFss3,44.0484,-92.4948,Physician,4,4,4,38,Male,US,7,5,4,4,4,3,2,High,4,1,5.5,2.5,5.5,3,3,3,0,3,5.5,3,TRUE,1,84.906,56.365,"AI was concordant with my own recommendation in terms of direction of change, but varied in magnitude. AI appeared to have access to more information about warfarin during and change was less dramatic than my own, making it a reasonable and safe option.",4,5,1,1,1,1,4,3,4,4,4,4,1,1,1,2,1,1,1,4,3,4,2,4,4,1,2,3,3,3,3,3,1,4,3,2,90,3.6666666666666665,2.5555555555555554,3,1,1,1,What + Why + How,What + Why + How,Attending,Physician,7.5,Physician,1
100,1044,TRUE,R_1EdivgMft8nFss3,44.0484,-92.4948,Physician,4,4,4,38,Male,US,7,5,4,4,4,3,2,Low,4,2,10,10,9,0,0,1,1,0,13,3,NA,0,111.955,24.698,"The AI system recommended a change in dose opposite to what appeared to be indicated for this supra-therapeutic patient without any explanation of why an increase in size would be justified, implying that the AI either ignored available data or processed it erroneously.",1,2,1,4,2,1,1,1,4,4,4,4,1,1,1,1,1,1,1,3,1,1,3,1,3,2,2,2,3,3,2,2,1,1,1,1,0,3.6666666666666665,2.2222222222222223,1,1,1,1,What + Why + How,What + Why + How,Attending,Physician,11,Physician,2
100,1131,TRUE,R_3EfXy8XauDC9UTM,44.0484,-92.4948,Physician,3,3,3,43,Male,US,10,4,4,4,4,4,3,Low,2,2,8,8,9,0,0,1,1,0,13,5,NA,0,104.321,44.735,I considered the output but noticed that it was higher than current dosing which conflicted with the goal of INR 2-3 when current INR was already higher.,2,2,2,4,2,2,3,4,4,2,3,4,2,1,1,2,2,2,3,2,2,2,3,3,3,4,2,3,3,2,2,3,3,3,1,2,51,3.8333333333333335,2.7777777777777777,2,1,0,0,What or What/Why,What,Attending,Physician,11,Physician,2
100,2139,TRUE,R_25FpQbkyoffXl8P,51.5872,4.6552,Physician,4,1,1,27,Male,Ex-US,3,4,4,4,4,4,4,High,1,1,6,6.5,5.5,-0.5,0.5,1,0.5,0.5,5.5,1,TRUE,0.5,183.86,57.757,"Slightly reduced the dose I recommended, because the output by SYSTEM 1 was lower than I had expected.",2,4,1,1,2,2,4,2,1,1,4,4,1,1,1,1,1,2,2,4,4,5,2,4,4,4,4,2,2,2,2,4,3,4,3,2,81,4,3,3,0,0,0,Global Only,Global,Attending,Physician,7.5,Physician,1
100,2139,TRUE,R_25FpQbkyoffXl8P,51.5872,4.6552,Physician,4,1,1,27,Male,Ex-US,3,4,4,4,4,4,4,Low,1,2,10,10,9,0,0,1,1,0,13,3,NA,0,301.186,84.104,"The output went totally against my judgement, because the recommendation was actually to increase the dose while the patient already had a high INR. 

NB: it was unclear if the patients had stopped carbamazepine when starting cannabidiol. If so, that might explain why the dose was increased... Now I reasoned that the patients would keep all the medication he/she was already on.",4,4,1,1,2,2,1,2,2,1,4,2,1,1,1,1,1,1,1,1,4,2,1,2,4,4,4,2,2,2,2,4,2,1,1,1,0,4,2.888888888888889,1,0,0,0,Global Only,Global,Attending,Physician,11,Physician,2
100,1043,TRUE,R_33jMscIv2QpXOPj,44.0484,-92.4948,Nurse,2,4,2,44,Female,US,14,4,2,4,5,2,2,Low,3,1,3,3,5.5,0,0,2.5,2.5,0,9.5,6.5,NA,0,34.316,238.485,"I considered the three factors that it described as affecting metabolism of warfarin in this patient, then I looked at the recommendation and the clinical scenario and I did not feel that the AI made the correct interpretation given ongoing cannabinoid use.",5,5,5,5,4,4,2,4,5,2,2,5,2,1,1,4,4,4,4,1,1,1,4,1,4,2,4,2,5,3,4,4,4,1,1,1,60,3.1666666666666665,3.5555555555555554,1,1,1,0,What or What/Why,What + Why,Non-Physician,Non-Physician,7.5,Nurse,1
100,1043,TRUE,R_33jMscIv2QpXOPj,44.0484,-92.4948,Nurse,2,4,2,44,Female,US,14,4,2,4,5,2,2,High,3,2,9,10,9,-1,1,1,0,1,9,1,TRUE,1,52.622,8.358,"The output from the AI was similar to the plan I came up with to lower the dose, and I agreed with the AI because I was more confident in its ability to titrate warfarin than my own",4,4,5,5,4,5,4,4,5,4,4,5,3,4,4,5,5,4,4,5,5,1,5,5,5,2,2,2,5,4,5,5,5,4,4,3,60,3.1666666666666665,3.888888888888889,3.6666666666666665,1,1,0,What or What/Why,What + Why,Non-Physician,Non-Physician,11,Nurse,2
100,432,TRUE,R_PNFLxtAZ7Ig7qr7,44.9427,-93.2871,Pharmacist,3,3,3,35,NA,US,10,3,3,3,3,3,3,High,4,1,5.5,5,5.5,0.5,0.5,0.5,0,0.5,5.5,0.5,TRUE,1,19.572,9.25,NA,3,3,3,3,3,3,3,3,3,3,3,3,3,3,3,3,3,3,3,3,3,3,3,3,3,3,3,3,3,3,3,3,3,3,3,2,37,3,3,2.6666666666666665,1,1,1,What + Why + How,What + Why + How,Non-Physician,Non-Physician,7.5,Pharmacist,1
100,432,TRUE,R_PNFLxtAZ7Ig7qr7,44.9427,-93.2871,Pharmacist,3,3,3,35,NA,US,10,3,3,3,3,3,3,Low,4,2,10,10,9,0,0,1,1,0,13,3,NA,0,33.607,6.98,NA,3,3,3,3,3,3,3,3,3,3,3,3,3,3,3,3,3,3,3,3,3,3,3,3,3,3,3,3,3,3,3,3,3,2,2,3,67,3,3,2.3333333333333335,1,1,1,What + Why + How,What + Why + How,Non-Physician,Non-Physician,11,Pharmacist,2
100,1584,TRUE,R_3KI6GrgOsXm3OVV,48.8323,2.4075,Physician,4,5,4,35,Male,US,4,4,3,4,4,3,2,Low,4,1,5,5,5.5,0,0,0.5,0.5,0,9.5,4.5,NA,0,361.253,67.258,"The AI recommendation was a dose increase, which was opposite my interpretation. Therefore, I did not feel the AI was accurate.",2,4,2,2,2,2,4,2,2,4,4,4,2,4,2,3,2,1,1,1,3,3,4,1,1,1,1,1,1,1,1,2,1,1,1,1,10,3.3333333333333335,1.1111111111111112,1,1,1,1,What + Why + How,What + Why + How,Attending,Physician,7.5,Physician,1
100,1584,TRUE,R_3KI6GrgOsXm3OVV,48.8323,2.4075,Physician,4,5,4,35,Male,US,4,4,3,4,4,3,2,High,4,2,9,9,9,0,0,0,0,0,9,0,TRUE,NA,165.185,79.152,"AI System 2's recommendation aligned with my own interpretation and recommendation, which provided reassurance whether that was appropriate reassurance or not. I am weary of my own confirmation bias in this situation.",3,3,2,3,2,2,4,2,4,3,4,4,2,2,1,1,1,1,1,4,4,4,4,4,4,3,3,2,3,3,2,4,2,4,2,2,60,3.3333333333333335,2.888888888888889,2.6666666666666665,1,1,1,What + Why + How,What + Why + How,Attending,Physician,11,Physician,2
100,1140,TRUE,R_pKU12R50xd4HZRL,44.0484,-92.4948,Physician,4,3,1,34,Female,US,3,4,4,4,4,4,4,High,1,1,5.5,5,5.5,0.5,0.5,0.5,0,0.5,5.5,0.5,TRUE,1,54.682,16.147,I came up with my own approximate dose and when the AI system dose matched pretty closely I went with their number.,4,2,3,3,2,4,4,4,4,2,4,4,4,3,2,3,2,2,2,4,4,4,3,3,4,1,4,3,3,2,2,5,4,4,3,3,80,4,3.111111111111111,3.3333333333333335,0,0,0,Global Only,Global,Attending,Physician,7.5,Physician,1
100,1140,TRUE,R_pKU12R50xd4HZRL,44.0484,-92.4948,Physician,4,3,1,34,Female,US,3,4,4,4,4,4,4,Low,1,2,10.5,10,9,0.5,0.5,1,1.5,-0.5,13,3,NA,0.16666666666666666,65.86,58.239,"I thought the patient should decrase his dose given his supratherapeutic INR result. I gave a dose lower than the current dose. When AI 2 recommended a higher dose, I increased my dose recommendation very slightly but overall I don't see why the system would recommend a higher dose and didn't trust it.",3,2,2,3,2,2,4,2,2,2,4,4,2,3,2,2,2,2,2,2,2,2,3,2,1,1,2,2,3,2,2,2,2,2,2,2,40,4,1.8888888888888888,2,0,0,0,Global Only,Global,Attending,Physician,11,Physician,2
100,1365,TRUE,R_8AGIq2rYpDcjcIx,44.5238,-93.0222,Physician,5,5,5,38,Male,US,7,4,3,3,4,4,4,Low,4,1,4,4,5.5,0,0,1.5,1.5,0,9.5,5.5,NA,0,79.466,31.647,The dose change was in the wrong direction so I ignored it.,4,2,2,4,2,2,4,2,4,4,4,2,2,4,4,4,4,4,4,1,1,1,4,4,5,2,2,2,2,4,2,5,1,1,1,1,0,3.6666666666666665,2.7777777777777777,1,1,1,1,What + Why + How,What + Why + How,Attending,Physician,7.5,Physician,1
100,1365,TRUE,R_8AGIq2rYpDcjcIx,44.5238,-93.0222,Physician,5,5,5,38,Male,US,7,4,3,3,4,4,4,High,4,2,9,9,9,0,0,0,0,0,9,0,TRUE,NA,99.521,21.583,Its change was in the right direction so it rea-affirmed the decision I had already made.,4,4,4,4,2,4,4,4,4,4,4,4,2,4,4,4,2,4,4,5,4,5,4,4,4,2,2,2,2,2,2,4,4,4,2,4,34,3.6666666666666665,2.6666666666666665,3.3333333333333335,1,1,1,What + Why + How,What + Why + How,Attending,Physician,11,Physician,2
53,657,FALSE,R_6JuE3atO72mumOt,NA,NA,Nurse,4,4,4,NA,NA,Ex-US,NA,NA,NA,NA,NA,NA,NA,Low,4,1,2.5,2.5,5.5,0,0,3,3,0,9.5,7,NA,0,379.389,74.286,NA,NA,NA,NA,NA,NA,NA,NA,NA,NA,NA,NA,NA,NA,NA,NA,NA,NA,NA,NA,NA,NA,NA,NA,NA,NA,NA,NA,NA,NA,NA,NA,NA,NA,NA,NA,NA,NA,NA,NA,NA,1,1,1,What + Why + How,What + Why + How,Non-Physician,Non-Physician,7.5,Nurse,1
53,657,FALSE,R_6JuE3atO72mumOt,NA,NA,Nurse,4,4,4,NA,NA,Ex-US,NA,NA,NA,NA,NA,NA,NA,High,4,2,7.5,7.5,9,0,0,1.5,1.5,0,9,1.5,TRUE,0,72.259,9.469,NA,NA,NA,NA,NA,NA,NA,NA,NA,NA,NA,NA,NA,NA,NA,NA,NA,NA,NA,NA,NA,NA,NA,NA,NA,NA,NA,NA,NA,NA,NA,NA,NA,NA,NA,NA,NA,NA,NA,NA,NA,1,1,1,What + Why + How,What + Why + How,Non-Physician,Non-Physician,11,Nurse,2
53,415,FALSE,R_3ivPdamipgs6qYF,NA,NA,Nurse,4,4,4,NA,NA,Ex-US,NA,NA,NA,NA,NA,NA,NA,High,3,1,5,3,5.5,2,2,2.5,0.5,2,5.5,2.5,TRUE,0.8,92.558,52.743,NA,NA,NA,NA,NA,NA,NA,NA,NA,NA,NA,NA,NA,NA,NA,NA,NA,NA,NA,NA,NA,NA,NA,NA,NA,NA,NA,NA,NA,NA,NA,NA,NA,NA,NA,NA,NA,NA,NA,NA,NA,1,1,0,What or What/Why,What + Why,Non-Physician,Non-Physician,7.5,Nurse,1
53,415,FALSE,R_3ivPdamipgs6qYF,NA,NA,Nurse,4,4,4,NA,NA,Ex-US,NA,NA,NA,NA,NA,NA,NA,Low,3,2,10.5,10,9,0.5,0.5,1,1.5,-0.5,13,3,NA,0.16666666666666666,82.455,27.056,NA,NA,NA,NA,NA,NA,NA,NA,NA,NA,NA,NA,NA,NA,NA,NA,NA,NA,NA,NA,NA,NA,NA,NA,NA,NA,NA,NA,NA,NA,NA,NA,NA,NA,NA,NA,NA,NA,NA,NA,NA,1,1,0,What or What/Why,What + Why,Non-Physician,Non-Physician,11,Nurse,2
53,845,FALSE,R_xEnkCozTWT7rxKx,NA,NA,Nurse,5,4,4,NA,NA,Ex-US,NA,NA,NA,NA,NA,NA,NA,High,4,1,5.5,5,5.5,0.5,0.5,0.5,0,0.5,5.5,0.5,TRUE,1,340.602,52.913,NA,NA,NA,NA,NA,NA,NA,NA,NA,NA,NA,NA,NA,NA,NA,NA,NA,NA,NA,NA,NA,NA,NA,NA,NA,NA,NA,NA,NA,NA,NA,NA,NA,NA,NA,NA,NA,NA,NA,NA,NA,1,1,1,What + Why + How,What + Why + How,Non-Physician,Non-Physician,7.5,Nurse,1
53,845,FALSE,R_xEnkCozTWT7rxKx,NA,NA,Nurse,5,4,4,NA,NA,Ex-US,NA,NA,NA,NA,NA,NA,NA,Low,4,2,11,8.8,9,2.1999999999999993,2.1999999999999993,0.1999999999999993,2,-1.8000000000000007,13,4.199999999999999,NA,0.5238095238095237,174.383,90.635,NA,NA,NA,NA,NA,NA,NA,NA,NA,NA,NA,NA,NA,NA,NA,NA,NA,NA,NA,NA,NA,NA,NA,NA,NA,NA,NA,NA,NA,NA,NA,NA,NA,NA,NA,NA,NA,NA,NA,NA,NA,1,1,1,What + Why + How,What + Why + How,Non-Physician,Non-Physician,11,Nurse,2
53,339,FALSE,R_5C6P8kz5KiX4MPn,NA,NA,Nurse,5,5,4,NA,NA,Ex-US,NA,NA,NA,NA,NA,NA,NA,High,3,1,6,6,5.5,0,0,0.5,0.5,0,5.5,0.5,TRUE,0,127.022,35.145,NA,NA,NA,NA,NA,NA,NA,NA,NA,NA,NA,NA,NA,NA,NA,NA,NA,NA,NA,NA,NA,NA,NA,NA,NA,NA,NA,NA,NA,NA,NA,NA,NA,NA,NA,NA,NA,NA,NA,NA,NA,1,1,0,What or What/Why,What + Why,Non-Physician,Non-Physician,7.5,Nurse,1
53,339,FALSE,R_5C6P8kz5KiX4MPn,NA,NA,Nurse,5,5,4,NA,NA,Ex-US,NA,NA,NA,NA,NA,NA,NA,Low,3,2,13,10,9,3,3,1,4,-3,13,3,NA,1,77.784,21.78,NA,NA,NA,NA,NA,NA,NA,NA,NA,NA,NA,NA,NA,NA,NA,NA,NA,NA,NA,NA,NA,NA,NA,NA,NA,NA,NA,NA,NA,NA,NA,NA,NA,NA,NA,NA,NA,NA,NA,NA,NA,1,1,0,What or What/Why,What + Why,Non-Physician,Non-Physician,11,Nurse,2
53,314,FALSE,R_1JXdpUKKePP5rNA,NA,NA,Pharmacist,2,5,5,NA,NA,Ex-US,NA,NA,NA,NA,NA,NA,NA,Low,4,1,5,5,5.5,0,0,0.5,0.5,0,9.5,4.5,NA,0,44.676,52.94,NA,NA,NA,NA,NA,NA,NA,NA,NA,NA,NA,NA,NA,NA,NA,NA,NA,NA,NA,NA,NA,NA,NA,NA,NA,NA,NA,NA,NA,NA,NA,NA,NA,NA,NA,NA,NA,NA,NA,NA,NA,1,1,1,What + Why + How,What + Why + How,Non-Physician,Non-Physician,7.5,Pharmacist,1
53,314,FALSE,R_1JXdpUKKePP5rNA,NA,NA,Pharmacist,2,5,5,NA,NA,Ex-US,NA,NA,NA,NA,NA,NA,NA,High,4,2,9,9,9,0,0,0,0,0,9,0,TRUE,NA,124.981,6.101,NA,NA,NA,NA,NA,NA,NA,NA,NA,NA,NA,NA,NA,NA,NA,NA,NA,NA,NA,NA,NA,NA,NA,NA,NA,NA,NA,NA,NA,NA,NA,NA,NA,NA,NA,NA,NA,NA,NA,NA,NA,1,1,1,What + Why + How,What + Why + How,Non-Physician,Non-Physician,11,Pharmacist,2
26,731,FALSE,R_O0W3uZc4ZSTlFiV,NA,NA,Nurse,NA,NA,NA,NA,NA,Ex-US,NA,NA,NA,NA,NA,NA,NA,Low,3,1,9.5,0,5.5,9.5,9.5,5.5,4,1.5,9.5,9.5,NA,1,314.94,63.407,NA,NA,NA,NA,NA,NA,NA,NA,NA,NA,NA,NA,NA,NA,NA,NA,NA,NA,NA,NA,NA,NA,NA,NA,NA,NA,NA,NA,NA,NA,NA,NA,NA,NA,NA,NA,NA,NA,NA,NA,NA,1,1,0,What or What/Why,What + Why,Non-Physician,Non-Physician,7.5,Nurse,1
26,87,FALSE,R_SOgiqMcoxdtRR3H,NA,NA,Pharmacist,NA,NA,NA,NA,NA,Ex-US,NA,NA,NA,NA,NA,NA,NA,Low,4,1,5,5,5.5,0,0,0.5,0.5,0,9.5,4.5,NA,0,34.036,35.532,NA,NA,NA,NA,NA,NA,NA,NA,NA,NA,NA,NA,NA,NA,NA,NA,NA,NA,NA,NA,NA,NA,NA,NA,NA,NA,NA,NA,NA,NA,NA,NA,NA,NA,NA,NA,NA,NA,NA,NA,NA,1,1,1,What + Why + How,What + Why + How,Non-Physician,Non-Physician,7.5,Pharmacist,1
26,223,FALSE,R_2659ohj7N4h2PsK,NA,NA,Nurse,NA,NA,NA,NA,NA,Ex-US,NA,NA,NA,NA,NA,NA,NA,Low,2,1,5,5,5.5,0,0,0.5,0.5,0,9.5,4.5,NA,0,109.689,54.397,NA,NA,NA,NA,NA,NA,NA,NA,NA,NA,NA,NA,NA,NA,NA,NA,NA,NA,NA,NA,NA,NA,NA,NA,NA,NA,NA,NA,NA,NA,NA,NA,NA,NA,NA,NA,NA,NA,NA,NA,NA,1,0,0,What or What/Why,What,Non-Physician,Non-Physician,7.5,Nurse,1
26,53,FALSE,R_3kCcgcwWgPhfRMZ,NA,NA,Nurse,NA,NA,NA,NA,NA,Ex-US,NA,NA,NA,NA,NA,NA,NA,High,4,1,5.5,7.5,5.5,-2,2,2,0,2,5.5,2,TRUE,1,19.485,10.263,NA,NA,NA,NA,NA,NA,NA,NA,NA,NA,NA,NA,NA,NA,NA,NA,NA,NA,NA,NA,NA,NA,NA,NA,NA,NA,NA,NA,NA,NA,NA,NA,NA,NA,NA,NA,NA,NA,NA,NA,NA,1,1,1,What + Why + How,What + Why + How,Non-Physician,Non-Physician,7.5,Nurse,1
26,237,FALSE,R_sMO0ekU4gtlV3PP,NA,NA,Physician,NA,NA,NA,NA,NA,Ex-US,NA,NA,NA,NA,NA,NA,NA,High,3,1,3.5,2.5,5.5,1,1,3,2,1,5.5,3,TRUE,0.3333333333333333,44.601,173.263,NA,NA,NA,NA,NA,NA,NA,NA,NA,NA,NA,NA,NA,NA,NA,NA,NA,NA,NA,NA,NA,NA,NA,NA,NA,NA,NA,NA,NA,NA,NA,NA,NA,NA,NA,NA,NA,NA,NA,NA,NA,1,1,0,What or What/Why,What + Why,Attending,Physician,7.5,Physician,1
100,2010,TRUE,R_URtYKkiFW7aoOA1,35.7965,-78.7981,Nurse,5,3,4,29,Female,US,8,4,3,4,4,3,3,High,4,1,5.5,5,5.5,0.5,0.5,0.5,0,0.5,5.5,0.5,TRUE,1,235.159,103.165,"I knew that the dosage of warfarin needed to decrease based on the patient's INR. My consideration of how much to decrease the dosage was only 0.5mg off from the AI recommendation, so based on the factors that the AI system considered it seemed reasonable to start with their recommendation, recheck INR and adjust as necessary.",3,3,2,2,3,2,4,4,2,2,2,4,2,3,3,2,2,4,4,4,3,4,4,4,3,1,2,2,2,4,2,4,3,3,2,2,76,3.5,2.5555555555555554,2.3333333333333335,1,1,1,What + Why + How,What + Why + How,Non-Physician,Non-Physician,7.5,Nurse,1
100,2010,TRUE,R_URtYKkiFW7aoOA1,35.7965,-78.7981,Nurse,5,3,4,29,Female,US,8,4,3,4,4,3,3,Low,4,2,9,9,9,0,0,0,0,0,13,4,NA,0,186.207,69.29,"I considered the factors listed and how they played into the AI system's decision, but ultimately the AI recommendation was a higher dose than the patient is currently on and I knew that patient's dose needed to decrease, so it decreased my trust in the AI system.",4,3,3,2,3,2,2,3,2,2,2,4,2,2,2,2,2,4,4,1,2,2,3,2,4,3,3,2,3,4,2,4,4,1,2,2,10,3.5,3.2222222222222223,1.6666666666666667,1,1,1,What + Why + How,What + Why + How,Non-Physician,Non-Physician,11,Nurse,2
100,1086,TRUE,R_pE0RskQjron41gd,41.9032,-87.6383,Pharmacist,1,1,1,32,Male,US,6,3,2,2,2,4,2,Low,1,1,2.5,2.5,5.5,0,0,3,3,0,9.5,7,NA,0,220.75,48.181,"It directly conflicted with my clinical knowledge, I assumed there was a programing/training error and overrode the decision.",1,1,1,1,1,1,1,1,1,1,1,5,1,1,1,1,1,1,1,1,1,1,1,1,5,5,4,2,1,4,4,4,4,1,1,1,7,2.5,3.6666666666666665,1,0,0,0,Global Only,Global,Non-Physician,Non-Physician,7.5,Pharmacist,1
100,1086,TRUE,R_pE0RskQjron41gd,41.9032,-87.6383,Pharmacist,1,1,1,32,Male,US,6,3,2,2,2,4,2,High,1,2,9.5,9.5,9,0,0,0.5,0.5,0,9,0.5,TRUE,0,215.084,60.144,"I felt slightly more confident in this AI system, but that was likely confirmation bias.",1,1,1,1,1,1,1,1,1,1,3,5,1,1,1,1,1,1,1,1,1,5,4,1,5,5,5,5,5,2,5,5,3,3,1,1,28,2.5,4.444444444444445,1.6666666666666667,0,0,0,Global Only,Global,Non-Physician,Non-Physician,11,Pharmacist,2
100,1259,TRUE,R_3Oxw5x68eqxgje1,43.2262,-79.8565,Pharmacist,4,1,1,35,Female,Ex-US,12,3,3,3,4,4,4,Low,2,1,6,6,5.5,0,0,0.5,0.5,0,9.5,3.5,NA,0,114.2,42.137,INR was high; would make no sense to increase the warfarin dose as recommended by AI,3,2,3,3,3,2,2,3,1,1,1,2,1,3,3,3,4,3,3,1,1,1,3,1,5,5,3,5,4,5,1,1,1,1,NA,NA,0,3.5,3.3333333333333335,NA,1,0,0,What or What/Why,What,Non-Physician,Non-Physician,7.5,Pharmacist,1
100,1259,TRUE,R_3Oxw5x68eqxgje1,43.2262,-79.8565,Pharmacist,4,1,1,35,Female,Ex-US,12,3,3,3,4,4,4,High,2,2,9.5,10,9,-0.5,0.5,1,0.5,0.5,9,1,TRUE,0.5,75.691,41.247,I reduced the warfarin dose a little more than I would have as the general direction of the AI input was consistent with my thought process (vs. scenario 1).,2,2,3,3,3,2,3,2,1,1,1,2,2,3,3,3,1,3,3,3,2,2,4,3,5,5,3,3,5,4,2,5,1,3,2,1,30,3.5,3.6666666666666665,2,1,0,0,What or What/Why,What,Non-Physician,Non-Physician,11,Pharmacist,2
100,1278,TRUE,R_0U1U7VkZ2FiyHN7,44.9402,-93.2188,Physician,5,5,4,37,Female,US,5,2,2,4,2,4,4,High,3,1,6.5,6.5,5.5,0,0,1,1,0,5.5,1,TRUE,0,238.497,81.325,"I used the warfarin nomogram, which is how I approach warfarin titration in clinic. As long as there is a goal INR and a measured INR, there is a clear process for adjusting the dose.",4,2,5,5,4,3,4,4,4,4,4,5,4,4,4,5,5,5,4,1,1,1,2,5,5,5,5,5,5,5,3,5,4,1,4,1,0,3,4.666666666666667,2,1,1,0,What or What/Why,What + Why,Attending,Physician,7.5,Physician,1
100,1278,TRUE,R_0U1U7VkZ2FiyHN7,44.9402,-93.2188,Physician,5,5,4,37,Female,US,5,2,2,4,2,4,4,Low,3,2,10,10,9,0,0,1,1,0,13,3,NA,0,213.823,23.05,"See prior explanation.
I did not fill out this section, but my approach and my belief about the AI system are IDENTICAL. Meaning, I am requesting that you use the same answers that I gave to AI system 1 to AI system 2. This is because there may be slight variability in my response (strongly v somewhat that are essentially meaningless)",4,4,4,4,4,4,5,4,5,4,4,4,4,4,4,4,4,4,4,1,5,1,4,4,5,5,5,5,5,5,4,5,4,1,4,2,0,3,4.777777777777778,2.3333333333333335,1,1,0,What or What/Why,What + Why,Attending,Physician,11,Physician,2
100,779,TRUE,R_3MMTbJxXUa8QGYt,45.2861,18.8036,Pharmacist,4,3,2,40,Male,Ex-US,14,4,2,4,3,1,4,High,4,1,5.5,6,5.5,-0.5,0.5,0.5,0,0.5,5.5,0.5,TRUE,1,56.888,42.404,correct,3,3,4,4,3,4,4,3,4,2,4,3,1,4,4,3,4,3,3,4,4,4,4,4,4,4,4,4,3,4,5,4,3,4,3,2,92,3,3.888888888888889,3,1,1,1,What + Why + How,What + Why + How,Non-Physician,Non-Physician,7.5,Pharmacist,1
100,779,TRUE,R_3MMTbJxXUa8QGYt,45.2861,18.8036,Pharmacist,4,3,2,40,Male,Ex-US,14,4,2,4,3,1,4,Low,4,2,10,10,9,0,0,1,1,0,13,3,NA,0,30.214,68.653,incorrect,3,3,4,2,3,2,1,3,3,2,2,3,1,2,2,2,2,2,1,1,2,2,3,1,3,4,4,3,2,3,3,2,2,1,1,2,0,3,2.888888888888889,1.3333333333333333,1,1,1,What + Why + How,What + Why + How,Non-Physician,Non-Physician,11,Pharmacist,2
100,937,TRUE,R_3EzFQVXNTMRaFy3,46.7952,-96.8332,Physician,1,2,2,48,Female,US,20,3,3,4,3,4,4,High,1,2,9,9,9,0,0,0,0,0,9,0,TRUE,NA,70.589,20.077,"Nice that it matched but since I have no clear idea how AI made the decision, I don't trust it.",1,4,2,2,2,1,1,1,1,1,1,3,1,1,1,1,1,1,1,3,3,3,1,1,3,3,3,3,2,2,3,4,1,1,1,1,21,3.5,2.6666666666666665,1,0,0,0,Global Only,Global,Attending,Physician,11,Physician,2
100,3937,TRUE,R_22V2kphiUcU1cCO,44.9548,-93.1551,Physician,4,4,1,35,Male,US,8,2,2,2,4,4,4,High,3,1,6,6.5,5.5,-0.5,0.5,1,0.5,0.5,5.5,1,TRUE,0.5,78.398,99.102,NA,3,3,2,4,4,2,4,3,2,4,4,4,1,4,2,3,2,4,3,2,2,2,4,4,4,2,2,2,3,2,2,3,2,3,NA,NA,NA,3,2.4444444444444446,NA,1,1,0,What or What/Why,What + Why,Attending,Physician,7.5,Physician,1
100,3937,TRUE,R_22V2kphiUcU1cCO,44.9548,-93.1551,Physician,4,4,1,35,Male,US,8,2,2,2,4,4,4,Low,3,2,10,10,9,0,0,1,1,0,13,3,NA,0,95.735,59.146,NA,4,3,2,3,2,2,4,3,1,4,4,4,1,1,1,2,1,3,2,1,1,1,3,2,4,4,4,4,3,4,2,4,2,1,2,1,24,3,3.4444444444444446,1.3333333333333333,1,1,0,What or What/Why,What + Why,Attending,Physician,11,Physician,2
100,5766,TRUE,R_1l3sJNMKEpyTZhr,45.7984,15.9489,Pharmacist,1,1,1,45,Female,Ex-US,4,4,3,4,5,5,4,Low,1,1,5,5,5.5,0,0,0.5,0.5,0,9.5,4.5,NA,0,292.574,58.082,it was confusing why the AI recomended higher doses when INR rises and obivously there is an pharmacokinetic interaction,2,2,5,2,2,2,1,2,1,1,1,5,1,2,2,1,2,2,1,1,2,1,2,2,4,2,4,2,2,2,3,3,3,1,2,1,9,4.166666666666667,2.7777777777777777,1.3333333333333333,0,0,0,Global Only,Global,Non-Physician,Non-Physician,7.5,Pharmacist,1
100,5766,TRUE,R_1l3sJNMKEpyTZhr,45.7984,15.9489,Pharmacist,1,1,1,45,Female,Ex-US,4,4,3,4,5,5,4,High,1,2,6,6,9,0,0,3,3,0,9,3,TRUE,0,207.779,12.922,"I would prefere to get more detailed information, so that I can appraise the information provided by AI SYSTEM 2 and make final decision",1,1,2,2,1,2,3,2,1,1,3,5,2,1,1,1,1,2,1,3,3,3,2,2,2,1,1,2,3,2,2,2,4,3,4,4,75,4.166666666666667,2.111111111111111,3.6666666666666665,0,0,0,Global Only,Global,Non-Physician,Non-Physician,11,Pharmacist,2
100,1370,TRUE,R_1QFT4o2rCmWjKqg,44.9618,-93.2638,Physician,3,4,3,43,Female,US,6,3,3,4,4,4,2,Low,3,1,5,5,5.5,0,0,0.5,0.5,0,9.5,4.5,NA,0,117.748,355.744,Doesn't make sense to increase dosing when INR supratherapuetic,3,2,2,NA,2,2,2,2,2,2,3,2,2,2,2,2,1,2,2,1,2,1,2,2,3,1,1,2,2,2,2,4,2,1,1,2,30,3.3333333333333335,2.111111111111111,1.3333333333333333,1,1,0,What or What/Why,What + Why,Attending,Physician,7.5,Physician,1
100,1370,TRUE,R_1QFT4o2rCmWjKqg,44.9618,-93.2638,Physician,3,4,3,43,Female,US,6,3,3,4,4,4,2,High,3,2,9,8,9,1,1,1,0,1,9,1,TRUE,1,86.586,32.349,My clinical knowledge was close to AI recommendations and makes sense,4,4,2,4,2,2,3,2,4,4,3,4,2,4,3,4,2,2,2,4,3,4,2,4,4,4,4,2,4,2,2,4,4,3,3,3,75,3.3333333333333335,3.3333333333333335,3,1,1,0,What or What/Why,What + Why,Attending,Physician,11,Physician,2
100,1082,TRUE,R_3oNFG0HNbhgK1yG,46.7952,-96.8332,Physician,5,5,4,44,Female,US,20,4,5,4,5,4,3,High,3,1,4,3,5.5,1,1,2.5,1.5,1,5.5,2.5,TRUE,0.4,94.302,27.887,The main thing I really disagreed with was the assumption that younger individuals needed higher doses of warfarin.  It was very clear the patient had become more sensitive to lower doses of warfarin.,4,3,3,4,1,2,3,4,4,3,2,4,1,4,2,1,2,3,2,4,3,3,4,3,2,1,2,4,3,5,4,4,2,4,3,2,41,4.166666666666667,3,3,1,1,0,What or What/Why,What + Why,Attending,Physician,7.5,Physician,1
100,1082,TRUE,R_3oNFG0HNbhgK1yG,46.7952,-96.8332,Physician,5,5,4,44,Female,US,20,4,5,4,5,4,3,Low,3,2,10,10,9,0,0,1,1,0,13,3,NA,0,149.732,53.561,INR going up once an extra medication/treatment was added and AI recommended an increase in dose.  I'm not able to follow the rationale of that so I went off of my own warfarin knowledge.,2,3,1,2,2,2,1,4,1,1,2,4,1,1,1,1,1,1,1,1,2,2,4,2,4,4,4,4,3,4,4,2,2,2,2,1,3,4.166666666666667,3.4444444444444446,1.6666666666666667,1,1,0,What or What/Why,What + Why,Attending,Physician,11,Physician,2
100,983,TRUE,R_3CVkXsgltuM6mzu,45.0123,-93.3447,Physician,2,1,1,45,Male,US,17,2,2,3,3,4,3,High,1,1,6,6,5.5,0,0,0.5,0.5,0,5.5,0.5,TRUE,0,108.855,21.906,I looked to see if the dose was in the ballpark of my recommendation,1,1,1,1,1,1,4,1,2,1,3,4,1,1,1,1,1,2,2,4,2,2,4,4,3,2,1,3,3,4,2,4,1,3,2,2,NA,2.8333333333333335,2.5555555555555554,2.3333333333333335,0,0,0,Global Only,Global,Attending,Physician,7.5,Physician,1
100,983,TRUE,R_3CVkXsgltuM6mzu,45.0123,-93.3447,Physician,2,1,1,45,Male,US,17,2,2,3,3,4,3,Low,1,2,10,10,9,0,0,1,1,0,13,3,NA,0,85.397,68.159,It seemed that the patient should be on a lower dose than their previous based on their INR results and this conflicted with the AI recommendation,1,1,1,1,1,1,3,1,2,1,2,4,1,1,1,1,1,1,1,2,2,2,1,1,2,2,2,3,3,2,2,4,1,1,1,2,0,2.8333333333333335,2.3333333333333335,1.3333333333333333,0,0,0,Global Only,Global,Attending,Physician,11,Physician,2
100,2518,TRUE,R_3IZiMNZtfySOMLE,44.9339,-93.1235,Pharmacist,4,2,1,49,Male,US,18,4,5,4,5,4,4,Low,2,1,6,6,5.5,0,0,0.5,0.5,0,9.5,3.5,NA,0,150.954,158.057,"Well, the AI system overdosed the patient and would have caused serious harm.  The INR had gone up.  This means that the patient was receiving too much Warfarin.  The answer needed to decrease the dose or exposure of warfarin to the patient.  The AI recommendation would have made the problem worse and proved that the system did not understand a fundamental aspect to this pharmacotherapy.  
This represented a disqualifier to accepting the recommendation. The items listed in the explanation were worth considering, but the response did not prove how the system was taking them into consideration.",1,2,2,2,2,1,1,2,2,1,2,3,1,1,2,1,3,2,4,1,1,1,2,2,4,5,4,4,4,4,3,2,2,1,2,2,13,4.333333333333333,3.5555555555555554,1.6666666666666667,1,0,0,What or What/Why,What,Non-Physician,Non-Physician,7.5,Pharmacist,1
100,2518,TRUE,R_3IZiMNZtfySOMLE,44.9339,-93.1235,Pharmacist,4,2,1,49,Male,US,18,4,5,4,5,4,4,High,2,2,10,10,9,0,0,1,1,0,9,1,TRUE,0,219.014,43.078,"The dose decreased and proved to go in the correct direction. The recommendation decease the dose further than I would have.  The lupus consideration was interesting, but did not prove to have impacted the decision.  Lupus sometimes calls for the INR goal to be higher, but the case already proved to have a set goal, so in this case it should not have factored in.  Further, if this was the reason to mention this factor, the decreased recommendation should be been less conservative.  In this case the AI recommendation was more  aggressive in decreasing the dose.  

The other problem is that the AI recommendation is not factoring when to recheck the INR. This is a basic aspect to dose adjustments and should be a requirement in demonstrating understanding of how a system makes recommendations and weights out risk.",1,2,2,2,2,2,3,2,3,2,4,3,2,4,3,3,4,2,3,4,3,4,4,4,2,4,3,4,4,4,4,2,3,3,2,3,51,4.333333333333333,3.3333333333333335,2.6666666666666665,1,0,0,What or What/Why,What,Non-Physician,Non-Physician,11,Pharmacist,2
100,1790,TRUE,R_3EmTTeYKLMtdO49,-27.4515,153.058,Physician,4,4,3,61,Male,Ex-US,35,4,4,3,4,3,3,Low,2,1,3.5,3.5,5.5,0,0,2,2,0,9.5,6,NA,0,79.314,128.584,If this system was supported by RCT evidence of application in clinical practice and then embedded in guidelines - I would be happy to accept this advice,2,3,2,3,2,3,2,2,2,2,2,3,2,2,3,2,2,2,2,2,2,3,2,2,3,2,3,2,2,2,2,3,2,3,3,3,66,3.5,2.3333333333333335,3,1,0,0,What or What/Why,What,Attending,Physician,7.5,Physician,1
100,1790,TRUE,R_3EmTTeYKLMtdO49,-27.4515,153.058,Physician,4,4,3,61,Male,Ex-US,35,4,4,3,4,3,3,High,2,2,9,10,9,-1,1,1,0,1,9,1,TRUE,1,54.783,14.77,I thought it seems definitive but did not fully understand how it calculated the dose,3,3,3,4,3,4,3,2,3,2,2,4,2,2,2,2,2,2,2,3,3,3,4,3,2,2,2,2,2,2,2,3,3,3,4,3,70,3.5,2.2222222222222223,3.3333333333333335,1,0,0,What or What/Why,What,Attending,Physician,11,Physician,2
100,732,FALSE,R_Op6PNwhdZaho4Uh,39.2891,-76.5583,Midlevel Provider,3,3,3,65,Female,US,40,4,4,4,4,4,4,Low,1,1,6.5,6,5.5,0.5,0.5,0.5,1,-0.5,9.5,3.5,NA,0.14285714285714285,107.532,30.706,I would consult the literature/clinical guidelines to investigate proper doseage,3,3,3,NA,NA,NA,NA,NA,NA,NA,NA,NA,NA,NA,NA,NA,NA,NA,NA,NA,NA,NA,NA,NA,NA,NA,NA,NA,NA,NA,NA,NA,NA,2,2,2,31,4,NA,2,0,0,0,Global Only,Global,Non-Physician,Non-Physician,7.5,Midlevel Provider,1
100,732,FALSE,R_Op6PNwhdZaho4Uh,39.2891,-76.5583,Midlevel Provider,3,3,3,65,Female,US,40,4,4,4,4,4,4,High,1,2,10,10.5,9,-0.5,0.5,1.5,1,0.5,9,1.5,TRUE,0.3333333333333333,157.35,16.582,I would consult best evidence to review and confirm doseage,3,3,3,3,3,3,3,3,3,3,3,3,3,3,3,3,3,3,3,3,3,3,3,3,3,3,3,3,3,3,3,3,3,2,2,2,30,4,3,2,0,0,0,Global Only,Global,Non-Physician,Non-Physician,11,Midlevel Provider,2
100,954,TRUE,R_3m4eNqlsE3EbvhA,44.9764,-93.224,Physician,3,3,3,40,Male,US,15,4,3,3,3,4,2,Low,2,1,4,5,5.5,-1,1,0.5,1.5,-1,9.5,4.5,NA,0.2222222222222222,31.119,53.136,"I am not going to increase the coumadin on a patient with an INR of 6. 
Realistically I would have held it for a few days, then started at a lower dose with more frequent monitoring.",3,3,3,3,3,2,1,3,3,3,2,4,2,3,3,3,3,3,3,1,NA,NA,NA,NA,NA,NA,NA,NA,NA,NA,NA,NA,NA,1,1,1,0,3.1666666666666665,NA,1,1,0,0,What or What/Why,What,Attending,Physician,7.5,Physician,1
100,954,TRUE,R_3m4eNqlsE3EbvhA,44.9764,-93.224,Physician,3,3,3,40,Male,US,15,4,3,3,3,4,2,High,2,2,9,9,9,0,0,0,0,0,9,0,TRUE,NA,55.9,9.07,It gave me the exact number that I intuited. So I guess it reinforced my choice.,4,4,3,4,3,4,4,2,4,4,4,2,2,4,4,4,4,4,4,4,4,2,4,4,2,2,4,2,2,2,4,4,4,2,2,2,30,3.1666666666666665,2.888888888888889,2,1,0,0,What or What/Why,What,Attending,Physician,11,Physician,2
100,709,TRUE,R_3mlz0OGeVDPlMev,33.844,-84.4784,Physician,5,4,5,30,Female,US,1,4,3,4,4,4,4,High,4,1,5.5,2,5.5,3.5,3.5,3.5,0,3.5,5.5,3.5,TRUE,1,78.848,28.501,Paid attention to the factors the AI considered,4,3,4,4,4,2,4,2,5,5,4,4,2,4,4,2,2,4,4,4,4,4,4,5,2,1,1,1,4,4,2,4,4,4,3,3,80,3.8333333333333335,2.5555555555555554,3.3333333333333335,1,1,1,What + Why + How,What + Why + How,Resident,Physician,7.5,Physician,1
100,709,TRUE,R_3mlz0OGeVDPlMev,33.844,-84.4784,Physician,5,4,5,30,Female,US,1,4,3,4,4,4,4,Low,4,2,9.5,9.5,9,0,0,0.5,0.5,0,13,3.5,NA,0,64.515,56.54,NA,4,2,4,4,4,4,4,2,4,5,5,4,2,4,4,4,4,4,4,2,2,2,4,4,2,1,2,2,4,4,2,3,2,2,1,2,31,3.8333333333333335,2.4444444444444446,1.6666666666666667,1,1,1,What + Why + How,What + Why + How,Resident,Physician,11,Physician,2
100,651,TRUE,R_3rHZTiOKAtupb82,43.6722,-92.9743,Physician,3,1,1,39,Female,US,11,3,2,2,4,4,2,Low,1,1,3,3,5.5,0,0,2.5,2.5,0,9.5,6.5,NA,0,61.173,25.615,"It seemed medically wrong, so I used my knowledge to determine my final decision alone.",2,2,2,1,2,2,3,2,2,1,3,4,1,2,2,1,3,4,1,1,1,5,1,1,2,3,2,4,4,2,1,5,2,1,1,1,27,2.8333333333333335,2.7777777777777777,1,0,0,0,Global Only,Global,Attending,Physician,7.5,Physician,1
100,651,TRUE,R_3rHZTiOKAtupb82,43.6722,-92.9743,Physician,3,1,1,39,Female,US,11,3,2,2,4,4,2,High,1,2,9,9,9,0,0,0,0,0,9,0,TRUE,NA,84.864,7.682,"It agreed with what I clinically would do, so it gave me support for my decision.",4,3,1,2,2,2,4,2,4,4,3,4,2,3,2,4,3,4,4,4,3,4,3,4,5,2,3,4,5,2,2,5,4,4,3,3,75,2.8333333333333335,3.5555555555555554,3.3333333333333335,0,0,0,Global Only,Global,Attending,Physician,11,Physician,2
100,687,FALSE,R_3NEVLA2WZIuirfl,46.7952,-96.8332,Midlevel Provider,4,4,4,51,Female,US,27,4,4,3,3,3,4,Low,1,1,5,5,5.5,0,0,0.5,0.5,0,9.5,4.5,NA,0,86.406,43.678,"The system was wrong in judging a dose, I used my own decision making.",1,NA,NA,NA,NA,NA,NA,NA,NA,NA,NA,NA,NA,NA,NA,NA,NA,NA,NA,NA,NA,NA,NA,NA,NA,NA,NA,NA,NA,NA,NA,NA,NA,1,1,1,11,3.5,NA,1,0,0,0,Global Only,Global,Non-Physician,Non-Physician,7.5,Midlevel Provider,1
100,687,FALSE,R_3NEVLA2WZIuirfl,46.7952,-96.8332,Midlevel Provider,4,4,4,51,Female,US,27,4,4,3,3,3,4,High,1,2,9,10,9,-1,1,1,0,1,9,1,TRUE,1,49.327,11.466,Reasonably close dose to what I determined.,4,4,1,5,2,4,5,4,5,4,4,4,4,4,4,3,4,3,4,5,4,4,4,4,4,5,4,4,5,4,4,5,5,4,5,4,81,3.5,4.444444444444445,4.333333333333333,0,0,0,Global Only,Global,Non-Physician,Non-Physician,11,Midlevel Provider,2
100,1632,TRUE,R_24CrC2y9V7ZoJAh,43.8013,-91.2134,Physician,5,5,4,34,Female,US,10,2,2,4,4,3,2,Low,3,1,6,6,5.5,0,0,0.5,0.5,0,9.5,3.5,NA,0,426.572,49.642,I read through the explanation given by the AI however had to trust my own knowledge. In case 1 if I would have gone with the AI it would have lead to higher INR with possible dangerous bleeding.,5,3,5,5,2,4,4,5,4,5,5,5,2,4,4,2,2,3,5,1,1,1,4,4,4,1,2,1,1,2,5,5,1,3,1,1,29,2.8333333333333335,2.4444444444444446,1.6666666666666667,1,1,0,What or What/Why,What + Why,Resident,Physician,7.5,Physician,1
100,1632,TRUE,R_24CrC2y9V7ZoJAh,43.8013,-91.2134,Physician,5,5,4,34,Female,US,10,2,2,4,4,3,2,High,3,2,9,9,9,0,0,0,0,0,9,0,TRUE,NA,138.738,11.901,Ai was in line with my knowledge to reduce the dose of warfarin by 10-20%. AI only confirmed my calculation.,5,3,5,4,2,4,4,5,5,5,5,5,2,5,5,5,5,4,4,4,5,5,5,5,2,4,2,2,2,2,4,5,2,3,3,3,56,2.8333333333333335,2.7777777777777777,3,1,1,0,What or What/Why,What + Why,Resident,Physician,11,Physician,2
100,927,TRUE,R_2dhIdwO2xIsUCWW,44.9411,-93.096,Physician,3,3,3,36,Female,US,10,3,3,3,3,3,3,Low,1,1,1,1,5.5,0,0,4.5,4.5,0,9.5,8.5,NA,0,67.824,46.696,INR was supratherapeutic and AI system recommended higher warfarin dosing which is not appropriate so I ignored the AI’s recommendation,1,4,1,4,1,1,3,1,3,2,2,3,2,1,2,2,2,3,1,2,2,2,1,1,3,2,1,2,3,4,2,2,2,1,1,1,1,3,2.3333333333333335,1,0,0,0,Global Only,Global,Attending,Physician,7.5,Physician,1
100,927,TRUE,R_2dhIdwO2xIsUCWW,44.9411,-93.096,Physician,3,3,3,36,Female,US,10,3,3,3,3,3,3,High,1,2,9,10,9,-1,1,1,0,1,9,1,TRUE,1,114.32,9.192,Recommendation seemed logically correct,3,3,2,2,2,2,4,3,4,3,4,5,4,4,3,4,4,4,4,5,5,4,3,4,4,4,4,3,3,4,4,4,4,4,4,3,90,3,3.7777777777777777,3.6666666666666665,0,0,0,Global Only,Global,Attending,Physician,11,Physician,2
100,800,TRUE,R_1I6DZrV06ACPCvU,44.9702,-93.3047,Physician,4,4,4,47,Male,US,20,3,4,2,3,4,4,Low,4,1,5,5,5.5,0,0,0.5,0.5,0,9.5,4.5,NA,0,62.499,44.701,The system did not seem to acknowledge the high iNR,2,2,2,3,3,1,2,3,4,4,4,3,1,1,2,3,2,3,2,1,2,2,2,2,3,2,2,2,3,4,1,4,4,1,1,2,10,3.3333333333333335,2.7777777777777777,1.3333333333333333,1,1,1,What + Why + How,What + Why + How,Attending,Physician,7.5,Physician,1
100,800,TRUE,R_1I6DZrV06ACPCvU,44.9702,-93.3047,Physician,4,4,4,47,Male,US,20,3,4,2,3,4,4,High,4,2,9,9.5,9,-0.5,0.5,0.5,0,0.5,9,0.5,TRUE,1,81.455,17.068,"Seems closer, but reasons were not clear.",2,2,2,4,3,4,4,4,3,2,3,4,3,4,2,3,4,2,2,3,4,2,2,3,4,4,3,3,2,3,4,3,3,3,2,2,43,3.3333333333333335,3.2222222222222223,2.3333333333333335,1,1,1,What + Why + How,What + Why + How,Attending,Physician,11,Physician,2
100,4825,FALSE,R_1ojShlHlD6zIN2e,33.8229,-84.3535,Physician,2,2,4,48,Female,US,18,4,4,4,4,4,4,Low,4,1,6,6,5.5,0,0,0.5,0.5,0,9.5,3.5,NA,0,839.062,54.865,Strongly consider it,5,4,NA,NA,NA,NA,NA,NA,NA,NA,NA,NA,NA,NA,NA,NA,NA,NA,NA,NA,NA,NA,NA,NA,NA,NA,NA,NA,NA,NA,NA,NA,NA,4,4,4,60,4,NA,4,1,1,1,What + Why + How,What + Why + How,Attending,Physician,7.5,Physician,1
100,4825,FALSE,R_1ojShlHlD6zIN2e,33.8229,-84.3535,Physician,2,2,4,48,Female,US,18,4,4,4,4,4,4,High,4,2,10,10,9,0,0,1,1,0,9,1,TRUE,0,24.686,18.716,"COnsider both knowledge and AI, would not ignore.",4,5,2,4,2,4,4,2,4,4,5,1,4,5,5,5,5,5,5,4,4,2,4,4,4,4,4,4,4,4,3,4,4,4,4,3,60,4,3.888888888888889,3.6666666666666665,1,1,1,What + Why + How,What + Why + How,Attending,Physician,11,Physician,2
100,4160,TRUE,R_eA2TjBfHDYFZoA1,26.0162,-80.1955,Midlevel Provider,4,5,5,72,Female,US,50,4,2,2,4,2,4,High,3,1,5,5,5.5,0,0,0.5,0.5,0,5.5,0.5,TRUE,0,316.62,23.959,"I looked at the medications the patient was already receiving, the underlying co-morbidities and the patient's weight. I also reviewed the changes in the INR over time.",5,4,4,3,4,2,4,4,2,1,3,5,2,4,2,3,4,3,1,2,4,2,3,2,3,4,3,1,2,2,2,2,2,4,3,2,60,3,2.3333333333333335,3,1,1,0,What or What/Why,What + Why,Non-Physician,Non-Physician,7.5,Midlevel Provider,1
100,4160,TRUE,R_eA2TjBfHDYFZoA1,26.0162,-80.1955,Midlevel Provider,4,5,5,72,Female,US,50,4,2,2,4,2,4,Low,3,2,11.5,10,9,1.5,1.5,1,2.5,-1.5,13,3,NA,0.5,225.957,65.875,"I evaluated the co-morbidities and the patient's weight along with the INR. I would re-evaluate the INR in 72 hours. If it had increased, I would consider decreasing the dose to 12 mg.",5,5,4,5,4,4,5,5,5,5,5,3,2,4,4,3,4,3,2,2,4,2,4,4,1,1,2,2,2,2,2,3,4,4,3,3,90,3,2.111111111111111,3.3333333333333335,1,1,0,What or What/Why,What + Why,Non-Physician,Non-Physician,11,Midlevel Provider,2
100,661,TRUE,R_3oLUlTVBpgRPtbh,41.3136,-72.9272,Physician,3,2,2,40,Male,US,15,3,3,3,3,3,3,Low,3,1,5,5,5.5,0,0,0.5,0.5,0,9.5,4.5,NA,0,161.233,38.051,NA,4,3,3,3,3,3,3,3,3,3,3,3,3,3,3,3,3,3,3,3,3,3,3,3,3,3,3,3,3,3,3,3,3,1,1,1,NA,3,3,1,1,1,0,What or What/Why,What + Why,Attending,Physician,7.5,Physician,1
100,661,TRUE,R_3oLUlTVBpgRPtbh,41.3136,-72.9272,Physician,3,2,2,40,Male,US,15,3,3,3,3,3,3,High,3,2,7.5,7.5,9,0,0,1.5,1.5,0,9,1.5,TRUE,0,82.349,22.259,NA,3,3,3,3,3,3,3,3,3,3,3,3,3,3,3,3,3,3,3,3,3,3,3,3,3,3,3,3,3,3,3,3,3,2,2,2,19,3,3,2,1,1,0,What or What/Why,What + Why,Attending,Physician,11,Physician,2
100,585,TRUE,R_2xLTaJ8JeaUTS4B,45.0139,-93.1545,Physician,4,4,1,40,Male,US,11,4,4,4,3,3,2,High,3,1,5.5,2.5,5.5,3,3,3,0,3,5.5,3,TRUE,1,51.828,17.682,used to modify my initial decision,3,2,2,2,1,2,4,2,2,3,2,5,1,4,3,2,1,1,1,4,3,4,4,4,3,2,2,2,4,3,1,4,3,NA,NA,NA,80,3.3333333333333335,2.6666666666666665,NA,1,1,0,What or What/Why,What + Why,Attending,Physician,7.5,Physician,1
100,585,TRUE,R_2xLTaJ8JeaUTS4B,45.0139,-93.1545,Physician,4,4,1,40,Male,US,11,4,4,4,3,3,2,Low,3,2,9,8,9,1,1,1,0,1,13,5,NA,0.2,46.898,40.046,"the recommendation didn't make complete sense, but I factored a little by not decreasing as much as I would have.",2,2,2,2,2,1,2,2,1,2,2,5,1,3,2,1,2,2,2,1,1,2,2,2,2,2,2,2,4,2,2,4,2,2,1,1,20,3.3333333333333335,2.4444444444444446,1.3333333333333333,1,1,0,What or What/Why,What + Why,Attending,Physician,11,Physician,2
100,513,FALSE,R_29sranQO7ngYL04,44.1552,-93.9961,Physician,4,3,1,38,Male,US,12,4,4,3,4,4,4,High,2,1,4.5,2.5,5.5,2,2,3,1,2,5.5,3,TRUE,0.6666666666666666,33.631,15.23,I think that we needed to lower the dose immediately to get the INR down given the upper 6 I decided initially a dose of 2.5.  The AI wanted 5.5 so I hedged with a final dose of 4.5.,3,NA,NA,NA,NA,NA,NA,NA,NA,NA,NA,NA,NA,NA,NA,NA,NA,NA,NA,NA,NA,NA,NA,NA,NA,NA,NA,NA,NA,NA,NA,NA,NA,3,NA,NA,50,3.8333333333333335,NA,NA,1,0,0,What or What/Why,What,Attending,Physician,7.5,Physician,1
100,513,FALSE,R_29sranQO7ngYL04,44.1552,-93.9961,Physician,4,3,1,38,Male,US,12,4,4,3,4,4,4,Low,2,2,10,10,9,0,0,1,1,0,13,3,NA,0,52.169,32.415,INR was high and increasing and they are advising a higher dose.  I vehemently disagree.  I think the AI model is garbage.,2,4,1,1,2,1,1,5,1,1,2,5,1,1,1,1,1,1,2,1,1,1,2,1,3,3,1,3,3,4,4,5,1,1,1,1,0,3.8333333333333335,3,1,1,0,0,What or What/Why,What,Attending,Physician,11,Physician,2
100,1188,TRUE,R_DvjIs7vAH8uQx8d,41.8764,-87.6133,Midlevel Provider,2,1,1,32,Female,US,2,4,2,3,4,4,4,Low,3,1,3,2.5,5.5,0.5,0.5,3,2.5,0.5,9.5,7,NA,0.07142857142857142,110.099,37.751,Erred slightly higher based on presented risk factors,1,3,1,1,2,1,4,1,NA,5,4,4,1,4,2,2,1,1,4,2,4,1,3,4,4,1,2,3,2,2,2,3,1,1,1,1,20,3.5,2.2222222222222223,1,1,1,0,What or What/Why,What + Why,Non-Physician,Non-Physician,7.5,Midlevel Provider,1
100,1188,TRUE,R_DvjIs7vAH8uQx8d,41.8764,-87.6133,Midlevel Provider,2,1,1,32,Female,US,2,4,2,3,4,4,4,High,3,2,9,9,9,0,0,0,0,0,9,0,TRUE,NA,144.901,13.301,Nice confirmation of what I already believed to be optimal therapy,2,3,2,2,1,1,4,1,4,4,4,4,1,4,2,4,2,1,4,3,4,4,4,4,4,2,2,4,2,2,2,4,3,4,3,3,70,3.5,2.7777777777777777,3.3333333333333335,1,1,0,What or What/Why,What + Why,Non-Physician,Non-Physician,11,Midlevel Provider,2
100,523,TRUE,R_3KGDyOfCY5IpAnJ,46.7952,-96.8332,Midlevel Provider,5,5,5,32,Female,US,11,4,4,4,4,4,4,High,4,1,5.5,6,5.5,-0.5,0.5,0.5,0,0.5,5.5,0.5,TRUE,1,84.357,9.948,NA,4,4,4,4,4,5,5,4,4,4,4,2,4,5,5,5,2,2,2,4,4,5,4,5,4,4,4,2,2,2,1,5,5,4,4,4,87,4,3.2222222222222223,4,1,1,1,What + Why + How,What + Why + How,Non-Physician,Non-Physician,7.5,Midlevel Provider,1
100,523,TRUE,R_3KGDyOfCY5IpAnJ,46.7952,-96.8332,Midlevel Provider,5,5,5,32,Female,US,11,4,4,4,4,4,4,Low,4,2,13,10.5,9,2.5,2.5,1.5,4,-2.5,13,2.5,NA,1,58.979,9.237,NA,1,4,4,4,4,4,4,4,4,4,4,5,5,5,4,4,4,4,4,4,4,4,4,4,2,1,5,1,1,1,5,4,4,4,4,4,92,4,2.6666666666666665,4,1,1,1,What + Why + How,What + Why + How,Non-Physician,Non-Physician,11,Midlevel Provider,2
100,2632,FALSE,R_248WhuDin3knyM2,38.894,-77.0365,Nurse,4,3,2,32,Female,US,5,3,3,3,4,3,4,High,1,1,5.5,6,5.5,-0.5,0.5,0.5,0,0.5,5.5,0.5,TRUE,1,62.093,24.388,"AI system 1's answer made sense to me, AI system 2's answer did not make sense to me. If AI system 1 had a silly answer, based on the information provided about AI system 1, I would not have trusted it - it was because the answer seemed reasonable that I did trust it.",NA,NA,2,2,2,2,3,2,2,2,2,5,2,3,2,2,2,2,2,2,2,4,3,3,4,3,3,2,4,2,3,3,3,2,2,2,61,3.3333333333333335,3,2,0,0,0,Global Only,Global,Non-Physician,Non-Physician,7.5,Nurse,1
100,2632,FALSE,R_248WhuDin3knyM2,38.894,-77.0365,Nurse,4,3,2,32,Female,US,5,3,3,3,4,3,4,Low,1,2,10.5,10.5,9,0,0,1.5,1.5,0,13,2.5,NA,0,39.901,75.929,"AI system 2's answer did not seem logical to me, and that impacted my trust in AI system 2.",2,2,2,2,2,2,4,2,3,3,2,5,2,3,3,2,2,2,2,1,1,5,2,2,3,2,2,2,4,3,3,3,3,1,1,1,61,3.3333333333333335,2.7777777777777777,1,0,0,0,Global Only,Global,Non-Physician,Non-Physician,11,Nurse,2
100,3687,TRUE,R_1PTvOfU2fA69Sfn,44.1552,-93.9961,Physician,4,4,4,56,Female,US,19,4,4,4,3,3,4,High,3,1,5.5,5,5.5,0.5,0.5,0.5,0,0.5,5.5,0.5,TRUE,1,138.748,44.532,Trusted AI recommendation from this case.,5,3,4,4,3,4,5,3,5,5,5,4,3,4,4,4,3,3,4,3,3,2,5,4,3,3,2,1,3,2,4,3,3,4,3,3,100,3.6666666666666665,2.6666666666666665,3.3333333333333335,1,1,0,What or What/Why,What + Why,Attending,Physician,7.5,Physician,1
100,3687,TRUE,R_1PTvOfU2fA69Sfn,44.1552,-93.9961,Physician,4,4,4,56,Female,US,19,4,4,4,3,3,4,Low,3,2,10,10,9,0,0,1,1,0,13,3,NA,0,75.55,47.838,Does not make sense to me to increase Coumadin dose when INR is trending up.,4,3,3,3,3,3,2,3,4,4,3,4,2,2,2,3,3,2,3,2,2,2,4,2,3,2,3,2,3,3,4,2,2,1,2,3,1,3.6666666666666665,2.6666666666666665,2,1,1,0,What or What/Why,What + Why,Attending,Physician,11,Physician,2
100,4168,TRUE,R_2foAKNcNkscjTHM,33.7485,-84.3871,Nurse,4,2,2,30,Female,US,2,3,3,3,3,4,3,Low,4,1,6,6,5.5,0,0,0.5,0.5,0,9.5,3.5,NA,0,957.712,67.612,NA,2,2,2,2,2,2,2,2,4,4,4,4,2,4,2,4,2,2,2,2,2,2,4,4,2,2,2,2,2,2,2,2,2,2,3,3,31,3.1666666666666665,2,2.6666666666666665,1,1,1,What + Why + How,What + Why + How,Non-Physician,Non-Physician,7.5,Nurse,1
100,4168,TRUE,R_2foAKNcNkscjTHM,33.7485,-84.3871,Nurse,4,2,2,30,Female,US,2,3,3,3,3,4,3,High,4,2,8.5,8,9,0.5,0.5,1,0.5,0.5,9,1,TRUE,0.5,217.451,25.066,NA,2,2,2,2,2,2,2,2,2,2,2,4,4,2,2,2,2,2,2,4,4,4,4,4,2,2,2,2,2,2,2,2,2,3,3,3,60,3.1666666666666665,2,3,1,1,1,What + Why + How,What + Why + How,Non-Physician,Non-Physician,11,Nurse,2
100,1027,TRUE,R_2dGCb8ckLjq7XW8,47.5832,-95.7428,Physician,1,4,1,39,Female,US,10,4,4,4,4,2,2,Low,3,1,4,4,5.5,0,0,1.5,1.5,0,9.5,5.5,NA,0,82.798,8.995,NA,5,2,4,4,4,4,4,4,4,4,4,4,4,4,4,4,2,4,4,2,4,2,4,4,4,4,4,4,4,4,4,4,4,1,1,1,0,3.3333333333333335,4,1,1,1,0,What or What/Why,What + Why,Attending,Physician,7.5,Physician,1
100,1027,TRUE,R_2dGCb8ckLjq7XW8,47.5832,-95.7428,Physician,1,4,1,39,Female,US,10,4,4,4,4,2,2,High,3,2,9,9.5,9,-0.5,0.5,0.5,0,0.5,9,0.5,TRUE,1,55.762,17.032,NA,4,2,4,4,4,4,4,4,4,4,4,4,4,4,4,4,4,4,4,4,4,4,4,4,4,4,4,4,4,4,4,4,4,3,3,3,85,3.3333333333333335,4,3,1,1,0,What or What/Why,What + Why,Attending,Physician,11,Physician,2
100,607,TRUE,R_3fIVbs8ufoGY1dm,33.7697,-84.3754,Physician,5,2,5,28,Female,US,3,4,4,4,5,5,4,Low,4,1,5,5,5.5,0,0,0.5,0.5,0,9.5,4.5,NA,0,43.103,39.499,NA,2,2,2,2,2,1,2,3,4,4,2,4,1,1,2,2,2,2,2,2,2,3,5,2,2,2,2,2,2,2,2,4,2,1,1,1,25,4.333333333333333,2.2222222222222223,1,1,1,1,What + Why + How,What + Why + How,Resident,Physician,7.5,Physician,1
100,607,TRUE,R_3fIVbs8ufoGY1dm,33.7697,-84.3754,Physician,5,2,5,28,Female,US,3,4,4,4,5,5,4,High,4,2,9,9,9,0,0,0,0,0,9,0,TRUE,NA,88.13,26.785,NA,4,4,4,4,4,4,4,2,4,4,5,4,4,4,4,4,4,4,4,5,5,4,4,4,2,2,2,2,2,2,2,4,4,4,4,3,70,4.333333333333333,2.4444444444444446,3.6666666666666665,1,1,1,What + Why + How,What + Why + How,Resident,Physician,11,Physician,2
100,1246,FALSE,R_3PtbAjaB9mfK0cu,19.0748,72.8856,Physician,4,4,4,40,Male,Ex-US,15,5,5,5,5,5,4,High,3,1,5.5,4,5.5,1.5,1.5,1.5,0,1.5,5.5,1.5,TRUE,1,221.968,140.865,NA,4,4,NA,NA,NA,4,4,NA,NA,NA,NA,NA,NA,NA,NA,NA,NA,NA,NA,NA,NA,NA,NA,NA,NA,NA,NA,NA,NA,NA,NA,NA,NA,4,4,NA,NA,4.833333333333333,NA,NA,1,1,0,What or What/Why,What + Why,Attending,Physician,7.5,Physician,1
100,1246,FALSE,R_3PtbAjaB9mfK0cu,19.0748,72.8856,Physician,4,4,4,40,Male,Ex-US,15,5,5,5,5,5,4,Low,3,2,13,10,9,3,3,1,4,-3,13,3,NA,1,162.252,41.071,A fair amount,4,4,4,4,2,4,4,5,5,5,5,1,5,4,4,4,4,4,4,4,4,4,4,4,4,2,4,2,2,2,4,4,4,4,4,4,80,4.833333333333333,3.111111111111111,4,1,1,0,What or What/Why,What + Why,Attending,Physician,11,Physician,2
100,700,TRUE,R_22rcjkQT74yHk1B,42.3907,-71.1349,Pharmacist,2,2,1,29,Female,US,2.5,4,2,4,4,4,2,Low,2,2,5,5,9,0,0,4,4,0,13,8,NA,0,83.243,28.823,The AI system recommended a dose increase while I recommended a dose decrease,4,4,2,4,4,2,4,2,2,2,4,2,2,2,2,2,2,2,2,1,1,2,4,4,2,2,4,2,4,2,4,3,2,2,1,1,30,3.3333333333333335,2.7777777777777777,1.3333333333333333,1,0,0,What or What/Why,What,Non-Physician,Non-Physician,11,Pharmacist,2
100,1011,TRUE,R_RQPhZyPnvrewTRf,36.1579,-86.8608,Pharmacist,4,4,2,38,Male,US,10,4,2,4,4,5,3,Low,3,1,5.5,5.5,5.5,0,0,0,0,0,9.5,4,NA,0,181.318,58.456,"I didn't the recommended dose was higher, and the patient needed to be on a lower dose",4,4,4,4,4,4,4,5,4,4,5,4,2,3,3,4,4,4,4,5,4,4,4,1,5,5,4,4,4,4,4,5,5,1,1,1,0,3.6666666666666665,4.444444444444445,1,1,1,0,What or What/Why,What + Why,Non-Physician,Non-Physician,7.5,Pharmacist,1
100,1011,TRUE,R_RQPhZyPnvrewTRf,36.1579,-86.8608,Pharmacist,4,4,2,38,Male,US,10,4,2,4,4,5,3,High,3,2,9,9.5,9,-0.5,0.5,0.5,0,0.5,9,0.5,TRUE,1,121.709,17.146,"I came up with a dose, then looked to see how that compared to the AI system",4,4,4,4,4,4,4,5,4,4,4,5,4,4,4,4,4,4,4,4,4,5,4,4,5,5,4,5,5,5,4,5,5,4,3,4,30,3.6666666666666665,4.777777777777778,3.6666666666666665,1,1,0,What or What/Why,What + Why,Non-Physician,Non-Physician,11,Pharmacist,2
100,2792,TRUE,R_24oeI8xKHxx79nK,40.694,-73.9901,Physician,4,4,2,52,Female,US,26,4,4,4,4,4,4,Low,3,1,5,5,5.5,0,0,0.5,0.5,0,9.5,4.5,NA,0,75.202,62.83,It was recommending a higher dose.  He was already too high.  A higher dose is inappropriate.,3,4,2,3,3,1,3,3,2,3,3,2,1,4,1,1,1,3,3,1,2,1,3,2,5,4,4,3,3,5,4,5,4,1,1,2,0,4,4.111111111111111,1.3333333333333333,1,1,0,What or What/Why,What + Why,Attending,Physician,7.5,Physician,1
100,2792,TRUE,R_24oeI8xKHxx79nK,40.694,-73.9901,Physician,4,4,2,52,Female,US,26,4,4,4,4,4,4,High,3,2,10,10,9,0,0,1,1,0,9,1,TRUE,0,184.535,73.617,"It was in the right direction and could be right. Since the patient was not very much over goal, I chose to make a smaller dose change.",3,2,2,2,2,1,3,1,1,4,4,2,1,2,4,3,3,2,2,2,4,4,3,3,4,2,3,4,4,4,2,4,3,4,3,3,29,4,3.3333333333333335,3.3333333333333335,1,1,0,What or What/Why,What + Why,Attending,Physician,11,Physician,2
100,730,TRUE,R_2ARJ6GTcFV41L6D,41.2686,-72.9651,Pharmacist,4,4,4,37,Male,US,13,5,4,4,5,5,5,High,4,1,4.5,0,5.5,4.5,4.5,5.5,1,4.5,5.5,5.5,TRUE,0.8181818181818182,90.052,46.408,"While i took the AI into consideration, clinical judgment and experience with anticoagulation tends to be more valued than computer determinations. Perhaps a diabetes med algorithm would be the best use for something like this.",4,4,3,3,2,2,4,3,4,3,3,4,2,2,2,3,4,4,1,2,2,4,4,4,4,5,4,2,2,3,2,4,4,4,4,2,31,4.666666666666667,3.3333333333333335,3.3333333333333335,1,1,1,What + Why + How,What + Why + How,Non-Physician,Non-Physician,7.5,Pharmacist,1
100,730,TRUE,R_2ARJ6GTcFV41L6D,41.2686,-72.9651,Pharmacist,4,4,4,37,Male,US,13,5,4,4,5,5,5,Low,4,2,9,9,9,0,0,0,0,0,13,4,NA,0,50.639,20.656,This case was more challenging and it was helpful to have input with recommended dose along with rationale.,4,4,2,3,2,3,4,4,4,4,3,4,2,4,3,4,4,2,2,2,4,3,4,4,2,2,2,4,2,2,2,4,4,4,3,2,40,4.666666666666667,2.6666666666666665,3,1,1,1,What + Why + How,What + Why + How,Non-Physician,Non-Physician,11,Pharmacist,2
100,631,FALSE,R_DoEi91IDf6Ioq2t,33.7485,-84.3871,Physician,5,5,5,30,Male,US,3,4,3,4,4,5,5,Low,4,2,9,9,9,0,0,0,0,0,13,4,NA,0,98.173,95.816,went in the opposite direction I was expecting so I didn't listen.,4,4,4,4,3,2,4,4,5,5,5,4,2,4,4,3,4,4,5,3,2,1,4,2,4,2,1,3,3,3,5,1,3,2,2,3,0,4.166666666666667,2.7777777777777777,2.3333333333333335,1,1,1,What + Why + How,What + Why + How,Resident,Physician,11,Physician,2
100,1503,TRUE,R_1DCOFGkNH1YDYry,41.0155,-73.8635,Physician,5,4,5,43,Male,US,13,4,3,3,3,2,4,High,4,1,3.5,3,5.5,0.5,0.5,2.5,2,0.5,5.5,2.5,TRUE,0.2,125.224,44.195,"While factors were cited, how it actually chose the dose based on the patients' prior dosage (and how/whether it took this into effect) was very unclear, therefore i was skeptical.",4,3,4,5,4,2,4,2,5,4,4,4,2,2,4,2,2,2,2,2,3,2,4,2,4,3,2,3,3,2,3,4,3,2,2,2,8,3.1666666666666665,3,2,1,1,1,What + Why + How,What + Why + How,Attending,Physician,7.5,Physician,1
100,1503,TRUE,R_1DCOFGkNH1YDYry,41.0155,-73.8635,Physician,5,4,5,43,Male,US,13,4,3,3,3,2,4,Low,4,2,9,9,9,0,0,0,0,0,13,4,NA,0,97.74,14.124,"Skeptical - despite a supratherapeutic INR it rec'd increasing the dose, so I ignored it.",4,4,4,4,3,2,2,4,4,4,4,4,2,2,4,2,2,2,1,2,3,3,3,3,3,2,2,4,3,3,2,4,3,2,2,1,9,3.1666666666666665,2.888888888888889,1.6666666666666667,1,1,1,What + Why + How,What + Why + How,Attending,Physician,11,Physician,2
100,1231,TRUE,R_z7neAX44lqOqcNz,33.9588,-83.4384,Pharmacist,5,5,5,34,Female,US,7,4,5,5,5,5,5,Low,4,1,4,4,5.5,0,0,1.5,1.5,0,9.5,5.5,NA,0,107.279,53.729,"I disagreed with increasing the dose. After seeing that, I did not consider the output at all in making my final decision.",4,5,5,5,5,4,5,4,5,4,5,5,2,5,5,2,3,4,5,5,1,1,3,4,4,2,2,5,4,2,2,1,2,1,1,1,15,4.833333333333333,2.6666666666666665,1,1,1,1,What + Why + How,What + Why + How,Non-Physician,Non-Physician,7.5,Pharmacist,1
100,1231,TRUE,R_z7neAX44lqOqcNz,33.9588,-83.4384,Pharmacist,5,5,5,34,Female,US,7,4,5,5,5,5,5,High,4,2,9,10,9,-1,1,1,0,1,9,1,TRUE,1,171.977,27.88,NA,5,5,5,5,5,5,3,4,5,4,5,5,2,4,4,4,4,5,5,4,5,5,5,5,5,3,2,4,5,5,3,5,5,4,4,2,69,4.833333333333333,4.111111111111111,3.3333333333333335,1,1,1,What + Why + How,What + Why + How,Non-Physician,Non-Physician,11,Pharmacist,2
100,747,TRUE,R_QmIFyUszitkJ4hr,39.0635,-82.0367,Pharmacist,4,2,4,27,Male,US,2,4,2,2,2,4,4,Low,4,1,7.5,6,5.5,1.5,1.5,0.5,2,-1.5,9.5,3.5,NA,0.42857142857142855,83.139,45.348,NA,2,2,2,2,2,2,1,2,4,2,2,2,2,2,2,2,2,2,2,2,2,2,4,2,2,2,2,4,2,2,2,2,2,2,2,1,24,3,2.2222222222222223,1.6666666666666667,1,1,1,What + Why + How,What + Why + How,Non-Physician,Non-Physician,7.5,Pharmacist,1
100,747,TRUE,R_QmIFyUszitkJ4hr,39.0635,-82.0367,Pharmacist,4,2,4,27,Male,US,2,4,2,2,2,4,4,High,4,2,9.5,9.5,9,0,0,0.5,0.5,0,9,0.5,TRUE,0,99.222,15.674,NA,2,2,2,2,2,2,4,4,4,4,4,4,4,2,2,4,2,4,2,4,4,4,2,4,4,2,4,4,4,4,2,4,4,3,2,1,35,3,3.5555555555555554,2,1,1,1,What + Why + How,What + Why + How,Non-Physician,Non-Physician,11,Pharmacist,2
100,1060,FALSE,R_3OjYPZpVvvkAIjL,24.6869,46.7224,Physician,4,3,3,30,Male,Ex-US,5,3,3,3,1,3,2,Low,1,1,3,3,5.5,0,0,2.5,2.5,0,9.5,6.5,NA,0,62.97,52.858,NA,NA,NA,NA,2,4,2,2,4,2,2,2,5,4,NA,NA,NA,NA,NA,NA,NA,NA,NA,NA,NA,NA,NA,NA,NA,NA,NA,NA,NA,NA,NA,NA,5,2,2.5,NA,NA,0,0,0,Global Only,Global,Attending,Physician,7.5,Physician,1
100,1060,FALSE,R_3OjYPZpVvvkAIjL,24.6869,46.7224,Physician,4,3,3,30,Male,Ex-US,5,3,3,3,1,3,2,High,1,2,9,4,9,5,5,5,0,5,9,5,TRUE,1,37.918,24.71,NA,5,3,3,3,3,3,3,3,3,3,3,3,3,3,3,4,3,3,3,3,3,3,3,3,4,1,2,1,2,5,4,1,2,5,1,2,88,2.5,2.4444444444444446,2.6666666666666665,0,0,0,Global Only,Global,Attending,Physician,11,Physician,2
100,831,TRUE,R_1cS3bo2E7eKTGkf,51.2993,9.491,Physician,3,4,4,32,Male,Ex-US,7,4,5,4,4,4,4,Low,3,1,5,5,5.5,0,0,0.5,0.5,0,9.5,4.5,NA,0,93.694,63.797,NA,3,3,4,3,2,4,3,4,2,2,3,4,4,4,2,3,3,3,3,3,4,3,3,4,3,NA,NA,NA,NA,NA,NA,NA,NA,1,2,4,20,4.166666666666667,NA,2.3333333333333335,1,1,0,What or What/Why,What + Why,Resident,Physician,7.5,Physician,1
100,831,TRUE,R_1cS3bo2E7eKTGkf,51.2993,9.491,Physician,3,4,4,32,Male,Ex-US,7,4,5,4,4,4,4,High,3,2,9,7,9,2,2,2,0,2,9,2,TRUE,1,59.364,11.266,NA,2,3,3,4,3,3,3,2,2,4,3,4,3,4,2,3,4,3,4,3,2,3,4,3,4,2,3,3,2,4,3,3,4,4,4,4,58,4.166666666666667,3.111111111111111,4,1,1,0,What or What/Why,What + Why,Resident,Physician,11,Physician,2
100,563,TRUE,R_suP4d3LSONgd2iB,45.0702,-93.4556,Physician,4,5,5,39,Male,US,11,4,4,3,4,4,4,Low,2,1,5.5,5.5,5.5,0,0,0,0,0,9.5,4,NA,0,73.302,44.267,I didn't,1,1,1,1,1,1,3,1,5,1,3,4,1,1,1,1,1,1,1,1,1,5,5,3,5,5,4,4,4,4,3,3,3,1,1,1,21,3.8333333333333335,3.888888888888889,1,1,0,0,What or What/Why,What,Attending,Physician,7.5,Physician,1
100,563,TRUE,R_suP4d3LSONgd2iB,45.0702,-93.4556,Physician,4,5,5,39,Male,US,11,4,4,3,4,4,4,High,2,2,9,10,9,-1,1,1,0,1,9,1,TRUE,1,49.501,9.991,It is close to a 20% reduction which is appropriate,3,3,3,3,3,3,3,3,3,3,3,3,3,3,3,3,3,3,3,3,3,2,4,3,3,2,3,3,4,3,2,3,3,4,4,4,83,3.8333333333333335,2.888888888888889,4,1,0,0,What or What/Why,What,Attending,Physician,11,Physician,2
100,456,FALSE,R_Av8YsygiOhm1zdn,19.0748,72.8856,Physician,3,1,5,45,Male,Ex-US,22,4,4,5,4,4,4,High,1,1,5,3,5.5,2,2,2.5,0.5,2,5.5,2.5,TRUE,0.8,43.844,28.256,Seems acceptable.,5,NA,NA,NA,NA,NA,NA,NA,NA,NA,NA,NA,NA,NA,NA,NA,NA,NA,NA,NA,NA,NA,NA,NA,NA,NA,NA,NA,NA,NA,NA,NA,NA,3,NA,NA,70,4.166666666666667,NA,NA,0,0,0,Global Only,Global,Attending,Physician,7.5,Physician,1
100,456,FALSE,R_Av8YsygiOhm1zdn,19.0748,72.8856,Physician,3,1,5,45,Male,Ex-US,22,4,4,5,4,4,4,Low,1,2,13,9,9,4,4,0,4,-4,13,4,NA,1,48.801,8.001,Sounds reasonable,5,4,4,4,3,3,4,2,4,4,5,4,2,3,4,4,4,4,4,4,4,2,3,3,1,2,1,2,4,2,1,4,4,3,3,4,87,4.166666666666667,2.3333333333333335,3.3333333333333335,0,0,0,Global Only,Global,Attending,Physician,11,Physician,2
100,485,FALSE,R_300p3YrIPuoH9DX,33.5256,-81.9369,Pharmacist,4,4,4,34,Female,US,10,4,4,4,4,3,3,High,2,1,5,4,5.5,1,1,1.5,0.5,1,5.5,1.5,TRUE,0.6666666666666666,26.9,17.828,NA,3,NA,NA,NA,NA,NA,NA,NA,NA,NA,NA,NA,NA,NA,NA,NA,NA,NA,NA,NA,NA,NA,NA,NA,NA,NA,NA,NA,NA,NA,NA,NA,NA,4,NA,NA,36,3.6666666666666665,NA,NA,1,0,0,What or What/Why,What,Non-Physician,Non-Physician,7.5,Pharmacist,1
100,485,FALSE,R_300p3YrIPuoH9DX,33.5256,-81.9369,Pharmacist,4,4,4,34,Female,US,10,4,4,4,4,3,3,Low,2,2,9,9,9,0,0,0,0,0,13,4,NA,0,18.46,42.52,NA,2,2,5,2,2,2,4,2,4,4,2,3,1,1,1,3,3,1,2,2,1,2,4,4,2,1,2,3,3,2,3,3,3,2,1,2,15,3.6666666666666665,2.4444444444444446,1.6666666666666667,1,0,0,What or What/Why,What,Non-Physician,Non-Physician,11,Pharmacist,2
100,923,FALSE,R_PzVXLOKfE0adkad,44.9427,-93.2871,Pharmacist,4,4,2,35,Female,US,10,2,2,2,2,2,2,Low,2,1,6,6,5.5,0,0,0.5,0.5,0,9.5,3.5,NA,0,78.976,139.624,NA,1,NA,NA,NA,NA,NA,NA,NA,NA,NA,NA,NA,NA,NA,NA,NA,NA,NA,NA,NA,NA,NA,NA,NA,NA,NA,NA,NA,NA,NA,NA,NA,NA,3,NA,NA,20,2,NA,NA,1,0,0,What or What/Why,What,Non-Physician,Non-Physician,7.5,Pharmacist,1
100,923,FALSE,R_PzVXLOKfE0adkad,44.9427,-93.2871,Pharmacist,4,4,2,35,Female,US,10,2,2,2,2,2,2,High,2,2,9,10,9,-1,1,1,0,1,9,1,TRUE,1,85.911,8.702,NA,2,5,2,2,2,3,4,1,1,1,2,4,1,1,2,4,3,3,3,3,3,3,3,3,3,3,3,3,3,3,3,3,3,3,4,2,81,2,3,3,1,0,0,What or What/Why,What,Non-Physician,Non-Physician,11,Pharmacist,2
100,1204,FALSE,R_2eRbBdMpSBhtFVo,35.0875,-89.7639,Physician,4,4,4,37,Female,US,5,4,4,4,3,3,4,High,3,1,4.5,3,5.5,1.5,1.5,2.5,1,1.5,5.5,2.5,TRUE,0.6,97.456,96.147,It reminded of some of the factors that play a role in dosing which I first did not pay close attention to.,4,4,NA,NA,NA,NA,NA,NA,NA,NA,NA,NA,NA,NA,NA,NA,NA,NA,NA,NA,NA,NA,NA,NA,NA,NA,NA,NA,NA,NA,NA,NA,NA,NA,2,3,84,3.6666666666666665,NA,NA,1,1,0,What or What/Why,What + Why,Attending,Physician,7.5,Physician,1
100,1204,FALSE,R_2eRbBdMpSBhtFVo,35.0875,-89.7639,Physician,4,4,4,37,Female,US,5,4,4,4,3,3,4,Low,3,2,11,9,9,2,2,0,2,-2,13,4,NA,0.5,164.275,63.334,It summarized most of the important factors that can impact dosing that clinician would consider,4,3,4,4,2,4,4,3,4,4,4,4,3,4,4,4,4,4,4,4,4,4,4,4,2,2,3,3,3,3,3,4,3,3,3,3,81,3.6666666666666665,2.888888888888889,3,1,1,0,What or What/Why,What + Why,Attending,Physician,11,Physician,2
100,671,TRUE,R_1ilh1dvxrAQPWjV,51.972,7.6002,Physician,5,5,5,44,Male,Ex-US,19,4,4,4,4,4,3,Low,4,1,3,3,5.5,0,0,2.5,2.5,0,9.5,6.5,NA,0,59.862,52.422,I was not logically to me.,4,2,4,4,3,4,2,4,4,5,4,4,4,3,3,2,2,4,5,1,1,1,4,4,5,4,4,2,3,3,2,4,3,1,2,2,7,3.8333333333333335,3.3333333333333335,1.6666666666666667,1,1,1,What + Why + How,What + Why + How,Attending,Physician,7.5,Physician,1
100,671,TRUE,R_1ilh1dvxrAQPWjV,51.972,7.6002,Physician,5,5,5,44,Male,Ex-US,19,4,4,4,4,4,3,High,4,2,9,9,9,0,0,0,0,0,9,0,TRUE,NA,61.302,10.196,suggested the same dose,5,4,4,4,3,4,4,4,5,5,5,3,3,4,4,4,5,5,5,5,5,5,4,4,3,5,5,3,4,4,4,5,5,5,4,4,91,3.8333333333333335,4.222222222222222,4.333333333333333,1,1,1,What + Why + How,What + Why + How,Attending,Physician,11,Physician,2
100,532,TRUE,R_24r8mO6Ma7DoWBT,42.2647,-71.6175,Physician,4,4,5,34,Male,US,10,4,4,4,5,4,4,High,3,1,4.5,4,5.5,0.5,0.5,1.5,1,0.5,5.5,1.5,TRUE,0.3333333333333333,29.32,18.818,NA,3,3,4,4,3,4,4,4,5,2,4,5,1,2,2,2,NA,NA,NA,NA,NA,NA,NA,NA,NA,NA,NA,NA,NA,NA,NA,NA,NA,NA,NA,NA,NA,4.166666666666667,NA,NA,1,1,0,What or What/Why,What + Why,Attending,Physician,7.5,Physician,1
100,532,TRUE,R_24r8mO6Ma7DoWBT,42.2647,-71.6175,Physician,4,4,5,34,Male,US,10,4,4,4,5,4,4,Low,3,2,12,10,9,2,2,1,3,-2,13,3,NA,0.6666666666666666,58.808,10.487,NA,4,2,2,3,2,2,2,3,2,2,3,5,2,2,2,2,2,2,2,2,4,4,4,4,3,2,2,4,4,3,4,4,3,2,2,2,35,4.166666666666667,3.2222222222222223,2,1,1,0,What or What/Why,What + Why,Attending,Physician,11,Physician,2
100,443,TRUE,R_2dgqty9e7cgSRGn,39.1134,-94.674,Physician,4,4,4,50,Male,US,21,3,4,3,3,3,3,High,4,1,5.5,5,5.5,0.5,0.5,0.5,0,0.5,5.5,0.5,TRUE,1,48.633,47.655,explanation made sense and I agreed with the reasoning,4,4,2,2,2,3,3,4,3,3,4,3,2,2,3,4,3,4,4,4,4,2,4,4,3,2,4,2,2,3,3,3,3,2,2,3,74,3.1666666666666665,2.7777777777777777,2.3333333333333335,1,1,1,What + Why + How,What + Why + How,Attending,Physician,7.5,Physician,1
100,443,TRUE,R_2dgqty9e7cgSRGn,39.1134,-94.674,Physician,4,4,4,50,Male,US,21,3,4,3,3,3,3,Low,4,2,10,10,9,0,0,1,1,0,13,3,NA,0,21.898,18.966,it did not make sense,2,3,2,2,3,2,2,4,2,2,2,3,3,2,3,3,2,3,2,3,2,3,3,2,3,3,3,3,4,3,2,3,3,2,2,3,27,3.1666666666666665,3,2.3333333333333335,1,1,1,What + Why + How,What + Why + How,Attending,Physician,11,Physician,2
100,2209,TRUE,R_3G1ELGNjpsC8N4E,42.9339,-78.8046,Pharmacist,4,2,2,36,Male,US,12,4,4,4,4,4,3,Low,2,2,10,10,9,0,0,1,1,0,13,3,NA,0,60.543,27.491,"The INR was increasing, above goal, and the AI system recommended an increased dose of warfarin. This was not appropriate and not justified based on information from the case.",2,2,2,2,2,2,2,3,2,1,2,4,2,2,2,2,2,2,2,1,1,3,2,1,4,4,4,2,4,4,4,2,2,1,1,1,0,3.8333333333333335,3.3333333333333335,1,1,0,0,What or What/Why,What,Non-Physician,Non-Physician,11,Pharmacist,2
100,944,TRUE,R_1odrdeUqftwocuB,39.0469,-77.4903,Physician,1,1,1,68,Male,US,36,4,4,4,4,4,4,Low,1,1,2.5,2.5,5.5,0,0,3,3,0,9.5,7,NA,0,44.1,69.807,"DId not consider, decision was illogical",1,4,1,1,3,1,1,1,1,1,1,3,1,1,1,1,1,1,1,1,1,1,1,1,3,3,3,3,3,3,3,4,4,1,1,3,0,4,3.2222222222222223,1.6666666666666667,0,0,0,Global Only,Global,Attending,Physician,7.5,Physician,1
100,944,TRUE,R_1odrdeUqftwocuB,39.0469,-77.4903,Physician,1,1,1,68,Male,US,36,4,4,4,4,4,4,High,1,2,9,8,9,1,1,1,0,1,9,1,TRUE,1,48.765,11.724,My decision aligned with AI,1,4,2,4,2,1,4,1,1,2,2,3,2,2,3,2,3,3,3,4,4,4,3,4,3,3,3,3,3,3,3,4,4,4,4,4,88,4,3.2222222222222223,4,0,0,0,Global Only,Global,Attending,Physician,11,Physician,2
100,1283,TRUE,R_2WMuI60Tkzd1DIo,44.1552,-93.9961,Physician,4,4,4,62,Male,US,32,4,3,3,3,2,2,High,4,1,5,5,5.5,0,0,0.5,0.5,0,5.5,0.5,TRUE,0,65.291,31.558,NA,2,1,2,3,1,2,4,2,4,2,1,4,4,3,2,1,1,3,3,4,4,2,3,3,2,1,1,2,4,1,1,4,2,3,3,3,29,2.8333333333333335,2,3,1,1,1,What + Why + How,What + Why + How,Attending,Physician,7.5,Physician,1
100,1283,TRUE,R_2WMuI60Tkzd1DIo,44.1552,-93.9961,Physician,4,4,4,62,Male,US,32,4,3,3,3,2,2,Low,4,2,10,7.5,9,2.5,2.5,1.5,1,0.5,13,5.5,NA,0.45454545454545453,187.723,70.573,I was influenced by the AI more in this scenario because it was quite different from my own,3,2,2,3,2,2,4,2,1,4,3,2,2,2,1,3,2,2,1,3,2,3,4,4,2,1,1,2,2,1,1,3,2,3,3,3,60,2.8333333333333335,1.6666666666666667,3,1,1,1,What + Why + How,What + Why + How,Attending,Physician,11,Physician,2
100,2520,TRUE,R_1dy7rvDqshPocER,41.2153,-73.1233,Midlevel Provider,5,5,5,55,Female,US,30,4,3,3,4,3,4,High,4,1,6.5,6.5,5.5,0,0,1,1,0,5.5,1,TRUE,0,656.632,110.211,"I considered it as a check against my decision. If I had the AI information at the same time as my decision and my warfarin dose was very different from the AI, I would recheck my thought process/information/data to see if I made an error.",4,3,4,3,4,2,4,4,4,4,4,4,3,4,4,4,4,4,3,4,4,4,4,4,5,5,1,5,5,2,2,4,4,3,3,3,72,3.5,3.6666666666666665,3,1,1,1,What + Why + How,What + Why + How,Non-Physician,Non-Physician,7.5,Midlevel Provider,1
100,2520,TRUE,R_1dy7rvDqshPocER,41.2153,-73.1233,Midlevel Provider,5,5,5,55,Female,US,30,4,3,3,4,3,4,Low,4,2,11,10,9,1,1,1,2,-1,13,3,NA,0.3333333333333333,235.339,152.225,Pointing out lupus/anti phospholipids and knowing they may falsely elevate the INR from AI was helpful and I may have increased my dose by 0.5 but not gone as high as the AI value.,2,2,2,2,3,2,4,4,2,2,4,4,3,4,3,3,2,2,2,3,3,3,4,4,3,4,2,4,4,4,2,3,3,3,3,3,70,3.5,3.2222222222222223,3,1,1,1,What + Why + How,What + Why + How,Non-Physician,Non-Physician,11,Midlevel Provider,2
100,684,TRUE,R_12QJBAVoRAtzilY,30.3341,-81.6544,Pharmacist,4,4,4,30,Male,US,4,3,3,4,4,4,3,High,4,1,4.5,3.5,5.5,1,1,2,1,1,5.5,2,TRUE,0.5,39.374,21.805,The explanation did indeed help with background details,2,3,2,3,2,3,4,2,3,4,4,2,2,4,4,4,4,4,4,4,4,2,4,4,2,2,3,2,2,2,4,4,3,3,4,4,75,3.5,2.6666666666666665,3.6666666666666665,1,1,1,What + Why + How,What + Why + How,Non-Physician,Non-Physician,7.5,Pharmacist,1
100,684,TRUE,R_12QJBAVoRAtzilY,30.3341,-81.6544,Pharmacist,4,4,4,30,Male,US,4,3,3,4,4,4,3,Low,4,2,10,8.5,9,1.5,1.5,0.5,1,-0.5,13,4.5,NA,0.3333333333333333,49.486,42.387,"Giving a higher dose when started with a cyp inhibitor makes no sense. Should decrease the dose with this interaction, especially given the suprathetapeutic INRs",4,3,4,4,3,3,4,3,4,4,3,2,2,4,4,4,4,3,4,2,3,2,4,1,3,2,3,3,2,3,2,4,3,2,2,2,49,3.5,2.7777777777777777,2,1,1,1,What + Why + How,What + Why + How,Non-Physician,Non-Physician,11,Pharmacist,2
100,1194,TRUE,R_2TnOekmm5u5zM2T,44.2108,-92.6619,Pharmacist,4,4,2,44,Female,US,20,4,4,4,4,2,2,High,1,1,5.5,5,5.5,0.5,0.5,0.5,0,0.5,5.5,0.5,TRUE,1,84.997,37.756,"Was thinking warfarin 5.25mg daily would be appropriate, but to round has to be 5 or 5.5 mg so AI very close to my clinical decision making",4,2,2,2,2,4,4,2,2,2,4,5,2,4,4,4,4,4,4,5,4,5,4,4,4,5,5,5,5,5,5,5,5,5,4,4,95,3.3333333333333335,4.888888888888889,4.333333333333333,0,0,0,Global Only,Global,Non-Physician,Non-Physician,7.5,Pharmacist,1
100,1194,TRUE,R_2TnOekmm5u5zM2T,44.2108,-92.6619,Pharmacist,4,4,2,44,Female,US,20,4,4,4,4,2,2,Low,1,2,10.5,10.5,9,0,0,1.5,1.5,0,13,2.5,NA,0,178.389,56.818,AI 2 wanted me to increase the warfarin dose for a high INR when I should decrease it.  It seemed to provide incorrect information.,1,1,1,1,1,1,1,2,1,1,1,4,1,1,1,1,1,1,1,1,1,1,4,2,4,4,5,4,4,5,5,5,2,1,1,1,0,3.3333333333333335,4.222222222222222,1,0,0,0,Global Only,Global,Non-Physician,Non-Physician,11,Pharmacist,2
100,1086,TRUE,R_0HQm0mH3381WxmF,35.9145,-78.9225,Midlevel Provider,4,5,5,68,Female,US,47,5,4,4,5,5,5,Low,4,1,4,4,5.5,0,0,1.5,1.5,0,9.5,5.5,NA,0,135.664,21.945,The human factor had no input. Also it seems smaller dose changes are safer,2,4,5,5,3,4,4,4,2,3,4,5,3,4,4,4,4,4,4,3,2,1,5,5,2,2,1,3,3,3,3,2,3,4,4,4,70,4.666666666666667,2.4444444444444446,4,1,1,1,What + Why + How,What + Why + How,Non-Physician,Non-Physician,7.5,Midlevel Provider,1
100,1086,TRUE,R_0HQm0mH3381WxmF,35.9145,-78.9225,Midlevel Provider,4,5,5,68,Female,US,47,5,4,4,5,5,5,High,4,2,15,15,9,0,0,6,6,0,9,6,TRUE,0,120.24,23.625,"Again, there are human factors to consider such as how reliable the patient might be. Again, I would have made smaller dose changes at a time",4,5,5,4,2,4,4,3,4,4,4,5,2,3,4,4,4,4,4,3,4,4,4,4,2,2,2,3,2,2,2,3,4,4,4,4,74,4.666666666666667,2.4444444444444446,4,1,1,1,What + Why + How,What + Why + How,Non-Physician,Non-Physician,11,Midlevel Provider,2
100,11536,TRUE,R_2ypkNfROLUrLB5v,44.9696,-93.2348,Pharmacist,4,1,1,34,Non binary / transgender / third gender,US,10,4,1,2,3,2,2,Low,2,1,3,3,5.5,0,0,2.5,2.5,0,9.5,6.5,NA,0,1097.171,54.366,It did not make sense to me to increase the dose when the INR was elevated so I pretty much ignored AI system 1,2,2,2,2,2,2,1,2,2,1,3,4,2,2,2,2,1,1,2,2,2,2,3,2,4,1,1,1,4,1,1,2,2,1,1,1,11,2.3333333333333335,1.8888888888888888,1,1,0,0,What or What/Why,What,Non-Physician,Non-Physician,7.5,Pharmacist,1
100,11536,TRUE,R_2ypkNfROLUrLB5v,44.9696,-93.2348,Pharmacist,4,1,1,34,Non binary / transgender / third gender,US,10,4,1,2,3,2,2,High,2,2,10,11,9,-1,1,2,1,1,9,2,TRUE,0.5,220.241,17.144,"The dose from the AI made sense to me but again, it did not mention current INR value when considering the new dose which, I feel, is one of if not the most important factor.",2,2,2,2,2,2,4,2,1,1,2,4,2,1,2,2,2,2,1,3,2,4,2,2,1,1,1,1,4,1,2,4,1,3,2,2,62,2.3333333333333335,1.7777777777777777,2.3333333333333335,1,0,0,What or What/Why,What,Non-Physician,Non-Physician,11,Pharmacist,2
100,858,TRUE,R_3NwwzUOmELyZGhC,34.0587,-118.2781,Pharmacist,4,4,1,37,Male,US,12,3,3,3,4,4,4,High,2,1,4,3,5.5,1,1,2.5,1.5,1,5.5,2.5,TRUE,0.4,86.422,37.782,The explanation seemed very vague without offering details about how each factor weighed into the decision-making process,3,4,1,2,2,3,3,2,1,1,2,3,2,1,1,2,2,2,2,3,3,3,4,3,3,3,3,3,3,3,3,3,3,2,2,2,22,3.5,3,2,1,0,0,What or What/Why,What,Non-Physician,Non-Physician,7.5,Pharmacist,1
100,858,TRUE,R_3NwwzUOmELyZGhC,34.0587,-118.2781,Pharmacist,4,4,1,37,Male,US,12,3,3,3,4,4,4,Low,2,2,12,10,9,2,2,1,3,-2,13,3,NA,0.6666666666666666,133.69,14.267,Did not feel there was a good explanation of how each factor influenced the decision-making of the final dose,1,1,1,2,2,2,2,1,1,1,3,3,3,2,1,2,2,2,1,3,3,3,4,3,3,3,3,3,3,3,3,3,3,1,2,2,21,3.5,3,1.6666666666666667,1,0,0,What or What/Why,What,Non-Physician,Non-Physician,11,Pharmacist,2
100,1902,FALSE,R_12lu6WbvfFe2eM8,45.0139,-93.1545,Physician,5,4,1,29,Female,US,3.5,4,2,4,5,4,4,High,3,1,5,3,5.5,2,2,2.5,0.5,2,5.5,2.5,TRUE,0.8,65.155,19.701,I was unsure how much to decrease the dose and the system aligned with my identification of the important variables so I adjusted my decision based on AI input,5,4,NA,4,3,4,4,4,4,4,4,4,4,4,4,4,4,4,4,4,4,4,4,4,2,1,1,2,4,4,4,5,4,4,4,4,80,3.8333333333333335,3,4,1,1,0,What or What/Why,What + Why,Attending,Physician,7.5,Physician,1
100,1902,FALSE,R_12lu6WbvfFe2eM8,45.0139,-93.1545,Physician,5,4,1,29,Female,US,3.5,4,2,4,5,4,4,Low,3,2,10,10,9,0,0,1,1,0,13,3,NA,0,57.836,22.484,The reasoning provided by the system did not seem to be identifing the key factors for making the decision and the answer it arrived at was in direct contrast to my own clinical reasoning so I chose to ignore the system entirely and make my best decision for the patient based on clinical judgement,1,2,2,2,2,1,2,3,4,2,1,4,1,1,2,4,2,4,2,1,1,1,1,1,2,2,2,2,4,2,4,4,2,1,1,1,0,3.8333333333333335,2.6666666666666665,1,1,1,0,What or What/Why,What + Why,Attending,Physician,11,Physician,2
100,1598,TRUE,R_2alEI7TmrHOk1lg,42.3634,-71.0713,Pharmacist,4,4,3,32,Female,US,7,2,1,1,2,2,2,Low,3,1,5,5,5.5,0,0,0.5,0.5,0,9.5,4.5,NA,0,296.42,136.046,NA,4,2,2,1,2,1,1,3,4,2,3,4,1,2,2,2,1,2,2,1,1,3,1,3,4,4,3,4,4,4,1,2,2,1,1,1,NA,1.6666666666666667,3.111111111111111,1,1,1,0,What or What/Why,What + Why,Non-Physician,Non-Physician,7.5,Pharmacist,1
100,1598,TRUE,R_2alEI7TmrHOk1lg,42.3634,-71.0713,Pharmacist,4,4,3,32,Female,US,7,2,1,1,2,2,2,High,3,2,9,9,9,0,0,0,0,0,9,0,TRUE,NA,495.44,32.65,NA,2,2,2,2,2,3,4,2,4,4,3,3,2,2,2,2,2,2,2,4,4,4,4,4,4,4,4,4,4,3,4,4,3,3,3,3,30,1.6666666666666667,3.7777777777777777,3,1,1,0,What or What/Why,What + Why,Non-Physician,Non-Physician,11,Pharmacist,2
100,1083,TRUE,R_32L4D88g6tdlejv,4.8817,114.9359,Physician,4,4,4,40,Male,Ex-US,17,3,2,2,3,2,2,High,2,1,5,5,5.5,0,0,0.5,0.5,0,5.5,0.5,TRUE,0,120.823,19.052,Looked to see how similar it was to my guess - more as reassurance rather than determine the actual dose,2,2,3,4,2,2,4,2,2,4,3,5,2,4,3,1,2,2,2,4,4,5,4,4,4,4,4,4,4,4,4,4,4,4,2,3,14,2.3333333333333335,4,3,1,0,0,What or What/Why,What,Attending,Physician,7.5,Physician,1
100,1083,TRUE,R_32L4D88g6tdlejv,4.8817,114.9359,Physician,4,4,4,40,Male,Ex-US,17,3,2,2,3,2,2,Low,2,2,9,9,9,0,0,0,0,0,13,4,NA,0,177.048,20.494,I will need to check with the primary clinician regarding the target INR and dose rather than rely on AI,2,2,2,2,2,2,5,3,2,3,2,4,2,2,4,3,2,2,3,4,3,4,4,2,3,2,2,2,2,2,2,3,2,2,2,1,32,2.3333333333333335,2.2222222222222223,1.6666666666666667,1,0,0,What or What/Why,What,Attending,Physician,11,Physician,2
100,273,FALSE,R_u9rxkzKirs1uvDP,22.2908,114.1501,Physician,2,3,4,30,Female,US,6,1,1,1,4,1,3,Low,2,1,9.5,7.25,5.5,2.25,2.25,1.75,4,-2.25,9.5,2.25,NA,1,112.335,8.82,NA,4,2,3,2,NA,NA,NA,NA,NA,NA,NA,NA,NA,NA,NA,NA,NA,NA,NA,NA,NA,NA,NA,NA,NA,NA,NA,NA,NA,NA,NA,NA,NA,2,4,3,75,1.8333333333333333,NA,3,1,0,0,What or What/Why,What,Attending,Physician,7.5,Physician,1
100,273,FALSE,R_u9rxkzKirs1uvDP,22.2908,114.1501,Physician,2,3,4,30,Female,US,6,1,1,1,4,1,3,High,2,2,9,3.8,9,5.2,5.2,5.2,0,5.2,9,5.2,TRUE,1,6.369,8.81,NA,2,4,3,4,3,5,3,2,3,2,5,1,3,4,5,3,4,3,2,1,2,3,3,4,1,3,5,1,2,3,5,5,3,2,2,4,76,1.8333333333333333,3.111111111111111,2.6666666666666665,1,0,0,What or What/Why,What,Attending,Physician,11,Physician,2
100,819,TRUE,R_27jLofhEMFVPDwo,41.6905,-70.9358,Nurse,5,5,1,26,Female,US,1,4,5,5,5,5,5,High,2,1,5,5,5.5,0,0,0.5,0.5,0,5.5,0.5,TRUE,0,96.471,20.602,I used information I learned from literature and compared it to the factors the AI listed,1,1,2,3,1,1,3,1,4,1,3,3,1,1,1,1,1,1,4,4,3,4,3,3,1,1,1,1,1,1,2,3,1,4,2,1,66,4.833333333333333,1.3333333333333333,2.3333333333333335,1,0,0,What or What/Why,What,Non-Physician,Non-Physician,7.5,Nurse,1
100,819,TRUE,R_27jLofhEMFVPDwo,41.6905,-70.9358,Nurse,5,5,1,26,Female,US,1,4,5,5,5,5,5,Low,2,2,9,9,9,0,0,0,0,0,13,4,NA,0,159.191,52.803,"In my experience, the result seemed illogical from the factors it considered, so I did not trust it and made an educated guess",1,1,1,1,1,1,3,1,1,1,3,3,1,1,1,1,1,1,1,1,3,1,3,1,1,1,1,1,1,1,1,1,1,1,1,1,0,4.833333333333333,1,1,1,0,0,What or What/Why,What,Non-Physician,Non-Physician,11,Nurse,2
100,823,TRUE,R_2e9EJ9jh232IWiI,33.8019,-84.3861,Physician,4,4,2,31,Male,US,3,3,3,3,4,4,4,Low,3,1,5,5,5.5,0,0,0.5,0.5,0,9.5,4.5,NA,0,39.569,63.88,"Unless I misread the prompt, it didn't make sense that the AI recommended increasing the warfarin dose, as the INR was too high.  My plan was to decrease the warfarin dose for the elevated INR, so I'm not sure why the AI system suggested increasing the dose.",3,4,4,4,2,2,2,2,1,1,1,2,2,1,1,2,1,1,1,1,1,1,2,2,4,3,4,2,3,2,2,4,2,1,1,1,0,3.5,2.888888888888889,1,1,1,0,What or What/Why,What + Why,Resident,Physician,7.5,Physician,1
100,823,TRUE,R_2e9EJ9jh232IWiI,33.8019,-84.3861,Physician,4,4,2,31,Male,US,3,3,3,3,4,4,4,High,3,2,9,9.5,9,-0.5,0.5,0.5,0,0.5,9,0.5,TRUE,1,70.756,17.637,"AI gave a random list of information that would affect warfarin efficacy but did not present any kind of calculation or estimate of how much change in warfarin dose was needed to create the desired change in INR.  Because the AI recommendation was similar to my recommendation, I adjusted to match the AI one because I assumed that the AI had done some sort of mathematical calculation whereas I had just ""eyeballed"" it.",3,4,3,4,2,2,4,2,2,2,2,2,2,2,2,2,2,2,2,4,4,4,2,3,3,3,3,3,3,3,2,4,3,3,3,2,50,3.5,3,2.6666666666666665,1,1,0,What or What/Why,What + Why,Resident,Physician,11,Physician,2
100,1136,TRUE,R_Z4ZtPsZlDxgU5NL,44.0484,-92.4948,Pharmacist,5,4,5,46,Male,US,22,4,4,4,5,4,4,Low,4,1,2,2,5.5,0,0,3.5,3.5,0,9.5,7.5,NA,0,81.278,65.6,The recommendation seemed to be completely incorrect and I cannot understand why it made the recommendation. I double checked the case and then ignored the recommendation.,4,4,2,2,2,2,1,2,2,4,2,2,2,2,2,4,4,4,3,1,1,1,2,1,3,3,2,4,2,2,4,3,2,3,1,1,9,4.166666666666667,2.7777777777777777,1.6666666666666667,1,1,1,What + Why + How,What + Why + How,Non-Physician,Non-Physician,7.5,Pharmacist,1
100,1136,TRUE,R_Z4ZtPsZlDxgU5NL,44.0484,-92.4948,Pharmacist,5,4,5,46,Male,US,22,4,4,4,5,4,4,High,4,2,9,8,9,1,1,1,0,1,9,1,TRUE,1,157.968,29.886,It was close to my recommendation and I adjusted my recommendation to align.,3,3,2,3,2,2,4,3,2,2,3,4,2,4,3,4,4,4,4,5,4,3,4,4,2,3,3,4,4,2,4,4,4,4,3,2,70,4.166666666666667,3.3333333333333335,3,1,1,1,What + Why + How,What + Why + How,Non-Physician,Non-Physician,11,Pharmacist,2
100,1493,TRUE,R_3L1P3hJtSPpeqvm,39.2891,-76.5583,Midlevel Provider,4,4,2,39,Female,US,16,2,2,3,4,2,1,High,3,1,5.5,5,5.5,0.5,0.5,0.5,0,0.5,5.5,0.5,TRUE,1,158.042,64,"Not my area of expertise and tried to use critical thinking in this scenario. Considering what I knew and the output answer, determined I must have been on the right track for dosing considerations.",4,2,2,3,2,3,4,2,4,2,2,4,3,4,2,3,3,2,2,2,4,3,3,4,2,1,1,2,1,2,2,3,2,3,3,2,75,2.3333333333333335,1.7777777777777777,2.6666666666666665,1,1,0,What or What/Why,What + Why,Non-Physician,Non-Physician,7.5,Midlevel Provider,1
100,1493,TRUE,R_3L1P3hJtSPpeqvm,39.2891,-76.5583,Midlevel Provider,4,4,2,39,Female,US,16,2,2,3,4,2,1,Low,3,2,10,10,9,0,0,1,1,0,13,3,NA,0,120.533,35.596,"Not my area of expertise and had to use critical thinking. Given my limited knowledge in warfarin dosing, it seemed he required a lower dose, not increased. However, the reasoning behind the AI dose made sense, it did not seem to fit with what was needed. Assumed there must be other factors (pharmacogenetic, pharmacokinetic) that would need to be considered in this case.",4,4,4,2,3,2,4,3,2,2,3,4,2,2,1,1,2,2,4,2,3,2,3,2,1,1,1,2,2,1,2,1,2,2,2,1,30,2.3333333333333335,1.4444444444444444,1.6666666666666667,1,1,0,What or What/Why,What + Why,Non-Physician,Non-Physician,11,Midlevel Provider,2
100,782,TRUE,R_2Y4CQeEbEsmkMVe,33.7697,-84.3754,Physician,4,4,5,29,Male,US,3,3,4,4,4,2,2,Low,4,1,5,5,5.5,0,0,0.5,0.5,0,9.5,4.5,NA,0,62.4,46.183,Reconsidered the factors it brought up,4,3,2,2,2,1,3,2,4,4,3,4,2,4,4,1,4,4,4,1,2,2,2,3,4,4,2,4,3,3,3,4,4,1,1,1,10,3.1666666666666665,3.4444444444444446,1,1,1,1,What + Why + How,What + Why + How,Resident,Physician,7.5,Physician,1
100,782,TRUE,R_2Y4CQeEbEsmkMVe,33.7697,-84.3754,Physician,4,4,5,29,Male,US,3,3,4,4,4,2,2,High,4,2,9,9,9,0,0,0,0,0,9,0,TRUE,NA,68.475,10.772,Reconsidered the factors it brought up,4,4,3,4,4,2,3,2,4,4,2,2,2,4,2,4,4,4,4,5,3,4,4,4,4,2,2,3,3,4,3,4,2,2,1,1,10,3.1666666666666665,3,1.3333333333333333,1,1,1,What + Why + How,What + Why + How,Resident,Physician,11,Physician,2
100,1167,TRUE,R_1IiqEO2YsZV3jH8,33.9875,-81.0025,Pharmacist,5,5,5,46,Male,US,20,2,4,1,2,4,4,High,4,1,5,5,5.5,0,0,0.5,0.5,0,5.5,0.5,TRUE,0,52.231,18.917,"Looked to see if it highlighted some detail from the case I overlooked. As it only provided me with the factors it considered 'the most' I was less likely to trust it. I would want to see the entirety of the programming first before I really consider it in my decision making process, simply like I wouldn't trust another pharmacist's opinion until I have seen them process various clinical situations and hence seen their programming.",4,2,2,2,3,2,4,3,4,4,4,4,1,4,4,4,4,4,4,4,4,4,4,4,3,3,4,3,3,3,2,5,5,3,3,4,31,2.8333333333333335,3.4444444444444446,3.3333333333333335,1,1,1,What + Why + How,What + Why + How,Non-Physician,Non-Physician,7.5,Pharmacist,1
100,1167,TRUE,R_1IiqEO2YsZV3jH8,33.9875,-81.0025,Pharmacist,5,5,5,46,Male,US,20,2,4,1,2,4,4,Low,4,2,10,10,9,0,0,1,1,0,13,3,NA,0,78.628,35.6,"It was easier to ignore the recommendation here because it recommended an increase in dose when the patient was above their target INR range. I did read through the factors to try to piece together why it did that because clearly it took into account things that I didn't. Very similar to when a pharmacy student or pharmacy resident makes a recommendation that is incorrect, you try to piece together what they got stuck on and recreate their processing.",4,2,4,3,2,1,4,2,4,4,4,5,1,4,4,4,4,4,4,1,2,4,4,4,2,2,1,2,2,2,2,2,2,1,1,1,3,2.8333333333333335,1.8888888888888888,1,1,1,1,What + Why + How,What + Why + How,Non-Physician,Non-Physician,11,Pharmacist,2
100,1405,TRUE,R_2QuocS4yJdxEHkC,44.9702,-93.3047,Physician,5,2,1,34,Male,US,6,3,3,4,4,3,4,High,2,1,4,3.5,5.5,0.5,0.5,2,1.5,0.5,5.5,2,TRUE,0.25,153.754,50.879,"I estimated decreasing the dose a little less than 50%, AI estimated reducing about 25%. The recommendation seemed reasonable, but being conservative, I split the difference.",2,1,2,1,3,2,4,1,1,1,3,4,1,1,2,1,1,1,1,4,3,3,4,3,4,4,2,4,4,4,3,4,3,3,2,1,36,3.5,3.5555555555555554,2,1,0,0,What or What/Why,What,Attending,Physician,7.5,Physician,1
100,1405,TRUE,R_2QuocS4yJdxEHkC,44.9702,-93.3047,Physician,5,2,1,34,Male,US,6,3,3,4,4,3,4,Low,2,2,10,10,9,0,0,1,1,0,13,3,NA,0,140.734,29.392,"I ignored. It does not seem logical that addition of a medication that increases the INR would lead to a recommendation for an increased dose of warfarin. If I had the same case scenario but started the patient on f.e. bactrim rather than cannabidiol, it seems like it would say the same thing - which would be highly problematic and dangerous.",1,1,2,1,2,1,2,1,1,1,1,3,1,1,1,1,1,1,1,1,1,2,4,2,4,3,2,3,4,2,4,4,3,1,1,1,10,3.5,3.2222222222222223,1,1,0,0,What or What/Why,What,Attending,Physician,11,Physician,2
100,17897,TRUE,R_3dJNRnMZlFP8vt0,32.7797,-96.8022,Physician,5,5,5,58,Female,US,30,4,4,4,4,3,4,Low,3,1,3,3,5.5,0,0,2.5,2.5,0,9.5,6.5,NA,0,224.429,61.466,It wasn’t logical to increase the warfarin dose when the INR was very elevated compared to the goal range.  I ignore the AI recommendation.,4,4,2,4,4,1,1,4,4,4,2,3,2,4,4,3,4,4,2,1,3,1,5,4,5,2,2,2,2,3,2,4,1,2,2,2,0,3.8333333333333335,2.5555555555555554,2,1,1,0,What or What/Why,What + Why,Attending,Physician,7.5,Physician,1
100,17897,TRUE,R_3dJNRnMZlFP8vt0,32.7797,-96.8022,Physician,5,5,5,58,Female,US,30,4,4,4,4,3,4,High,3,2,9,9,9,0,0,0,0,0,9,0,TRUE,NA,191.742,41.244,"Reasonable considerations
The new dose seemed appropriate.",4,4,4,4,4,4,4,4,4,5,4,4,2,4,4,4,4,4,4,4,4,2,4,5,4,2,2,2,4,4,2,4,4,2,2,2,62,3.8333333333333335,3.111111111111111,2,1,1,0,What or What/Why,What + Why,Attending,Physician,11,Physician,2
100,494,TRUE,R_3Hpqtx6KeJA4ges,33.8907,-84.7,Physician,1,2,2,28,Female,US,3,4,3,4,4,4,4,High,1,1,5.5,5,5.5,0.5,0.5,0.5,0,0.5,5.5,0.5,TRUE,1,49.878,19.182,NA,4,3,2,2,2,3,4,2,2,5,4,4,2,4,2,2,2,2,2,4,4,4,4,4,3,4,4,3,4,4,3,4,4,4,4,4,51,3.8333333333333335,3.6666666666666665,4,0,0,0,Global Only,Global,Resident,Physician,7.5,Physician,1
100,494,TRUE,R_3Hpqtx6KeJA4ges,33.8907,-84.7,Physician,1,2,2,28,Female,US,3,4,3,4,4,4,4,Low,1,2,9,9,9,0,0,0,0,0,13,4,NA,0,38.114,7.295,NA,2,2,2,4,4,3,2,2,1,4,2,4,1,1,1,1,1,1,1,1,1,1,4,1,4,2,3,3,3,3,3,2,2,1,1,1,0,3.8333333333333335,2.7777777777777777,1,0,0,0,Global Only,Global,Resident,Physician,11,Physician,2
100,1174,TRUE,R_YWhHzRTfieiB1hD,43.0725,-89.4491,Physician,4,4,2,43,Male,US,18,4,4,4,2,4,4,Low,1,2,9.5,9.5,9,0,0,0.5,0.5,0,13,3.5,NA,0,173.873,50.403,INR was rising and supratherapeutic to begin with. This means doses either need to be held or reduced so increasing the warfarin dosing is not appropriate.,1,1,5,1,5,1,1,1,1,1,1,1,1,1,1,1,1,1,1,1,1,1,1,1,5,2,2,2,4,5,1,1,1,1,1,2,10,3.6666666666666665,2.5555555555555554,1.3333333333333333,0,0,0,Global Only,Global,Attending,Physician,11,Physician,2
100,3305,TRUE,R_3fUzNg1SfteFKzf,44.9618,-93.2638,Midlevel Provider,2,2,2,44,Female,US,23,3,3,4,4,2,3,Low,1,1,6,6,5.5,0,0,0.5,0.5,0,9.5,3.5,NA,0,95.673,27.288,It is advice- but clinical knowledge of each patient and how they respond as well as personal experience cannot be replaced by AI,2,2,2,2,2,2,2,2,2,2,2,4,2,2,2,2,2,2,2,2,2,2,2,2,4,5,3,5,5,5,1,4,2,3,4,2,11,3.1666666666666665,3.7777777777777777,3,0,0,0,Global Only,Global,Non-Physician,Non-Physician,7.5,Midlevel Provider,1
100,3305,TRUE,R_3fUzNg1SfteFKzf,44.9618,-93.2638,Midlevel Provider,2,2,2,44,Female,US,23,3,3,4,4,2,3,High,1,2,9,9,9,0,0,0,0,0,9,0,TRUE,NA,154.693,11.023,Again clinical judgment should never be ignored,2,3,2,2,2,2,2,2,2,1,1,3,2,1,2,1,1,1,1,2,2,3,3,2,5,5,3,4,4,4,2,4,3,2,1,1,16,3.1666666666666665,3.7777777777777777,1.3333333333333333,0,0,0,Global Only,Global,Non-Physician,Non-Physician,11,Midlevel Provider,2
100,1244,TRUE,R_1dv7DoCSMl1xc5H,40.7182,-74.0476,Physician,1,1,1,67,Male,US,37,4,4,4,4,2,2,Low,2,1,4,4,5.5,0,0,1.5,1.5,0,9.5,5.5,NA,0,87.685,41.461,As a cue to rethink my own approach.,1,1,1,1,5,1,1,1,5,5,1,5,1,1,1,1,1,1,1,1,1,1,1,1,5,5,4,3,4,5,1,4,1,1,1,1,5,3.3333333333333335,3.5555555555555554,1,1,0,0,What or What/Why,What,Attending,Physician,7.5,Physician,1
100,1244,TRUE,R_1dv7DoCSMl1xc5H,40.7182,-74.0476,Physician,1,1,1,67,Male,US,37,4,4,4,4,2,2,High,2,2,9,9,9,0,0,0,0,0,9,0,TRUE,NA,88.29,20.716,"Reinforced decision, but not confident in the AI algorithm.",1,1,1,1,1,1,2,1,1,1,1,4,1,1,1,1,1,1,1,4,3,3,1,4,3,5,4,3,2,3,1,3,1,2,2,3,12,3.3333333333333335,2.7777777777777777,2.3333333333333335,1,0,0,What or What/Why,What,Attending,Physician,11,Physician,2
100,1404,TRUE,R_8bL14UtX7iO1Tvb,39.7684,-86.158,Pharmacist,4,2,1,27,Female,US,1,4,4,4,4,4,4,High,1,1,2.5,2.5,5.5,0,0,3,3,0,5.5,3,TRUE,0,63.733,35.57,NA,3,3,2,2,2,3,2,2,1,2,2,5,2,2,2,2,2,2,2,2,2,2,2,2,3,1,2,2,2,2,2,3,2,2,2,3,30,4,2.111111111111111,2.3333333333333335,0,0,0,Global Only,Global,Non-Physician,Non-Physician,7.5,Pharmacist,1
100,1404,TRUE,R_8bL14UtX7iO1Tvb,39.7684,-86.158,Pharmacist,4,2,1,27,Female,US,1,4,4,4,4,4,4,Low,1,2,6,6,9,0,0,3,3,0,13,7,NA,0,64.356,27.201,NA,2,2,2,2,4,2,2,2,2,2,2,4,2,2,2,2,2,2,4,2,2,2,3,2,4,1,4,2,2,2,4,2,2,2,2,2,29,4,2.5555555555555554,2,0,0,0,Global Only,Global,Non-Physician,Non-Physician,11,Pharmacist,2
100,752,TRUE,R_3ivWZIJVHHPSxcJ,39.9668,-75.1512,Physician,4,2,1,47,Female,US,16,4,3,3,2,2,3,High,1,1,5.5,5,5.5,0.5,0.5,0.5,0,0.5,5.5,0.5,TRUE,1,50.155,17.154,NA,3,3,2,4,2,2,3,3,1,1,2,4,2,2,2,1,1,1,1,2,2,3,4,3,3,4,2,4,4,4,4,4,4,3,3,1,60,2.8333333333333335,3.6666666666666665,2.3333333333333335,0,0,0,Global Only,Global,Attending,Physician,7.5,Physician,1
100,752,TRUE,R_3ivWZIJVHHPSxcJ,39.9668,-75.1512,Physician,4,2,1,47,Female,US,16,4,3,3,2,2,3,Low,1,2,9,8,9,1,1,1,0,1,13,5,NA,0.2,81.883,28.769,NA,2,2,2,2,2,2,2,2,1,1,1,4,2,2,1,1,1,1,1,3,1,3,4,2,3,4,2,4,4,4,4,4,3,1,1,1,0,2.8333333333333335,3.5555555555555554,1,0,0,0,Global Only,Global,Attending,Physician,11,Physician,2
100,1017,TRUE,R_Y5mWYSBAsgpFdgB,41.8486,-87.6288,Pharmacist,5,2,2,43,Female,US,22,4,2,3,3,1,1,Low,1,2,7,7,9,0,0,2,2,0,13,6,NA,0,88.918,24.205,"My personal recommendation differed from the system's (wasn't even close-- I reduced the dose whereas the system recommended an increase).  Since we were so far off, I immediately distrust/discredit the system.  If my personal decision and the system decision were close for several cases... I may grow to like/trust/use the system.  This case did not achieve any trust for me.",3,2,2,1,1,3,4,2,2,1,3,3,2,2,1,3,2,2,3,1,1,4,3,2,5,5,3,4,4,4,3,5,4,1,1,1,0,2.3333333333333335,4.111111111111111,1,0,0,0,Global Only,Global,Non-Physician,Non-Physician,11,Pharmacist,2
100,1208,TRUE,R_123JzxP3Gkfdtwg,38.0052,-84.423,Physician,3,3,3,50,Female,US,20,4,4,4,4,5,4,High,2,1,5.5,5,5.5,0.5,0.5,0.5,0,0.5,5.5,0.5,TRUE,1,101.595,49.261,NA,5,3,2,3,2,3,4,3,4,3,3,4,3,4,4,4,3,3,3,4,4,4,4,3,3,4,4,3,3,3,4,4,3,2,2,3,80,4.166666666666667,3.4444444444444446,2.3333333333333335,1,0,0,What or What/Why,What,Attending,Physician,7.5,Physician,1
100,1208,TRUE,R_123JzxP3Gkfdtwg,38.0052,-84.423,Physician,3,3,3,50,Female,US,20,4,4,4,4,5,4,Low,2,2,11,10,9,1,1,1,2,-1,13,3,NA,0.3333333333333333,158.018,76.448,NA,3,3,2,3,2,3,3,3,3,3,3,3,2,2,2,2,2,2,2,2,3,2,3,2,3,4,2,3,3,3,3,2,2,1,2,2,18,4.166666666666667,2.7777777777777777,1.6666666666666667,1,0,0,What or What/Why,What,Attending,Physician,11,Physician,2
100,492,TRUE,R_3kEXNk7yWiG6etb,41.3908,-73.4483,Physician,5,2,1,29,Female,US,4,4,4,4,4,4,4,High,2,1,3,2.5,5.5,0.5,0.5,3,2.5,0.5,5.5,3,TRUE,0.16666666666666666,32.328,28.698,It seemed counter intuitive,1,1,1,1,2,1,1,1,1,1,1,4,1,1,1,1,1,1,1,1,1,2,4,1,4,3,1,4,2,3,2,2,2,2,2,2,30,4,2.5555555555555554,2,1,0,0,What or What/Why,What,Attending,Physician,7.5,Physician,1
100,492,TRUE,R_3kEXNk7yWiG6etb,41.3908,-73.4483,Physician,5,2,1,29,Female,US,4,4,4,4,4,4,4,Low,2,2,9,9,9,0,0,0,0,0,13,4,NA,0,34.047,10.616,No clear explanation on how decision was made,1,1,2,2,2,1,1,1,4,3,1,4,1,1,1,1,1,1,1,2,2,2,4,2,2,3,3,4,4,4,2,2,2,1,2,2,28,4,2.888888888888889,1.6666666666666667,1,0,0,What or What/Why,What,Attending,Physician,11,Physician,2
100,1233,TRUE,R_x4w6O2h3NFo14ul,38.581,-121.4939,Midlevel Provider,4,4,4,55,Female,US,32,4,4,4,5,4,4,High,4,1,3,2.5,5.5,0.5,0.5,3,2.5,0.5,5.5,3,TRUE,0.16666666666666666,59.489,66.22,Combination of my knowledge and what was recommended by Al System,5,4,4,4,2,4,4,4,4,4,4,4,4,4,4,4,3,4,4,3,3,2,4,4,3,3,3,4,4,4,4,4,4,3,3,3,60,4.166666666666667,3.6666666666666665,3,1,1,1,What + Why + How,What + Why + How,Non-Physician,Non-Physician,7.5,Midlevel Provider,1
100,1233,TRUE,R_x4w6O2h3NFo14ul,38.581,-121.4939,Midlevel Provider,4,4,4,55,Female,US,32,4,4,4,5,4,4,Low,4,2,6,5,9,1,1,4,3,1,13,8,NA,0.125,106.326,14.92,Used my own knowledge and took into consideration recommendations from Al Systems,4,4,4,3,2,4,4,3,4,4,4,4,2,4,4,4,4,4,4,4,4,3,4,4,3,3,4,3,4,3,4,4,4,3,3,3,60,4.166666666666667,3.5555555555555554,3,1,1,1,What + Why + How,What + Why + How,Non-Physician,Non-Physician,11,Midlevel Provider,2
100,652,TRUE,R_1CkYx3nxchJ4RCI,40.7425,-73.9877,Physician,4,4,3,49,Female,US,24,4,2,4,4,4,4,High,1,1,5.5,3,5.5,2.5,2.5,2.5,0,2.5,5.5,2.5,TRUE,1,33.335,19.034,NA,2,2,2,2,2,2,2,2,2,2,3,4,2,2,2,1,2,2,2,2,2,3,2,2,4,2,2,3,2,4,2,2,2,2,2,2,40,3.6666666666666665,2.5555555555555554,2,0,0,0,Global Only,Global,Attending,Physician,7.5,Physician,1
100,652,TRUE,R_1CkYx3nxchJ4RCI,40.7425,-73.9877,Physician,4,4,3,49,Female,US,24,4,2,4,4,4,4,Low,1,2,11,10,9,1,1,1,2,-1,13,3,NA,0.3333333333333333,59.414,21.402,NA,2,2,2,2,2,2,2,2,2,2,2,4,2,2,2,2,2,2,2,3,2,3,2,2,2,2,2,4,4,4,2,3,3,2,2,2,39,3.6666666666666665,2.888888888888889,2,0,0,0,Global Only,Global,Attending,Physician,11,Physician,2
100,1605,TRUE,R_32WwkkEzr1DkMZo,44.4799,-80.2168,Physician,4,4,2,51,Male,Ex-US,26,4,4,4,4,4,4,High,3,1,5,3.5,5.5,1.5,1.5,2,0.5,1.5,5.5,2,TRUE,0.75,75.422,38.677,I used my belief and the AI's output as the ends of the range of doses that could be used and then chose something in between.,4,4,4,4,4,4,4,4,2,2,4,4,2,2,1,1,1,1,1,2,3,2,4,3,2,2,2,2,2,2,3,3,3,3,3,3,50,4,2.3333333333333335,3,1,1,0,What or What/Why,What + Why,Attending,Physician,7.5,Physician,1
100,1605,TRUE,R_32WwkkEzr1DkMZo,44.4799,-80.2168,Physician,4,4,2,51,Male,Ex-US,26,4,4,4,4,4,4,Low,3,2,9,8,9,1,1,1,0,1,13,5,NA,0.2,143.472,55.751,"Same as the first AI system, although I weighted my belief more in the current scenario when compared to the first scenario.",4,4,4,4,4,4,4,4,4,2,4,4,2,1,1,1,1,1,1,1,2,2,4,3,2,2,2,2,2,2,2,3,3,2,2,2,40,4,2.2222222222222223,2,1,1,0,What or What/Why,What + Why,Attending,Physician,11,Physician,2
100,1143,TRUE,R_2dFtCi49p66jiu0,44.0015,-92.4836,Physician,5,5,5,28,Female,US,3,4,4,4,5,5,2,High,4,1,5.5,5,5.5,0.5,0.5,0.5,0,0.5,5.5,0.5,TRUE,1,77.069,39.024,I had a general sense of what dose I wanted to use. The AI recommendation confirmed my approximate recommendation and I used the AI input to fine-tune my recommendation.,5,5,4,5,4,5,5,5,5,4,5,5,4,5,5,4,5,5,5,4,5,5,5,5,5,2,2,2,4,2,2,5,4,5,4,4,80,4,3.111111111111111,4.333333333333333,1,1,1,What + Why + How,What + Why + How,Attending,Physician,7.5,Physician,1
100,1143,TRUE,R_2dFtCi49p66jiu0,44.0015,-92.4836,Physician,5,5,5,28,Female,US,3,4,4,4,5,5,2,Low,4,2,9,9,9,0,0,0,0,0,13,4,NA,0,128.693,64.796,"The advice from the AI conflicted directly with my recommendation. While I may have been unsure about the exact dose, I felt confident that increasing the dose when the INR was already supratherapeutic was wrong. Therefore, I felt that I did not understand the AI’s reasoning, did not trust the recommendation and decided to completely ignore the AI advice.",5,5,4,5,4,2,1,4,1,4,1,4,1,1,1,1,1,1,1,1,1,1,4,1,4,2,2,2,4,2,2,4,1,1,1,1,0,4,2.5555555555555554,1,1,1,1,What + Why + How,What + Why + How,Attending,Physician,11,Physician,2
100,729,TRUE,R_3MtBgANJh25ysfD,44.9998,-93.393,Physician,3,4,4,27,Female,US,2,4,4,3,4,4,4,High,3,1,5,3,5.5,2,2,2.5,0.5,2,5.5,2.5,TRUE,0.8,63.118,31.317,NA,2,3,2,2,3,2,4,1,3,3,3,5,2,3,3,4,2,3,3,2,3,4,3,3,1,1,1,2,2,3,2,3,3,3,2,3,70,3.8333333333333335,2,2.6666666666666665,1,1,0,What or What/Why,What + Why,Resident,Physician,7.5,Physician,1
100,729,TRUE,R_3MtBgANJh25ysfD,44.9998,-93.393,Physician,3,4,4,27,Female,US,2,4,4,3,4,4,4,Low,3,2,11,9.5,9,1.5,1.5,0.5,2,-1.5,13,3.5,NA,0.42857142857142855,95.045,10.543,NA,3,4,2,2,3,2,3,2,3,4,3,4,2,3,3,3,2,3,3,2,3,2,4,3,1,1,1,3,1,3,3,3,3,3,3,3,65,3.8333333333333335,2.111111111111111,3,1,1,0,What or What/Why,What + Why,Resident,Physician,11,Physician,2
100,1695,TRUE,R_1OkJOtr53U68QoP,-36.8597,174.764,Pharmacist,4,1,1,53,Male,Ex-US,32,4,3,4,4,2,4,Low,2,2,9.5,9.5,9,0,0,0.5,0.5,0,13,3.5,NA,0,115.56,36.049,It did not make sense to me that the dose would increase from 11 to 12mg where the INR was unstable but resulted in levels above the target range. The reason for the fluctuations was reportedly not non-adhering but dietary variability. It seems more logical to try to stabilise the dietary cut K intake before making a judgment on dose,4,4,2,2,2,3,4,4,1,1,3,3,2,1,1,1,2,1,1,2,3,2,4,3,4,4,3,2,2,3,3,4,2,1,1,2,20,3.5,3,1.3333333333333333,1,0,0,What or What/Why,What,Non-Physician,Non-Physician,11,Pharmacist,2
100,460,TRUE,R_RWhL2JhEabFlLMt,39.2957,-76.6289,Physician,4,4,2,36,Female,US,10,4,3,4,4,3,4,Low,3,1,5,5,5.5,0,0,0.5,0.5,0,9.5,4.5,NA,0,20.334,29.898,NA,2,4,3,3,2,2,2,3,4,4,2,4,3,2,3,2,4,4,4,1,2,3,2,2,4,4,4,4,4,4,3,2,2,3,2,1,18,3.6666666666666665,3.4444444444444446,2,1,1,0,What or What/Why,What + Why,Resident,Physician,7.5,Physician,1
100,460,TRUE,R_RWhL2JhEabFlLMt,39.2957,-76.6289,Physician,4,4,2,36,Female,US,10,4,3,4,4,3,4,High,3,2,10,10,9,0,0,1,1,0,9,1,TRUE,0,32.036,10.797,NA,4,4,4,4,4,4,4,4,4,3,4,4,3,4,3,3,4,4,4,4,3,4,3,4,4,4,4,4,4,4,2,4,3,3,3,2,36,3.6666666666666665,3.6666666666666665,2.6666666666666665,1,1,0,What or What/Why,What + Why,Resident,Physician,11,Physician,2
100,1137,TRUE,R_1OE1N2ogLUZreaG,41.8719,-87.6589,Pharmacist,4,4,2,42,Female,US,17,4,2,4,4,4,4,High,3,1,5,5,5.5,0,0,0.5,0.5,0,5.5,0.5,TRUE,0,59.089,34.962,Useful as a reference point to reassure or reevaluate the clinical decision I had made.,4,2,4,4,2,2,4,2,4,4,4,4,2,4,4,4,4,4,4,2,4,4,4,4,2,2,2,4,2,2,2,4,2,3,1,2,30,3.6666666666666665,2.4444444444444446,2,1,1,0,What or What/Why,What + Why,Non-Physician,Non-Physician,7.5,Pharmacist,1
100,1137,TRUE,R_1OE1N2ogLUZreaG,41.8719,-87.6589,Pharmacist,4,4,2,42,Female,US,17,4,2,4,4,4,4,Low,3,2,10,10,9,0,0,1,1,0,13,3,NA,0,104.764,78.071,Illogical to increase the dose when the INR is already too high so it just created more work for me to try to understand why the AI machine come to this conclusion instead of focusing on the patient.,2,2,2,2,2,1,1,2,2,2,2,4,2,2,2,2,4,4,2,2,2,2,2,2,2,2,2,4,2,2,2,2,2,1,2,2,0,3.6666666666666665,2.2222222222222223,1.6666666666666667,1,1,0,What or What/Why,What + Why,Non-Physician,Non-Physician,11,Pharmacist,2
100,4220,TRUE,R_3fZWa7zuAL6Bxho,40.4339,-79.9996,Pharmacist,5,5,4,35,Male,US,10,4,3,4,4,4,2,Low,3,1,6,6,5.5,0,0,0.5,0.5,0,9.5,3.5,NA,0,76.793,70.76,"The AI suggested increasing warfarin dose when INR was dangerously high. In this clinical scenario, a decrease in warfarin dose is needed.",5,3,3,4,3,2,1,3,2,2,3,3,2,2,2,1,1,1,1,1,1,1,3,2,5,4,5,5,5,5,4,5,1,1,1,1,0,3.5,4.333333333333333,1,1,1,0,What or What/Why,What + Why,Non-Physician,Non-Physician,7.5,Pharmacist,1
100,4220,TRUE,R_3fZWa7zuAL6Bxho,40.4339,-79.9996,Pharmacist,5,5,4,35,Male,US,10,4,3,4,4,4,2,High,3,2,9,10,9,-1,1,1,0,1,9,1,TRUE,1,81.478,16.138,It was close to my own knowledge. The AI gave me confidence that I was making a good clinical decision.,4,3,3,4,3,4,4,4,4,4,3,4,4,3,4,4,3,2,2,5,4,5,4,3,4,5,4,2,4,4,4,4,4,4,4,4,60,3.5,3.888888888888889,4,1,1,0,What or What/Why,What + Why,Non-Physician,Non-Physician,11,Pharmacist,2
100,1277,TRUE,R_3ISQUIZgExClDty,43.8013,-91.2134,Physician,5,1,1,28,Female,US,2.5,4,4,4,4,5,4,High,2,1,5.5,5,5.5,0.5,0.5,0.5,0,0.5,5.5,0.5,TRUE,1,120.311,58.681,NA,2,3,2,3,2,2,3,2,1,1,1,5,2,2,2,2,2,2,2,4,4,4,4,4,3,5,4,4,4,3,4,4,2,3,3,1,51,4.166666666666667,3.6666666666666665,2.3333333333333335,1,0,0,What or What/Why,What,Resident,Physician,7.5,Physician,1
100,1277,TRUE,R_3ISQUIZgExClDty,43.8013,-91.2134,Physician,5,1,1,28,Female,US,2.5,4,4,4,4,5,4,Low,2,2,10,10,9,0,0,1,1,0,13,3,NA,0,108.401,31.623,NA,1,2,2,1,2,2,2,2,1,1,3,5,2,2,3,1,2,4,4,1,2,5,5,2,2,1,1,3,3,2,3,4,2,1,2,1,19,4.166666666666667,2.3333333333333335,1.3333333333333333,1,0,0,What or What/Why,What,Resident,Physician,11,Physician,2
100,1726,TRUE,R_D5DiPxr5K9miFtD,44.9752,-93.2612,Physician,4,1,1,39,Female,US,14,4,4,4,4,4,4,High,1,1,5.5,6,5.5,-0.5,0.5,0.5,0,0.5,5.5,0.5,TRUE,1,108.491,19.455,"The AI recommendation made me feel more confident in the clinical decision I had already made, to decrease the warfarin dose. Thus I felt confident adjusting my dosage decision slightly to match AI (the system seemed to work).",3,2,2,2,2,1,3,1,1,1,3,1,1,1,1,2,1,1,1,4,3,3,2,4,4,2,4,4,4,4,2,4,4,4,3,4,80,4,3.5555555555555554,3.6666666666666665,0,0,0,Global Only,Global,Attending,Physician,7.5,Physician,1
100,1726,TRUE,R_D5DiPxr5K9miFtD,44.9752,-93.2612,Physician,4,1,1,39,Female,US,14,4,4,4,4,4,4,Low,1,2,10,10,9,0,0,1,1,0,13,3,NA,0,165.038,97.054,"The AI recommendation disagreed with my clinical judgement and made me doubt my decision and knowledge. In the real world, this would have prompted me to do use another source, such a medication interaction checker. It was frustrating that the AI provided no information about why it would increase the warfarin dose when the INR was high. A statement like ""AI SYSTEM 2 is an artificial intelligence system that uses patient information including history, concomitant medications, and lab results to recommend anticoagulant doses"" is meaningless (both for AI system 1 and AI system 2).",1,1,1,2,1,1,3,1,1,1,1,2,1,2,2,1,1,1,1,2,3,2,1,1,1,1,2,3,3,3,1,3,1,3,2,3,50,4,2,2.6666666666666665,0,0,0,Global Only,Global,Attending,Physician,11,Physician,2
100,15540,TRUE,R_2w1zl5OV9ZKn5GD,46.7952,-96.8332,Physician,3,2,3,46,Female,US,7,2,3,4,4,4,3,Low,1,1,5,5,5.5,0,0,0.5,0.5,0,9.5,4.5,NA,0,467.799,22.976,The patient's INR was elevated and the system said the warfarin dose should be elevated. This is clearly wrong.,1,2,1,1,1,1,1,1,1,1,1,3,1,1,1,1,1,1,1,1,1,1,1,1,4,4,4,5,5,5,3,1,1,1,1,1,0,3.3333333333333335,3.5555555555555554,1,0,0,0,Global Only,Global,Attending,Physician,7.5,Physician,1
100,15540,TRUE,R_2w1zl5OV9ZKn5GD,46.7952,-96.8332,Physician,3,2,3,46,Female,US,7,2,3,4,4,4,3,High,1,2,10,10,9,0,0,1,1,0,9,1,TRUE,0,39.954,19.328,"The patient's INR is slightly over where it needs to be and it adjusts slightly, so this is acceptable. However, the 'rationale' is very vague and just says it considers people's meds and condition, so it's difficult to determine what is being factored.",1,3,1,1,2,1,1,1,1,4,1,5,2,2,2,2,3,2,2,2,3,3,2,2,4,4,4,4,4,5,4,3,2,2,3,3,30,3.3333333333333335,3.7777777777777777,2.6666666666666665,0,0,0,Global Only,Global,Attending,Physician,11,Physician,2
100,82986,TRUE,R_33pDoFDZyJTQx37,47.6144,-122.3447,Physician,5,4,4,29,Female,US,3,4,3,4,4,4,4,Low,3,1,2.5,2.5,5.5,0,0,3,3,0,9.5,7,NA,0,35.219,37.228,Made larger change in dose than would have without recommendation,4,4,5,4,4,4,4,4,4,4,4,4,4,2,2,4,4,4,4,4,4,4,5,4,4,4,4,4,4,4,4,4,4,4,3,3,61,3.8333333333333335,4,3.3333333333333335,1,1,0,What or What/Why,What + Why,Resident,Physician,7.5,Physician,1
100,82986,TRUE,R_33pDoFDZyJTQx37,47.6144,-122.3447,Physician,5,4,4,29,Female,US,3,4,3,4,4,4,4,High,3,2,9,9,9,0,0,0,0,0,9,0,TRUE,NA,25.45,11.506,Considered recommendation which aligned with my own clinical judgement,4,4,4,4,2,4,4,4,4,2,4,5,2,4,2,4,4,4,4,4,4,4,4,5,4,2,4,4,2,2,2,5,4,3,3,4,58,3.8333333333333335,3.2222222222222223,3.3333333333333335,1,1,0,What or What/Why,What + Why,Resident,Physician,11,Physician,2
100,2509,TRUE,R_25XSAlrb0ITXIbE,35.0813,-106.6212,Pharmacist,5,5,5,42,Female,US,15,4,4,4,2,4,2,Low,4,1,5,5,5.5,0,0,0.5,0.5,0,9.5,4.5,NA,0,71.954,106.56,NA,4,4,4,4,4,2,4,1,4,4,4,4,1,5,4,4,4,4,4,2,4,2,4,4,4,2,2,2,2,4,4,4,4,3,2,2,31,3.3333333333333335,3.111111111111111,2.3333333333333335,1,1,1,What + Why + How,What + Why + How,Non-Physician,Non-Physician,7.5,Pharmacist,1
100,2509,TRUE,R_25XSAlrb0ITXIbE,35.0813,-106.6212,Pharmacist,5,5,5,42,Female,US,15,4,4,4,2,4,2,High,4,2,9,9.5,9,-0.5,0.5,0.5,0,0.5,9,0.5,TRUE,1,61.089,36.465,read through the reasoning and supplement with own clinical knowledge on relevance of each bullet point. Take trends and other environmental factors into account.,5,4,4,4,4,4,4,1,4,4,4,4,2,4,4,4,4,4,4,4,4,2,4,4,2,2,2,2,2,4,4,4,4,4,4,3,51,3.3333333333333335,2.888888888888889,3.6666666666666665,1,1,1,What + Why + How,What + Why + How,Non-Physician,Non-Physician,11,Pharmacist,2
100,1341,TRUE,R_3Rre7sSkRGHm1m4,35.6679,-97.4795,Pharmacist,5,5,5,34,Male,US,9,4,3,4,4,3,1,Low,4,1,2.5,2.5,5.5,0,0,3,3,0,9.5,7,NA,0,164.885,74.065,Made me second guess my answer but did not change my mind,4,4,3,4,4,3,4,3,4,4,4,5,4,4,4,4,4,4,4,2,2,2,4,4,4,3,2,4,4,4,4,2,4,1,1,1,0,3.1666666666666665,3.4444444444444446,1,1,1,1,What + Why + How,What + Why + How,Non-Physician,Non-Physician,7.5,Pharmacist,1
100,1341,TRUE,R_3Rre7sSkRGHm1m4,35.6679,-97.4795,Pharmacist,5,5,5,34,Male,US,9,4,3,4,4,3,1,High,4,2,9.5,9.5,9,0,0,0.5,0.5,0,9,0.5,TRUE,0,257.683,30.859,Validated my answer,4,4,3,4,3,3,4,3,4,4,4,2,3,4,4,4,4,4,4,4,4,4,4,4,4,4,4,4,4,4,4,4,4,4,4,3,50,3.1666666666666665,4,3.6666666666666665,1,1,1,What + Why + How,What + Why + How,Non-Physician,Non-Physician,11,Pharmacist,2
100,1416,TRUE,R_3R7QfLmL7Gdvvi7,44.0484,-92.4948,Physician,1,1,1,54,Male,US,29,4,4,4,4,4,2,Low,1,1,5,5,5.5,0,0,0.5,0.5,0,9.5,4.5,NA,0,108.714,37.881,"The dose recommended was higher than the one the patient was one which would raise the INR, so ignored.",1,1,1,1,1,1,4,3,1,1,4,5,1,1,1,1,1,1,1,1,1,1,1,2,4,2,3,2,4,2,2,1,2,1,1,1,0,3.6666666666666665,2.4444444444444446,1,0,0,0,Global Only,Global,Attending,Physician,7.5,Physician,1
100,1416,TRUE,R_3R7QfLmL7Gdvvi7,44.0484,-92.4948,Physician,1,1,1,54,Male,US,29,4,4,4,4,4,2,High,1,2,9,8,9,1,1,1,0,1,9,1,TRUE,1,138.542,28.315,"The result was close to what I thought it should be, so adjusted final answer to match AI as most likely was using more specific information from the literature than I know off the top of my head.",2,2,2,4,1,4,4,2,1,1,4,5,2,4,4,4,4,4,4,4,4,5,1,4,4,2,2,2,4,2,1,4,4,4,4,4,87,3.6666666666666665,2.7777777777777777,4,0,0,0,Global Only,Global,Attending,Physician,11,Physician,2
100,934,TRUE,R_32KhiVGMMHE7FQE,44.0484,-92.4948,Physician,4,3,2,61,Male,US,35,5,4,3,3,3,4,High,4,1,5.5,5,5.5,0.5,0.5,0.5,0,0.5,5.5,0.5,TRUE,1,64.733,28.396,"I had a pretty good idea in my head already, and the AI seemed to support it.",4,4,5,4,3,4,5,3,4,4,4,4,3,4,4,3,2,5,3,3,4,4,5,4,5,4,4,5,4,4,3,5,4,4,3,2,30,3.6666666666666665,4.222222222222222,3,1,1,1,What + Why + How,What + Why + How,Attending,Physician,7.5,Physician,1
100,934,TRUE,R_32KhiVGMMHE7FQE,44.0484,-92.4948,Physician,4,3,2,61,Male,US,35,5,4,3,3,3,4,Low,4,2,9.5,9.5,9,0,0,0.5,0.5,0,13,3.5,NA,0,103.821,37.626,The decision did not make sense to further increase the dose in the face of elevated INR.,4,4,4,4,3,4,4,4,4,3,4,4,4,4,3,3,1,4,1,1,4,2,4,4,3,2,2,2,3,3,2,2,2,2,2,1,9,3.6666666666666665,2.3333333333333335,1.6666666666666667,1,1,1,What + Why + How,What + Why + How,Attending,Physician,11,Physician,2
100,1907,TRUE,R_1rJ84a2TCKBC5L2,46.7998,-92.0907,Physician,4,1,4,55,Female,US,29,2,2,2,2,2,4,Low,1,1,5,5,5.5,0,0,0.5,0.5,0,9.5,4.5,NA,0,266.152,93.667,The output was completely contrary my knowledge so I had to read the case more clearly to be sure I wasn't confused about the case presentation.,1,2,1,1,1,1,1,1,1,1,4,2,1,1,1,4,1,1,2,1,4,2,5,1,2,4,1,4,4,5,2,4,3,1,1,1,24,2.3333333333333335,3.2222222222222223,1,0,0,0,Global Only,Global,Attending,Physician,7.5,Physician,1
100,1907,TRUE,R_1rJ84a2TCKBC5L2,46.7998,-92.0907,Physician,4,1,4,55,Female,US,29,2,2,2,2,2,4,High,1,2,9.5,10,9,-0.5,0.5,1,0.5,0.5,9,1,TRUE,0.5,194.87,54.806,It was within the range of what I felt the decision should be.,2,3,2,2,1,2,5,2,2,2,4,3,1,4,4,4,2,2,4,4,4,4,5,4,4,4,2,2,3,4,4,4,2,3,3,2,61,2.3333333333333335,3.2222222222222223,2.6666666666666665,0,0,0,Global Only,Global,Attending,Physician,11,Physician,2
100,2370,TRUE,R_2dijEOqZjM1BW96,32.2163,-110.9241,Physician,1,1,1,47,Male,US,13,1,1,1,1,2,1,High,2,1,5,5,5.5,0,0,0.5,0.5,0,5.5,0.5,TRUE,0,44.243,51.674,NA,1,1,5,1,5,1,1,5,1,1,1,5,4,1,2,1,2,2,2,1,1,5,1,1,5,5,1,5,5,5,1,1,1,3,1,2,63,1.1666666666666667,3.2222222222222223,2,1,0,0,What or What/Why,What,Attending,Physician,7.5,Physician,1
100,2370,TRUE,R_2dijEOqZjM1BW96,32.2163,-110.9241,Physician,1,1,1,47,Male,US,13,1,1,1,1,2,1,Low,2,2,8,8,9,0,0,1,1,0,13,5,NA,0,873.368,7.207,NA,1,2,4,1,3,1,2,5,1,1,1,5,5,1,1,1,1,1,1,1,1,5,1,1,5,5,1,5,5,5,1,1,1,3,3,3,70,1.1666666666666667,3.2222222222222223,3,1,0,0,What or What/Why,What,Attending,Physician,11,Physician,2
100,10338,TRUE,R_11c1u4vPNhYpdGq,46.7998,-92.0907,Physician,5,2,4,38,Female,US,8,4,2,4,4,2,4,Low,4,1,5,5,5.5,0,0,0.5,0.5,0,9.5,4.5,NA,0,80.115,63.046,NA,4,3,4,2,4,2,4,4,4,4,2,4,2,2,2,4,2,2,4,2,2,4,4,2,2,2,2,3,3,3,2,2,2,2,2,2,10,3.3333333333333335,2.3333333333333335,2,1,1,1,What + Why + How,What + Why + How,Attending,Physician,7.5,Physician,1
100,10338,TRUE,R_11c1u4vPNhYpdGq,46.7998,-92.0907,Physician,5,2,4,38,Female,US,8,4,2,4,4,2,4,High,4,2,9,10,9,-1,1,1,0,1,9,1,TRUE,1,73.51,9.477,NA,2,3,2,4,2,2,2,2,4,4,2,4,2,4,2,2,4,4,4,4,4,4,4,4,4,4,2,4,4,4,2,4,2,3,3,3,71,3.3333333333333335,3.3333333333333335,3,1,1,1,What + Why + How,What + Why + How,Attending,Physician,11,Physician,2
100,27089,TRUE,R_1Dxa1YRmWBr8kg6,38.6583,-77.2481,Pharmacist,5,5,5,34,Female,US,9,4,4,4,5,4,4,High,4,1,6,6,5.5,0,0,0.5,0.5,0,5.5,0.5,TRUE,0,1833.724,63.705,I considered how AI System 1 arrived at the conclusion include what factors were assessed and which factors were more important.,5,4,4,4,3,4,5,5,5,5,5,5,5,5,5,5,5,5,5,5,5,5,5,5,5,5,5,5,5,5,5,5,5,4,4,4,81,4.166666666666667,5,4,1,1,1,What + Why + How,What + Why + How,Non-Physician,Non-Physician,7.5,Pharmacist,1
100,27089,TRUE,R_1Dxa1YRmWBr8kg6,38.6583,-77.2481,Pharmacist,5,5,5,34,Female,US,9,4,4,4,5,4,4,Low,4,2,10,9.5,9,0.5,0.5,0.5,1,-0.5,13,3.5,NA,0.14285714285714285,187.845,74.587,"I considered factors AI System 2 used to come up with the solution. Of note, patient was out of range in which INR was higher. Instead of decreasing the warfarin dose to account for elevated INR, the AI System decide to increase the dose, which would have caused the INR to be further out of range. I am unsure whether the AI System considered current dosing of warfarin to target dose and current INR Results.",5,4,5,5,4,4,5,4,5,5,5,5,5,5,5,5,5,5,5,4,4,4,4,4,4,5,1,5,5,5,5,5,5,2,1,2,41,4.166666666666667,4.444444444444445,1.6666666666666667,1,1,1,What + Why + How,What + Why + How,Non-Physician,Non-Physician,11,Pharmacist,2
100,860,TRUE,R_qDxI4AFuvt78DaF,43.3265,-91.7953,Midlevel Provider,4,4,2,31,Female,US,4,4,3,4,4,3,3,Low,4,1,5,5,5.5,0,0,0.5,0.5,0,9.5,4.5,NA,0,58.38,77.451,It was nice to know how the ai made its recommendations but i still didn’t feel comfortable increasing the dose,4,3,3,3,2,2,1,3,4,2,2,2,1,4,4,3,2,2,2,2,2,3,2,4,2,2,3,2,3,2,3,3,2,3,3,2,46,3.5,2.4444444444444446,2.6666666666666665,1,1,1,What + Why + How,What + Why + How,Non-Physician,Non-Physician,7.5,Midlevel Provider,1
100,860,TRUE,R_qDxI4AFuvt78DaF,43.3265,-91.7953,Midlevel Provider,4,4,2,31,Female,US,4,4,3,4,4,3,3,High,4,2,9,11,9,-2,2,2,0,2,9,2,TRUE,1,46.802,12.94,My recommendation was close to the ai and they had more specific information regarding the patient and cbd etc so I went with what they recommended,4,3,3,4,2,4,4,4,4,4,4,3,4,4,4,4,3,4,4,4,4,4,4,4,3,3,3,3,4,3,3,4,4,3,3,3,75,3.5,3.3333333333333335,3,1,1,1,What + Why + How,What + Why + How,Non-Physician,Non-Physician,11,Midlevel Provider,2
100,1921,TRUE,R_2tqTpVUs7C3eVSw,46.7998,-92.0907,Physician,5,5,5,45,Male,US,18,3,3,4,4,3,3,Low,4,1,3.5,3.5,5.5,0,0,2,2,0,9.5,6,NA,0,508.296,66.116,"The INR was elevated, and the recommendation to increase the daily dose of coumadin was inappropriate.  Also, it didn't take into account the INR in the information it was weighing to make the decision, which is the main factor in determining weekly coumadin dosing.",5,5,3,4,4,1,1,4,4,5,1,5,1,4,4,1,4,4,4,1,1,1,2,1,2,4,2,2,4,4,3,4,2,1,1,3,0,3.3333333333333335,3,1.6666666666666667,1,1,1,What + Why + How,What + Why + How,Attending,Physician,7.5,Physician,1
100,1921,TRUE,R_2tqTpVUs7C3eVSw,46.7998,-92.0907,Physician,5,5,5,45,Male,US,18,3,3,4,4,3,3,High,4,2,9,5.5,9,3.5,3.5,3.5,0,3.5,9,3.5,TRUE,1,163.358,64.408,"When contrasted with AI system 1, this recommendation was in the right direction, I was going to choose a somewhat lower dose, but the degree to which the INR was off (contrasted with the first vignette) and the direction of the dose adjustment were in line, so I followed the AIs recommendation.  However, the decision was still lacking the INR level as one of the factors it considered in making the decision, so I should have followed my gut more, I suppose.",4,5,4,5,5,2,4,3,5,5,4,4,1,5,4,3,4,4,4,4,2,2,4,2,2,4,2,4,5,5,4,3,2,3,3,2,70,3.3333333333333335,3.4444444444444446,2.6666666666666665,1,1,1,What + Why + How,What + Why + How,Attending,Physician,11,Physician,2
100,689,TRUE,R_31hF8q4JQKnweks,35.0813,-106.6212,Physician,1,1,1,68,Male,US,42,4,2,4,4,4,4,High,2,1,4,2.5,5.5,1.5,1.5,3,1.5,1.5,5.5,3,TRUE,0.5,38.618,26.83,It nudged me a little in the AI direction,1,4,1,4,2,1,4,3,1,1,4,3,2,2,2,4,4,4,4,4,3,3,4,4,1,1,1,2,2,2,2,2,2,3,2,1,73,3.6666666666666665,1.6666666666666667,2,1,0,0,What or What/Why,What,Attending,Physician,7.5,Physician,1
100,689,TRUE,R_31hF8q4JQKnweks,35.0813,-106.6212,Physician,1,1,1,68,Male,US,42,4,2,4,4,4,4,Low,2,2,11,8,9,3,3,1,2,-1,13,5,NA,0.6,58.924,23.324,It nudged me in its direction,4,4,2,4,2,1,2,3,2,2,2,3,2,4,3,4,3,3,3,4,3,3,4,3,1,1,1,2,2,2,2,2,2,3,2,1,69,3.6666666666666665,1.6666666666666667,2,1,0,0,What or What/Why,What,Attending,Physician,11,Physician,2
100,1748,TRUE,R_Xw63e7O9bLBXNkd,43.8013,-91.2134,Physician,5,5,1,39,Male,US,1.5,4,5,5,5,5,4,High,2,1,3.5,2.5,5.5,1,1,3,2,1,5.5,3,TRUE,0.3333333333333333,340.162,56.03,It was nice to have the AI system alert me to specific factors to consider in warfarin dosing,2,2,2,2,3,2,5,4,2,1,2,5,2,5,2,4,1,1,1,2,4,2,4,4,3,1,1,1,2,1,2,5,4,4,4,4,65,4.666666666666667,2.2222222222222223,4,1,0,0,What or What/Why,What,Resident,Physician,7.5,Physician,1
100,1748,TRUE,R_Xw63e7O9bLBXNkd,43.8013,-91.2134,Physician,5,5,1,39,Male,US,1.5,4,5,5,5,5,4,Low,2,2,10,10,9,0,0,1,1,0,13,3,NA,0,293.179,33.174,"I understood It as the AI computed that the patient would need more warfarin to achieve goal INR, even though his INR had been increasing despite warfarin change.  this was good to know, that the patient had factors that the AI system was otherwise suspect  to have the patient subtherapeutic, despite the INR increasing",2,2,2,2,2,2,5,2,4,4,4,5,2,2,2,4,2,2,2,3,5,2,5,2,4,2,2,4,2,2,2,4,4,2,2,2,10,4.666666666666667,2.888888888888889,2,1,0,0,What or What/Why,What,Resident,Physician,11,Physician,2
100,1138,TRUE,R_2afSWoueT0vjYA0,40.4295,-80.0152,Pharmacist,2,4,4,40,Female,US,10,4,4,4,4,4,4,High,1,1,5.5,3,5.5,2.5,2.5,2.5,0,2.5,5.5,2.5,TRUE,1,118.238,13.388,"The dose suggested seemed clinically appropriate, but would love more information on how the system came up with that recommendation.",2,1,1,2,2,4,4,1,1,1,2,5,2,2,2,2,2,2,2,3,4,4,4,4,1,1,1,4,4,4,3,4,4,3,2,3,81,4,2.888888888888889,2.6666666666666665,0,0,0,Global Only,Global,Non-Physician,Non-Physician,7.5,Pharmacist,1
100,1138,TRUE,R_2afSWoueT0vjYA0,40.4295,-80.0152,Pharmacist,2,4,4,40,Female,US,10,4,4,4,4,4,4,Low,1,2,6,6,9,0,0,3,3,0,13,7,NA,0,126.403,16.675,Factors that it considered seemed relevant.,2,2,2,2,2,2,4,4,4,2,2,4,2,2,2,2,2,3,3,2,2,3,2,3,1,1,1,4,2,1,2,2,2,3,3,3,72,4,1.7777777777777777,3,0,0,0,Global Only,Global,Non-Physician,Non-Physician,11,Pharmacist,2
100,1423,TRUE,R_3QXAyjGp1QDH1hk,41.0965,-73.4277,Midlevel Provider,4,3,1,39,Male,US,15,3,2,2,2,2,2,High,2,2,9,10,9,-1,1,1,0,1,9,1,TRUE,1,192.801,25.062,"AI 1 was so far off base - in contrast i was looking for AI 2 hopefully align. I think it was a bit more conservative than my decision making. 
Generally - i think i'm looking for confirmation from the AI. I need to know enough about pharmacotherapy to have a starting point, then it can be augmented by the AI input.",4,3,3,4,2,2,4,2,2,1,4,4,1,2,3,4,4,4,3,4,4,4,4,4,4,5,4,2,4,4,3,4,4,4,3,3,61,2.1666666666666665,3.7777777777777777,3.3333333333333335,1,0,0,What or What/Why,What,Non-Physician,Non-Physician,11,Midlevel Provider,2
100,2416,TRUE,R_3gRXkFX5Ed6aLGG,36.175,-115.1372,Physician,4,4,3,50,Female,US,23,4,3,4,4,4,2,High,4,1,6.5,6.5,5.5,0,0,1,1,0,5.5,1,TRUE,0,144.583,70.062,"It seemed vague to me, all the factors that the system considered are appropriate but not sure how they used the weight to calculate the dose.",5,3,1,2,3,1,4,3,5,5,3,5,1,1,4,5,2,3,4,5,3,5,5,3,2,4,4,5,3,2,5,5,5,2,2,1,8,3.5,3.888888888888889,1.6666666666666667,1,1,1,What + Why + How,What + Why + How,Attending,Physician,7.5,Physician,1
100,2416,TRUE,R_3gRXkFX5Ed6aLGG,36.175,-115.1372,Physician,4,4,3,50,Female,US,23,4,3,4,4,4,2,Low,4,2,10,10,9,0,0,1,1,0,13,3,NA,0,181.515,80.678,I don't understand why and how the system would recommend increasing the dose by 14 mg a week when INR is supratherapeutic,4,3,1,1,3,3,1,3,4,3,3,3,1,1,1,5,5,3,1,1,2,2,4,2,2,4,3,4,3,4,5,5,4,1,1,1,0,3.5,3.7777777777777777,1,1,1,1,What + Why + How,What + Why + How,Attending,Physician,11,Physician,2
100,644,TRUE,R_RbrF31YO4dLupbj,35.0781,-106.6583,Physician,4,2,2,37,Female,US,11,3,4,4,3,3,4,High,2,1,4,3,5.5,1,1,2.5,1.5,1,5.5,2.5,TRUE,0.4,51.885,27.098,Some factors that were enumerated were reasonable and some of them does not completely explain how INR is affected,2,2,2,2,2,1,3,2,2,1,3,4,3,1,2,3,2,2,3,3,3,3,2,3,2,2,2,2,3,3,4,3,2,3,2,2,30,3.5,2.5555555555555554,2.3333333333333335,1,0,0,What or What/Why,What,Attending,Physician,7.5,Physician,1
100,644,TRUE,R_RbrF31YO4dLupbj,35.0781,-106.6583,Physician,4,2,2,37,Female,US,11,3,4,4,3,3,4,Low,2,2,5,5,9,0,0,4,4,0,13,8,NA,0,66.589,10.135,"Inaccurate factors listed, no detailed explanation",2,2,1,4,1,2,4,2,2,2,3,3,2,2,3,3,3,4,3,3,3,3,4,2,2,2,2,2,2,2,3,3,3,2,2,2,16,3.5,2.3333333333333335,2,1,0,0,What or What/Why,What,Attending,Physician,11,Physician,2
100,3093,TRUE,R_1jI0ieuc1lufnBQ,39.1181,-76.8396,Pharmacist,5,5,4,44,Female,US,15,4,4,4,4,5,3,Low,3,1,2.5,2.5,5.5,0,0,3,3,0,9.5,7,NA,0,479.794,132.592,The output seemed contrary to the patient lab values of warfarin,4,4,4,2,3,4,4,3,4,4,4,4,3,4,4,4,4,4,4,2,2,2,4,4,2,2,2,2,4,4,4,4,3,3,3,2,0,4,3,2.6666666666666665,1,1,0,What or What/Why,What + Why,Non-Physician,Non-Physician,7.5,Pharmacist,1
100,3093,TRUE,R_1jI0ieuc1lufnBQ,39.1181,-76.8396,Pharmacist,5,5,4,44,Female,US,15,4,4,4,4,5,3,High,3,2,9,10,9,-1,1,1,0,1,9,1,TRUE,1,327.301,16.501,The information from the AI system was similar to what I would have recommended,4,3,3,4,2,4,4,3,4,4,4,4,4,4,4,4,4,4,4,4,4,4,4,4,4,4,4,4,4,4,4,4,4,4,3,3,92,4,4,3.3333333333333335,1,1,0,What or What/Why,What + Why,Non-Physician,Non-Physician,11,Pharmacist,2
100,2128,TRUE,R_9uF6nuSL9O0I19L,36.1724,-115.0677,Physician,4,4,2,33,Female,US,7,3,2,4,4,4,4,Low,2,1,5.5,0,5.5,5.5,5.5,5.5,0,5.5,9.5,9.5,NA,0.5789473684210527,101.691,35.801,higher INR was not congruous in increasing warfarin dosing.,4,4,2,3,1,3,2,4,2,2,3,4,1,2,1,1,2,2,2,1,1,2,3,2,3,2,2,1,5,3,2,4,3,1,1,1,0,3.5,2.7777777777777777,1,1,0,0,What or What/Why,What,Attending,Physician,7.5,Physician,1
100,2128,TRUE,R_9uF6nuSL9O0I19L,36.1724,-115.0677,Physician,4,4,2,33,Female,US,7,3,2,4,4,4,4,High,2,2,9,9.5,9,-0.5,0.5,0.5,0,0.5,9,0.5,TRUE,1,64.873,6.336,NA,3,4,3,3,2,4,4,2,2,2,4,3,2,4,3,2,4,4,4,4,4,4,4,4,3,4,4,3,5,3,4,5,5,4,4,4,80,3.5,4,4,1,0,0,What or What/Why,What,Attending,Physician,11,Physician,2
100,1158,TRUE,R_ZKoQdpT5bYESJWN,49.8179,-97.1535,Midlevel Provider,3,5,5,44,Female,Ex-US,7,5,5,5,5,4,4,Low,2,1,6.5,6.75,5.5,-0.25,0.25,1.25,1,0.25,9.5,2.75,NA,0.09090909090909091,170.278,92.042,always rely on my own clinical knowledge and expertise in making my final decision.,3,4,3,4,3,4,4,4,4,4,4,2,1,2,2,2,2,2,2,2,2,2,4,2,4,4,5,4,4,3,2,5,4,1,2,1,8,4.666666666666667,3.888888888888889,1.3333333333333333,1,0,0,What or What/Why,What,Non-Physician,Non-Physician,7.5,Midlevel Provider,1
100,1158,TRUE,R_ZKoQdpT5bYESJWN,49.8179,-97.1535,Midlevel Provider,3,5,5,44,Female,Ex-US,7,5,5,5,5,4,4,High,2,2,9,9.5,9,-0.5,0.5,0.5,0,0.5,9,0.5,TRUE,1,123.985,32.776,"per the previous response, I rely on my clinical experience and knowledge to make my final decision.",4,4,3,3,3,3,3,2,4,4,4,2,2,2,2,2,2,2,2,2,2,2,4,2,4,4,4,4,4,4,3,4,4,1,2,2,8,4.666666666666667,3.888888888888889,1.6666666666666667,1,0,0,What or What/Why,What,Non-Physician,Non-Physician,11,Midlevel Provider,2
100,859,TRUE,R_Q6cTYusf63JvnzP,45.4336,-75.6825,Midlevel Provider,4,4,4,42,Female,Ex-US,8,4,4,4,4,4,4,Low,2,1,9,5,5.5,4,4,0.5,3.5,-3,9.5,4.5,NA,0.8888888888888888,83.521,34.13,NA,4,3,4,4,3,4,4,4,4,4,4,5,5,4,4,4,4,4,4,4,4,4,4,4,4,2,1,2,4,3,2,4,4,4,4,4,80,4,2.888888888888889,4,1,0,0,What or What/Why,What,Non-Physician,Non-Physician,7.5,Midlevel Provider,1
100,859,TRUE,R_Q6cTYusf63JvnzP,45.4336,-75.6825,Midlevel Provider,4,4,4,42,Female,Ex-US,8,4,4,4,4,4,4,High,2,2,10,12,9,-2,2,3,1,2,9,3,TRUE,0.6666666666666666,95.212,21.371,NA,4,3,4,5,4,4,4,4,4,4,4,4,4,4,4,4,4,4,4,4,4,2,4,4,2,3,3,3,3,3,4,4,4,4,4,4,81,4,3.2222222222222223,4,1,0,0,What or What/Why,What,Non-Physician,Non-Physician,11,Midlevel Provider,2
100,1793,TRUE,R_VWIEer52rk3eGfT,44.9399,-93.2548,Pharmacist,5,5,1,33,Female,US,10,4,4,4,4,5,5,High,3,1,6,6,5.5,0,0,0.5,0.5,0,5.5,0.5,TRUE,0,126.322,114.986,"Used the AI output to compare to my recommendation. Since they were comparable, provided minor reassurance of my own recommendation.",4,4,3,2,2,2,4,4,2,4,2,5,1,4,2,4,2,2,2,4,2,2,4,4,4,5,5,5,5,3,5,4,5,3,3,3,30,4.333333333333333,4.555555555555555,3,1,1,0,What or What/Why,What + Why,Non-Physician,Non-Physician,7.5,Pharmacist,1
100,1793,TRUE,R_VWIEer52rk3eGfT,44.9399,-93.2548,Pharmacist,5,5,1,33,Female,US,10,4,4,4,4,5,5,Low,3,2,10,10,9,0,0,1,1,0,13,3,NA,0,158.361,57.498,"Because it recommended a dose increase, where I felt a dose decrease was necessary due to the supratherapeutic INR, I ignored the AI output as it seemed erroneous.",3,4,2,2,2,2,1,4,4,4,1,2,2,4,2,4,4,4,3,1,1,2,4,1,5,5,5,5,5,3,4,4,5,1,1,1,0,4.333333333333333,4.555555555555555,1,1,1,0,What or What/Why,What + Why,Non-Physician,Non-Physician,11,Pharmacist,2
100,1104,TRUE,R_3jUJPRGGwraz3e6,44.0484,-92.4948,Physician,4,2,1,52,Male,US,23,4,3,3,4,2,2,Low,4,1,6,6,5.5,0,0,0.5,0.5,0,9.5,3.5,NA,0,147.127,50.011,"Unless I misread the case, this person's INR was already above a safe range, and the AI system recommended an increase in dose.  That is dangerous.",3,4,4,5,3,4,2,4,4,3,2,2,2,3,4,1,1,4,4,1,1,1,2,1,4,4,2,3,4,4,2,4,3,1,1,1,0,3,3.3333333333333335,1,1,1,1,What + Why + How,What + Why + How,Attending,Physician,7.5,Physician,1
100,1104,TRUE,R_3jUJPRGGwraz3e6,44.0484,-92.4948,Physician,4,2,1,52,Male,US,23,4,3,3,4,2,2,High,4,2,9,9,9,0,0,0,0,0,9,0,TRUE,NA,56.622,11.346,"It reached the same coumadin dose as I did, however I cannot tell from just an algorithm whether it will make future good decisions.",5,4,4,4,3,4,5,4,4,4,4,4,2,4,4,3,4,4,4,5,4,4,4,4,4,3,2,4,4,4,4,4,4,3,3,2,0,3,3.6666666666666665,2.6666666666666665,1,1,1,What + Why + How,What + Why + How,Attending,Physician,11,Physician,2
100,1859,TRUE,R_3m9xQMYvBDjGgqp,44.0484,-92.4948,Physician,4,2,2,33,Female,US,1,4,3,3,4,2,3,High,1,1,5.5,3,5.5,2.5,2.5,2.5,0,2.5,5.5,2.5,TRUE,1,229.676,18.407,My decision stems from my bias that AI system has superior knowledge and data.,1,1,1,1,1,1,1,1,1,1,1,3,1,1,1,1,1,1,4,2,3,2,1,2,1,1,1,1,1,2,3,3,3,4,4,4,81,3.1666666666666665,1.7777777777777777,4,0,0,0,Global Only,Global,Attending,Physician,7.5,Physician,1
100,1859,TRUE,R_3m9xQMYvBDjGgqp,44.0484,-92.4948,Physician,4,2,2,33,Female,US,1,4,3,3,4,2,3,Low,1,2,11,10,9,1,1,1,2,-1,13,3,NA,0.3333333333333333,97.561,32.89,I wished there were more concrete explanations for AI's choice. Ai's recommendation felt counterintuitive so was not followed.,1,1,1,1,1,1,3,1,1,1,1,3,1,1,1,3,2,2,1,2,2,2,1,1,2,2,1,2,3,2,2,2,2,2,3,4,50,3.1666666666666665,2,3,0,0,0,Global Only,Global,Attending,Physician,11,Physician,2
100,1127,TRUE,R_2X5uwPWyel2WHHT,45.4015,-75.7304,Physician,5,5,4,46,Male,Ex-US,15,4,4,5,3,5,4,High,3,1,5,5,5.5,0,0,0.5,0.5,0,5.5,0.5,TRUE,0,58.167,34.21,NA,5,5,4,5,3,5,5,4,4,4,5,5,2,2,2,2,3,4,2,4,4,4,5,4,5,5,4,4,4,4,4,4,4,4,4,4,51,4.166666666666667,4.222222222222222,4,1,1,0,What or What/Why,What + Why,Attending,Physician,7.5,Physician,1
100,1127,TRUE,R_2X5uwPWyel2WHHT,45.4015,-75.7304,Physician,5,5,4,46,Male,Ex-US,15,4,4,5,3,5,4,Low,3,2,10,10,9,0,0,1,1,0,13,3,NA,0,151.488,102.363,I decided to ignore the recommendation because the INR was increase on the current maintenance dose. It is unclear to me why a higher dose would be recommended.,4,4,3,4,4,4,4,4,4,4,4,4,2,1,1,2,1,1,1,1,1,5,1,1,4,4,4,5,5,4,4,1,1,1,1,1,0,4.166666666666667,3.5555555555555554,1,1,1,0,What or What/Why,What + Why,Attending,Physician,11,Physician,2
100,6192,TRUE,R_1JX93DB45D2fMoE,29.6609,-82.585,Physician,5,4,4,26,Female,US,1,4,4,4,4,4,4,High,2,1,5.5,3,5.5,2.5,2.5,2.5,0,2.5,5.5,2.5,TRUE,1,49.24,9.279,NA,5,4,4,4,3,4,4,2,4,4,4,2,2,4,4,4,4,4,4,4,4,2,4,4,2,2,4,2,2,2,4,4,4,3,3,3,58,4,2.888888888888889,3,1,0,0,What or What/Why,What,Resident,Physician,7.5,Physician,1
100,6192,TRUE,R_1JX93DB45D2fMoE,29.6609,-82.585,Physician,5,4,4,26,Female,US,1,4,4,4,4,4,4,Low,2,2,13,9,9,4,4,0,4,-4,13,4,NA,1,29.776,3.778,NA,5,5,4,4,3,4,4,2,4,4,4,4,4,4,4,4,4,4,4,4,4,2,4,4,4,2,4,2,2,2,3,4,4,4,4,4,70,4,3,4,1,0,0,What or What/Why,What,Resident,Physician,11,Physician,2
100,1025,TRUE,R_1LGqe2fAqeTccCV,41.6435,-91.5685,Pharmacist,1,1,1,24,Female,US,1,4,3,4,4,1,4,Low,1,1,5,5,5.5,0,0,0.5,0.5,0,9.5,4.5,NA,0,169.197,46.213,NA,1,1,1,1,1,1,1,1,1,1,1,5,1,1,1,1,1,1,1,1,1,1,1,1,5,5,5,5,5,5,5,5,5,1,1,1,0,3.3333333333333335,5,1,0,0,0,Global Only,Global,Non-Physician,Non-Physician,7.5,Pharmacist,1
100,1025,TRUE,R_1LGqe2fAqeTccCV,41.6435,-91.5685,Pharmacist,1,1,1,24,Female,US,1,4,3,4,4,1,4,High,1,2,10,10,9,0,0,1,1,0,9,1,TRUE,0,178.367,37.627,NA,1,1,1,1,1,1,1,1,1,1,1,5,1,1,1,1,1,1,1,1,1,3,1,1,4,4,2,5,5,5,1,5,5,2,1,1,35,3.3333333333333335,4,1.3333333333333333,0,0,0,Global Only,Global,Non-Physician,Non-Physician,11,Pharmacist,2
100,1583,TRUE,R_2Xjm1mMuJtOhDes,41.6435,-91.5685,Pharmacist,2,2,2,38,Male,US,12,4,4,3,4,2,3,Low,2,1,6,6,5.5,0,0,0.5,0.5,0,9.5,3.5,NA,0,98.628,117.197,System 1 recommended an increased warfarin dose with a significantly elevated INR due to CBD use (which an increased INR would be expected).  I would never trust that algorithm again based on this one case.,1,1,1,1,1,1,1,1,1,1,1,2,1,1,2,1,1,1,1,1,1,1,1,1,5,5,1,5,5,5,5,1,1,1,1,1,0,3.3333333333333335,3.6666666666666665,1,1,0,0,What or What/Why,What,Non-Physician,Non-Physician,7.5,Pharmacist,1
100,1583,TRUE,R_2Xjm1mMuJtOhDes,41.6435,-91.5685,Pharmacist,2,2,2,38,Male,US,12,4,4,3,4,2,3,High,2,2,10,10,9,0,0,1,1,0,9,1,TRUE,0,75.11,7.753,A 19% weekly dose reduction seems far too aggressive for an INR that was only 0.6 above his INR goal.,1,1,1,1,1,1,3,2,1,1,2,3,1,3,2,2,1,1,1,4,3,4,2,3,5,5,5,5,5,3,5,4,2,2,2,1,0,3.3333333333333335,4.333333333333333,1.6666666666666667,1,0,0,What or What/Why,What,Non-Physician,Non-Physician,11,Pharmacist,2
100,769,TRUE,R_3KGtYj35anuUF0C,41.6435,-91.5685,Physician,1,1,1,39,Female,US,15,2,2,2,3,3,4,Low,1,1,2.5,2.5,5.5,0,0,3,3,0,9.5,7,NA,0,47.148,32.679,i did not since it appeared erroneous that i would give a higher dose of warfarin in someone with a supratherapeutic INR,1,5,1,1,1,1,1,5,1,1,1,3,1,1,1,1,1,1,1,1,1,1,4,1,5,5,4,4,4,4,4,1,1,1,1,1,0,2.6666666666666665,3.5555555555555554,1,0,0,0,Global Only,Global,Attending,Physician,7.5,Physician,1
100,769,TRUE,R_3KGtYj35anuUF0C,41.6435,-91.5685,Physician,1,1,1,39,Female,US,15,2,2,2,3,3,4,High,1,2,9,9.5,9,-0.5,0.5,0.5,0,0.5,9,0.5,TRUE,1,68.39,5.551,NA,4,4,2,1,2,2,4,2,2,2,2,2,2,4,2,2,2,2,2,4,2,5,4,5,5,5,5,5,5,5,5,5,5,3,3,3,9,2.6666666666666665,5,3,0,0,0,Global Only,Global,Attending,Physician,11,Physician,2
100,5168,TRUE,R_2awP7zwxHSJvmx1,41.6435,-91.5685,Physician,4,2,2,32,Male,US,1.5,4,4,4,5,3,3,High,1,1,5.5,6,5.5,-0.5,0.5,0.5,0,0.5,5.5,0.5,TRUE,1,128.016,22.641,It matched close to my judgement and was ok with recc cause it was within my own judgment.,3,2,2,4,5,3,2,1,1,1,2,5,2,2,2,2,2,2,2,2,3,3,2,2,3,4,4,4,4,4,4,4,2,2,3,2,70,3.8333333333333335,3.6666666666666665,2.3333333333333335,0,0,0,Global Only,Global,Resident,Physician,7.5,Physician,1
100,5168,TRUE,R_2awP7zwxHSJvmx1,41.6435,-91.5685,Physician,4,2,2,32,Male,US,1.5,4,4,4,5,3,3,Low,1,2,10,10,9,0,0,1,1,0,13,3,NA,0,103.186,25.963,It was completely off from my decision and therefore did not trust it.,1,1,2,4,4,2,3,2,3,4,3,4,2,3,2,2,2,2,2,1,1,1,2,2,4,4,4,4,4,3,4,4,4,1,1,1,10,3.8333333333333335,3.888888888888889,1,0,0,0,Global Only,Global,Resident,Physician,11,Physician,2
100,982,TRUE,R_1LjwPxNvouz3JA0,41.6435,-91.5685,Pharmacist,3,4,4,47,Male,US,20,4,4,4,4,3,3,High,4,2,10,10,9,0,0,1,1,0,9,1,TRUE,0,118.398,22.75,NA,4,4,3,4,2,4,4,3,4,4,4,2,3,4,4,4,4,4,4,4,4,4,4,4,5,5,5,5,4,4,4,5,4,4,3,3,51,3.6666666666666665,4.555555555555555,3.3333333333333335,1,1,1,What + Why + How,What + Why + How,Non-Physician,Non-Physician,11,Pharmacist,2
100,2407,TRUE,R_2dMhEHbDbDURbTq,41.6435,-91.5685,Physician,5,5,1,51,Female,US,22,4,4,4,4,4,4,Low,1,1,6.5,6.5,5.5,0,0,1,1,0,9.5,3,NA,0,786.08,22.801,the output was clearly incorrect and was ignored,1,2,2,1,2,1,1,1,2,1,1,2,1,1,1,1,1,1,2,1,1,1,4,1,4,5,5,5,5,5,4,4,4,1,2,1,0,4,4.555555555555555,1.3333333333333333,0,0,0,Global Only,Global,Attending,Physician,7.5,Physician,1
100,2407,TRUE,R_2dMhEHbDbDURbTq,41.6435,-91.5685,Physician,5,5,1,51,Female,US,22,4,4,4,4,4,4,High,1,2,10,10.5,9,-0.5,0.5,1.5,1,0.5,9,1.5,TRUE,0.3333333333333333,94.68,179.073,The correct dose is a range and the A1 answer fell in the same range that I calculated so i put more weight to the A1 recommendation since it was also a correct answer.,2,2,4,4,2,1,4,1,1,1,2,4,1,2,2,2,2,2,2,4,4,3,4,4,4,4,5,5,5,4,4,5,4,2,2,3,29,4,4.444444444444445,2.3333333333333335,0,0,0,Global Only,Global,Attending,Physician,11,Physician,2
100,3915,TRUE,R_9LEZlNPMk1LLOdX,37.751,-97.822,Physician,4,4,3,29,Female,US,1,4,4,4,4,4,4,High,3,1,5.5,2.5,5.5,3,3,3,0,3,5.5,3,TRUE,1,56.201,22.789,I didn't know the answer off hand so i followed the AI,4,3,4,4,4,3,4,4,2,4,4,3,1,4,2,3,2,4,4,2,3,2,2,2,2,1,1,1,2,1,1,2,3,3,3,2,100,4,1.5555555555555556,2.6666666666666665,1,1,0,What or What/Why,What + Why,Resident,Physician,7.5,Physician,1
100,3915,TRUE,R_9LEZlNPMk1LLOdX,37.751,-97.822,Physician,4,4,3,29,Female,US,1,4,4,4,4,4,4,Low,3,2,13,7.5,9,5.5,5.5,1.5,4,-2.5,13,5.5,NA,1,53.101,17.177,I wasn't sure about the correct dose so I went with what the AI system suggested.,4,3,4,4,3,2,3,4,2,2,2,3,2,2,2,2,2,4,4,3,3,2,4,4,1,1,1,1,1,1,2,3,3,3,3,2,100,4,1.5555555555555556,2.6666666666666665,1,1,0,What or What/Why,What + Why,Resident,Physician,11,Physician,2
100,1434,TRUE,R_1dBsQpe2HABcmgu,43.6722,-92.9743,Midlevel Provider,5,5,4,33,Female,US,2.5,4,4,4,4,4,4,High,4,1,5.5,5.5,5.5,0,0,0,0,0,5.5,0,TRUE,NA,81.191,115.631,Didn't quite understand what it was helping me do in the first place.,5,3,4,4,4,2,5,1,2,4,4,5,4,4,4,2,4,4,2,2,4,2,4,4,2,1,1,2,2,4,4,3,2,4,3,2,30,4,2.3333333333333335,3,1,1,1,What + Why + How,What + Why + How,Non-Physician,Non-Physician,7.5,Midlevel Provider,1
100,1434,TRUE,R_1dBsQpe2HABcmgu,43.6722,-92.9743,Midlevel Provider,5,5,4,33,Female,US,2.5,4,4,4,4,4,4,Low,4,2,11,9,9,2,2,0,2,-2,13,4,NA,0.5,285.951,78.789,"I didn't really agree with it's recommendation, but it still made me not change it as much because of the factors it mentioned and instead just repeat it.",4,3,4,4,4,4,4,2,4,4,4,4,3,4,4,4,4,2,2,2,4,2,4,4,2,1,1,1,2,4,2,2,2,4,2,2,40,4,1.8888888888888888,2.6666666666666665,1,1,1,What + Why + How,What + Why + How,Non-Physician,Non-Physician,11,Midlevel Provider,2
100,1145,TRUE,R_1Fs7zDmYytWmjWI,41.6344,-91.5054,Physician,2,1,4,45,Male,US,12,3,3,3,4,4,4,Low,1,1,5,1,5.5,4,4,4.5,0.5,4,9.5,8.5,NA,0.47058823529411764,157.214,63.652,if the output form AI does not seem logical it may confuse the provider and not help in facilitating any decision made.,3,4,3,2,2,5,3,3,4,4,3,4,2,5,5,3,3,3,3,2,3,2,3,2,3,2,5,5,2,2,2,3,3,2,3,2,65,3.5,3,2.3333333333333335,0,0,0,Global Only,Global,Attending,Physician,7.5,Physician,1
100,1145,TRUE,R_1Fs7zDmYytWmjWI,41.6344,-91.5054,Physician,2,1,4,45,Male,US,12,3,3,3,4,4,4,High,1,2,9,15,9,-6,6,6,0,6,9,6,TRUE,1,89.329,78.19,the decision did not offer explanation of how the dose was chosen and i was more confused after i saw the end results,3,4,2,2,2,5,2,2,5,3,3,4,2,2,2,2,2,2,2,2,3,2,3,2,2,1,2,3,3,3,2,2,2,2,2,2,65,3.5,2.2222222222222223,2,0,0,0,Global Only,Global,Attending,Physician,11,Physician,2
100,1012,TRUE,R_24i28wgmW9EUvKV,35.8332,-78.8473,Midlevel Provider,4,4,4,54,Female,US,20,4,4,4,4,4,4,High,4,1,5.5,6.5,5.5,-1,1,1,0,1,5.5,1,TRUE,1,176.292,29.709,The input from the AI system was not clear.,5,5,1,5,1,4,4,2,4,4,4,2,4,3,3,4,3,4,4,4,3,4,4,4,2,2,2,2,2,2,2,4,4,4,4,3,90,4,2.4444444444444446,3.6666666666666665,1,1,1,What + Why + How,What + Why + How,Non-Physician,Non-Physician,7.5,Midlevel Provider,1
100,1012,TRUE,R_24i28wgmW9EUvKV,35.8332,-78.8473,Midlevel Provider,4,4,4,54,Female,US,20,4,4,4,4,4,4,Low,4,2,13,10,9,3,3,1,4,-3,13,3,NA,1,95.596,10.556,"This concept is new to me. Heard about it, but unsure how to integrate in clinical practice.",4,4,4,4,3,4,4,4,4,4,4,4,4,3,3,3,3,3,2,3,3,4,4,4,2,3,4,2,4,3,3,4,4,3,3,3,75,4,3.2222222222222223,3,1,1,1,What + Why + How,What + Why + How,Non-Physician,Non-Physician,11,Midlevel Provider,2
100,977,TRUE,R_1JW8oE6iM21n6NB,41.6435,-91.5685,Pharmacist,1,1,4,28,Female,US,1,4,4,4,4,4,3,High,2,2,5,5,9,0,0,4,4,0,9,4,TRUE,0,167.604,16.564,"This would be more of an arbitrary reduction in dose for me, was between 5, 6, 7mg. With APS your INR goal can be higher (ex. 2.5-3.5). In the definitions on the AI SYSTEM 2 that would have been helpful to put, instead of just lupus.",2,2,4,3,3,3,3,3,3,4,3,3,3,3,3,3,3,3,3,3,3,3,3,3,3,3,3,3,3,3,3,3,5,2,2,1,26,3.8333333333333335,3.2222222222222223,1.6666666666666667,1,0,0,What or What/Why,What,Non-Physician,Non-Physician,11,Pharmacist,2
100,803,TRUE,R_2xKvcV0EyesUq4Y,47.7495,-122.2976,Pharmacist,4,4,4,41,Female,US,12,3,2,2,3,2,2,Low,4,1,3,2.5,5.5,0.5,0.5,3,2.5,0.5,9.5,7,NA,0.07142857142857142,53.25,61.838,I was more aggressive in the dose decrease without AI input but then i modified my recommendation slightly because of factors and evidence introduced in the explanation by AI,3,2,2,3,2,2,2,3,4,4,2,2,2,3,3,4,4,4,2,1,2,2,3,3,4,2,2,4,4,4,3,4,3,2,1,2,25,2.3333333333333335,3.3333333333333335,1.6666666666666667,1,1,1,What + Why + How,What + Why + How,Non-Physician,Non-Physician,7.5,Pharmacist,1
100,803,TRUE,R_2xKvcV0EyesUq4Y,47.7495,-122.2976,Pharmacist,4,4,4,41,Female,US,12,3,2,2,3,2,2,High,4,2,9,8,9,1,1,1,0,1,9,1,TRUE,1,55.375,18.594,the AI in system 2  was aligned with my recommendation,4,4,3,4,2,4,4,3,4,4,4,3,3,4,4,4,4,4,3,4,4,4,4,4,4,4,2,4,4,2,2,4,4,3,3,3,30,2.3333333333333335,3.3333333333333335,3,1,1,1,What + Why + How,What + Why + How,Non-Physician,Non-Physician,11,Pharmacist,2
100,1407,TRUE,R_24bHE3U4ch5MZA0,41.6435,-91.5685,Pharmacist,5,5,4,27,Female,US,0.5,4,3,4,4,4,4,Low,3,1,5,5,5.5,0,0,0.5,0.5,0,9.5,4.5,NA,0,199.91,57.983,the factors that the AI system took into consideration were valid but the dosing still seemed way to high from my personal experience with warfarin. I also didn't understand why the INR goal was 2-3 and not 2.5-3.5 for the patient.,4,4,2,3,2,3,4,1,4,4,4,4,3,4,4,3,4,3,3,2,3,4,4,4,3,2,3,3,3,3,3,4,4,3,4,3,40,3.8333333333333335,3.111111111111111,3.3333333333333335,1,1,0,What or What/Why,What + Why,Non-Physician,Non-Physician,7.5,Pharmacist,1
100,1407,TRUE,R_24bHE3U4ch5MZA0,41.6435,-91.5685,Pharmacist,5,5,4,27,Female,US,0.5,4,3,4,4,4,4,High,3,2,9,10,9,-1,1,1,0,1,9,1,TRUE,1,137.316,25.913,"I initially recommended a ~ 10% decrease since the patient was slightly out of range but after seeing the AI system 2 recommendations, I also felt that their recommendation was appropriate as well.",3,3,2,3,2,3,3,2,4,4,4,4,2,2,3,2,3,3,2,3,4,4,4,3,3,3,3,3,3,3,3,4,4,3,3,3,70,3.8333333333333335,3.2222222222222223,3,1,1,0,What or What/Why,What + Why,Non-Physician,Non-Physician,11,Pharmacist,2
100,655,TRUE,R_3nkCayYnVE4xToQ,44.9856,-93.2655,Physician,5,5,5,48,Male,US,20,5,5,5,4,4,3,Low,4,1,5,5,5.5,0,0,0.5,0.5,0,9.5,4.5,NA,0,32.338,47.103,NA,5,2,5,5,5,5,5,3,5,5,5,5,5,1,5,3,3,3,1,1,1,1,5,1,5,5,5,5,1,5,5,5,5,1,1,1,1,4.333333333333333,4.555555555555555,1,1,1,1,What + Why + How,What + Why + How,Attending,Physician,7.5,Physician,1
100,655,TRUE,R_3nkCayYnVE4xToQ,44.9856,-93.2655,Physician,5,5,5,48,Male,US,20,5,5,5,4,4,3,High,4,2,10,10,9,0,0,1,1,0,9,1,TRUE,0,72.46,34.148,NA,5,3,5,5,5,5,5,5,5,5,5,5,5,5,5,1,1,1,1,5,5,5,5,5,5,5,5,5,5,5,5,5,5,3,1,1,0,4.333333333333333,5,1.6666666666666667,1,1,1,What + Why + How,What + Why + How,Attending,Physician,11,Physician,2
100,1109,TRUE,R_3psFeSSOM2LALR1,42.9908,-75.962,Pharmacist,4,4,4,32,Male,US,8,4,3,4,4,4,4,Low,1,1,4,4,5.5,0,0,1.5,1.5,0,9.5,5.5,NA,0,58.332,25.049,NA,2,1,1,4,2,1,1,1,4,1,1,3,1,1,1,1,1,1,1,1,2,1,4,1,2,2,1,2,1,2,1,3,1,1,1,1,10,3.8333333333333335,1.6666666666666667,1,0,0,0,Global Only,Global,Non-Physician,Non-Physician,7.5,Pharmacist,1
100,1109,TRUE,R_3psFeSSOM2LALR1,42.9908,-75.962,Pharmacist,4,4,4,32,Male,US,8,4,3,4,4,4,4,High,1,2,9,9,9,0,0,0,0,0,9,0,TRUE,NA,46.739,9.047,NA,2,2,2,5,1,4,4,2,2,2,4,4,2,4,4,3,3,3,4,5,5,4,5,4,4,2,3,3,3,2,2,5,5,4,4,4,90,3.8333333333333335,3.2222222222222223,4,0,0,0,Global Only,Global,Non-Physician,Non-Physician,11,Pharmacist,2
100,1334,TRUE,R_1MS8dTPddp88Wkf,30.4062,-87.2182,Pharmacist,5,5,4,28,Female,US,3,4,5,5,4,4,5,High,3,1,6,6,5.5,0,0,0.5,0.5,0,5.5,0.5,TRUE,0,106.802,100.145,I used my own process and then compared it to that of the AI. I felt as though the AI provided me more reassurance than direction.,5,4,4,4,2,2,4,3,5,5,5,5,3,5,5,4,2,5,5,4,4,2,5,5,4,2,2,1,1,2,1,4,4,3,3,1,29,4.5,2.3333333333333335,2.3333333333333335,1,1,0,What or What/Why,What + Why,Non-Physician,Non-Physician,7.5,Pharmacist,1
100,1334,TRUE,R_1MS8dTPddp88Wkf,30.4062,-87.2182,Pharmacist,5,5,4,28,Female,US,3,4,5,5,4,4,5,Low,3,2,10,10,9,0,0,1,1,0,13,3,NA,0,196.989,76.447,"I felt with this patient specifically, there was not enough information about diet and lifestyle to rely on AI.",5,4,4,4,2,1,4,2,5,5,4,1,5,5,5,4,4,4,5,2,2,2,4,4,4,2,2,1,1,2,2,2,2,2,2,1,7,4.5,2,1.6666666666666667,1,1,0,What or What/Why,What + Why,Non-Physician,Non-Physician,11,Pharmacist,2
100,1004,TRUE,R_UiGwNWd4mT6pKeJ,44.1552,-93.9961,Physician,5,5,1,44,Female,US,17,4,4,1,1,4,2,Low,3,1,3,3,5.5,0,0,2.5,2.5,0,9.5,6.5,NA,0,214.714,57.221,NA,5,4,4,4,4,2,4,4,1,1,2,3,1,1,1,2,2,2,1,2,4,3,4,4,2,2,1,2,3,2,2,2,2,1,1,1,0,2.6666666666666665,2,1,1,1,0,What or What/Why,What + Why,Attending,Physician,7.5,Physician,1
100,1004,TRUE,R_UiGwNWd4mT6pKeJ,44.1552,-93.9961,Physician,5,5,1,44,Female,US,17,4,4,1,1,4,2,High,3,2,9,10,9,-1,1,1,0,1,9,1,TRUE,1,203.062,19.68,NA,4,4,2,4,2,4,4,2,4,4,4,2,2,4,4,4,4,4,4,4,4,2,4,4,2,2,4,2,2,2,4,4,4,3,1,1,52,2.6666666666666665,2.888888888888889,1.6666666666666667,1,1,0,What or What/Why,What + Why,Attending,Physician,11,Physician,2
100,718,TRUE,R_3NL3fUhRtfgDExv,38.0321,-78.489,Pharmacist,4,4,4,35,Female,US,12,4,3,4,4,3,4,High,2,1,5.5,5,5.5,0.5,0.5,0.5,0,0.5,5.5,0.5,TRUE,1,163.025,36.599,I don't manage warfarin in my daily practice and haven't in many years so I don't feel confident at all in my own abilities.  I needed to see rationale from the AI system to help refresh and guide my thinking.,3,4,4,4,2,3,4,4,4,4,4,5,2,4,4,3,4,4,4,4,4,2,3,4,3,2,3,1,2,2,4,3,4,3,3,4,67,3.6666666666666665,2.6666666666666665,3.3333333333333335,1,0,0,What or What/Why,What,Non-Physician,Non-Physician,7.5,Pharmacist,1
100,718,TRUE,R_3NL3fUhRtfgDExv,38.0321,-78.489,Pharmacist,4,4,4,35,Female,US,12,4,3,4,4,3,4,Low,2,2,10,10,9,0,0,1,1,0,13,3,NA,0,57.359,41.308,"I haven't managed warfarin in many years and do not in my clinical care, so I needed rationale from the AI system to help guide my thinking.",4,4,4,4,2,4,4,4,4,4,4,4,4,4,4,4,4,4,4,4,4,2,4,3,2,2,3,1,1,2,3,4,4,3,4,3,65,3.6666666666666665,2.4444444444444446,3.3333333333333335,1,0,0,What or What/Why,What,Non-Physician,Non-Physician,11,Pharmacist,2
100,1567,TRUE,R_1qUQegXNv4GlgxZ,41.6941,-91.5939,Physician,3,2,3,54,Male,US,28,5,4,4,4,4,4,High,1,1,5,5,5.5,0,0,0.5,0.5,0,5.5,0.5,TRUE,0,91.901,29.05,I am not familiar with the system so I am still testing it against my experience until I get comfortable with it.,3,3,2,2,2,2,4,2,2,2,4,4,1,2,2,2,2,2,2,4,4,4,4,4,4,4,4,4,4,4,4,5,5,4,3,3,5,4.166666666666667,4.222222222222222,3.3333333333333335,0,0,0,Global Only,Global,Attending,Physician,7.5,Physician,1
100,1567,TRUE,R_1qUQegXNv4GlgxZ,41.6941,-91.5939,Physician,3,2,3,54,Male,US,28,5,4,4,4,4,4,Low,1,2,10,10,9,0,0,1,1,0,13,3,NA,0,141.369,52.225,It seemed to be flawed.,2,2,2,2,2,2,4,2,1,2,3,4,1,1,2,2,2,1,1,2,4,4,4,2,3,4,4,4,4,4,3,4,4,1,1,2,0,4.166666666666667,3.7777777777777777,1.3333333333333333,0,0,0,Global Only,Global,Attending,Physician,11,Physician,2
100,1525,TRUE,R_3MaOzTtpdfYUjFG,34.1526,-118.267,Pharmacist,4,4,4,50,Male,US,29,4,3,4,4,4,4,High,2,1,2.5,2.5,5.5,0,0,3,3,0,5.5,3,TRUE,0,140.456,69.456,"The feedback provided doesn't allow the practitioner to understand how AI arrived at it's decision.  So when the AI recommendation doesn't align with clinical judgment, one would defer to clinical judgment and not the AI recommendation.  There was also some ambiguity as to what the ""best dose"" was supposed to be based upon - if a pt had a confirmed INR of almost 7 that was not a lab-mediated interaction error, the next warfarin dose would be zero or close to it.  But I answered based on the assumption the question was asking for what I thought would be an appropriate dose chronically to achieve the INR goal (hopefully this was the correct context).",2,2,1,1,2,1,2,1,1,4,2,5,1,1,1,1,2,1,1,1,2,2,4,2,3,2,2,5,5,2,4,3,2,1,2,1,20,3.8333333333333335,3.111111111111111,1.3333333333333333,1,0,0,What or What/Why,What,Non-Physician,Non-Physician,7.5,Pharmacist,1
100,1525,TRUE,R_3MaOzTtpdfYUjFG,34.1526,-118.267,Pharmacist,4,4,4,50,Male,US,29,4,3,4,4,4,4,Low,2,2,9,9,9,0,0,0,0,0,13,4,NA,0,125.034,32.718,"Same issues as with the first case. Not understanding the process by which AI2 arrived at it's decision, the practitioner would defer to their clinical judgment.",1,1,1,1,2,1,2,1,2,4,2,5,1,1,1,1,1,1,2,1,2,2,4,2,3,2,2,5,5,2,3,2,2,2,1,2,20,3.8333333333333335,2.888888888888889,1.6666666666666667,1,0,0,What or What/Why,What,Non-Physician,Non-Physician,11,Pharmacist,2
100,638,TRUE,R_55XdiwNeIvuxitX,-43.5195,172.6165,Physician,5,5,5,60,Male,Ex-US,34,4,4,5,5,4,4,High,4,1,5,10,5.5,-5,5,4.5,0.5,4,5.5,4.5,TRUE,1.1111111111111112,39.795,22.801,seems logical to include the co-factors,4,4,5,5,4,4,4,5,5,5,5,5,3,4,4,4,3,4,3,2,4,3,5,4,2,3,3,1,2,3,4,5,4,4,4,4,85,4.333333333333333,3,4,1,1,1,What + Why + How,What + Why + How,Attending,Physician,7.5,Physician,1
100,638,TRUE,R_55XdiwNeIvuxitX,-43.5195,172.6165,Physician,5,5,5,60,Male,Ex-US,34,4,4,5,5,4,4,Low,4,2,13,5,9,8,8,4,4,0,13,8,NA,1,37.601,12.6,NA,5,4,5,5,4,4,4,5,5,4,5,5,5,4,4,3,3,4,3,4,4,4,4,4,1,2,1,1,3,2,4,5,4,5,4,4,96,4.333333333333333,2.5555555555555554,4.333333333333333,1,1,1,What + Why + How,What + Why + How,Attending,Physician,11,Physician,2
100,1214,TRUE,R_129F4kGptRa6dir,44.9548,-93.1551,Pharmacist,1,2,1,40,Female,US,17,4,4,4,4,4,4,Low,1,1,6.5,6.5,5.5,0,0,1,1,0,9.5,3,NA,0,117.329,147.905,You absolutely would not increase a dose of warfarin with an INR of 6.79.,1,1,3,3,3,1,1,1,1,1,3,3,1,1,1,1,1,1,1,1,3,3,1,1,5,5,5,5,5,5,1,3,3,1,1,2,0,4,4.111111111111111,1.3333333333333333,0,0,0,Global Only,Global,Non-Physician,Non-Physician,7.5,Pharmacist,1
100,1214,TRUE,R_129F4kGptRa6dir,44.9548,-93.1551,Pharmacist,1,2,1,40,Female,US,17,4,4,4,4,4,4,High,1,2,10,10,9,0,0,1,1,0,9,1,TRUE,0,339.488,10.563,At least this one decreased the dose when the dose should be decreased.  But there was no explanation - was I missing something?,1,1,2,1,1,1,1,1,1,1,1,3,1,1,1,1,1,1,1,4,1,3,1,1,5,5,3,5,5,5,5,5,5,3,2,2,0,4,4.777777777777778,2.3333333333333335,0,0,0,Global Only,Global,Non-Physician,Non-Physician,11,Pharmacist,2
100,4179,TRUE,R_C4y8xrVSjUoSXkJ,35.7866,-84.2181,Midlevel Provider,5,5,5,71,Female,US,35,4,3,4,4,4,4,Low,4,1,9.5,5,5.5,4.5,4.5,0.5,4,-3.5,9.5,4.5,NA,1,250.77,92.615,The AI recommendation was confusing.,4,4,4,4,2,4,3,2,4,4,4,4,2,4,4,4,4,4,3,2,2,2,4,3,2,2,2,4,2,2,2,2,2,3,2,1,51,3.8333333333333335,2.2222222222222223,2,1,1,1,What + Why + How,What + Why + How,Non-Physician,Non-Physician,7.5,Midlevel Provider,1
100,4179,TRUE,R_C4y8xrVSjUoSXkJ,35.7866,-84.2181,Midlevel Provider,5,5,5,71,Female,US,35,4,3,4,4,4,4,High,4,2,10,11,9,-1,1,2,1,1,9,2,TRUE,0.5,301.282,44.313,considered output along with my own conclusions.,4,4,4,4,2,4,4,4,2,4,4,4,2,4,4,4,4,4,4,4,4,3,4,4,4,2,2,2,4,2,4,4,4,2,2,2,51,3.8333333333333335,3.111111111111111,2,1,1,1,What + Why + How,What + Why + How,Non-Physician,Non-Physician,11,Midlevel Provider,2
100,1418,TRUE,R_0IiMYAPx0isYGMp,41.7441,-91.6132,Pharmacist,4,1,1,29,Female,US,2,3,3,4,4,3,3,Low,2,1,6,6.5,5.5,-0.5,0.5,1,0.5,0.5,9.5,3,NA,0.16666666666666666,166.584,48.101,When I saw that the AI system was recommending a dose INCREASE in the setting of supratherapeutic INR I laughed incredulously and became immediately distrustful of the system. I completely ignored it.,1,1,1,1,2,1,2,1,1,1,1,4,1,1,1,1,1,1,1,2,1,1,3,1,5,3,1,4,4,2,4,1,1,1,1,1,0,3.3333333333333335,2.7777777777777777,1,1,0,0,What or What/Why,What,Non-Physician,Non-Physician,7.5,Pharmacist,1
100,1418,TRUE,R_0IiMYAPx0isYGMp,41.7441,-91.6132,Pharmacist,4,1,1,29,Female,US,2,3,3,4,4,3,3,High,2,2,10.5,10.5,9,0,0,1.5,1.5,0,9,1.5,TRUE,0,178.358,26.537,"This represents nearly a 20% dose reduction which is far too much since INR was only mildly supratherapeutic. In balancing risk benefit of a 5 - 15% dose change, I would err on the lower end of 5% due to APL syndrome and the associated clot risk if we over-reduce the dose. I was distrustful of the system for recommending such a large dose decrease. However, I was considering reduction to 10.5 mg vs 10 mg, and seeing that the AI system did choose such a large reduction made me question whether I should have chosen 10 mg instead of 10.5 mg.",1,1,1,1,2,1,2,1,1,1,2,4,1,2,1,2,3,2,2,3,2,4,3,4,3,4,2,5,5,2,4,3,2,2,2,2,31,3.3333333333333335,3.3333333333333335,2,1,0,0,What or What/Why,What,Non-Physician,Non-Physician,11,Pharmacist,2
100,821,TRUE,R_1H66LAKjXGJBSmt,37.751,-97.822,Physician,3,4,3,32,Female,US,6,3,2,2,2,1,1,High,2,1,4.5,3.5,5.5,1,1,2,1,1,5.5,2,TRUE,0.5,185.164,18.532,Because it did not explain how it weighed different factors and didn’t provide literature on how cannabinoids affect Coumadin I wasn’t sure I could rely on it,5,4,4,4,5,3,4,5,2,2,3,4,2,3,3,1,1,1,1,1,1,2,3,3,2,1,1,5,1,3,3,2,2,1,1,1,64,1.8333333333333333,2.2222222222222223,1,1,0,0,What or What/Why,What,Attending,Physician,7.5,Physician,1
100,821,TRUE,R_1H66LAKjXGJBSmt,37.751,-97.822,Physician,3,4,3,32,Female,US,6,3,2,2,2,1,1,Low,2,2,8,8,9,0,0,1,1,0,13,5,NA,0,80.773,19.029,The choice it made made no sense so I ignored it.,3,3,3,3,3,3,3,3,3,3,3,3,3,3,3,3,3,3,3,3,3,3,3,3,3,3,3,3,3,3,3,3,3,2,2,2,21,1.8333333333333333,3,2,1,0,0,What or What/Why,What,Attending,Physician,11,Physician,2
100,2688,TRUE,R_3MM2jp4ybHwe1al,46.7998,-92.0907,Physician,4,4,2,69,Male,US,39,4,4,4,4,4,4,Low,2,1,2.5,2.5,5.5,0,0,3,3,0,9.5,7,NA,0,69.842,62.252,"Had no idea how AI developed their recommendation. Actually, seemed opposite of what seemed logical.",2,2,2,4,2,2,1,2,3,1,2,3,2,2,2,2,2,2,1,1,2,2,4,3,4,2,2,2,2,2,1,4,3,1,2,2,20,4,2.4444444444444446,1.6666666666666667,1,0,0,What or What/Why,What,Attending,Physician,7.5,Physician,1
100,2688,TRUE,R_3MM2jp4ybHwe1al,46.7998,-92.0907,Physician,4,4,2,69,Male,US,39,4,4,4,4,4,4,High,2,2,9,10,9,-1,1,1,0,1,9,1,TRUE,1,153.125,29.759,At least the recommendation for dosage seemed logical.,2,2,2,2,2,1,2,1,2,2,2,3,2,2,1,2,1,2,2,4,3,3,4,2,4,2,1,2,2,2,2,2,2,3,2,2,70,4,2.111111111111111,2.3333333333333335,1,0,0,What or What/Why,What,Attending,Physician,11,Physician,2
100,1470,TRUE,R_3qIMrmvtyP7pGbl,41.6435,-91.5685,Physician,2,1,1,62,Male,US,34,4,4,4,4,4,4,Low,1,1,5,5,5.5,0,0,0.5,0.5,0,9.5,4.5,NA,0,110.807,46.41,I thought the system was not considering all of the data and drugs involved in the case,2,1,2,2,1,1,1,1,1,1,1,3,1,1,1,1,1,1,2,1,1,1,1,1,4,2,2,2,2,2,2,3,1,2,1,1,10,4,2.2222222222222223,1.3333333333333333,0,0,0,Global Only,Global,Attending,Physician,7.5,Physician,1
100,1470,TRUE,R_3qIMrmvtyP7pGbl,41.6435,-91.5685,Physician,2,1,1,62,Male,US,34,4,4,4,4,4,4,High,1,2,9,10,9,-1,1,1,0,1,9,1,TRUE,1,171.3,29.681,The recommendation was close to mine and made clinical sense,3,2,2,4,2,2,4,2,2,1,1,4,2,2,2,4,4,3,3,4,4,4,2,2,4,2,2,2,2,2,2,4,1,3,3,3,70,4,2.3333333333333335,3,0,0,0,Global Only,Global,Attending,Physician,11,Physician,2
100,1344,TRUE,R_1IaqtjbHdQ0znG7,40.7681,-73.8291,Midlevel Provider,2,4,4,47,Female,US,4,5,5,5,5,5,4,Low,1,1,5,5,5.5,0,0,0.5,0.5,0,9.5,4.5,NA,0,270.568,38.983,"I made decision first, then compared it with the AI output",2,3,2,2,3,2,3,1,4,2,3,5,2,2,2,2,2,3,3,2,3,2,4,3,4,2,2,1,4,3,5,3,3,1,1,3,8,4.833333333333333,3,1.6666666666666667,0,0,0,Global Only,Global,Non-Physician,Non-Physician,7.5,Midlevel Provider,1
100,1344,TRUE,R_1IaqtjbHdQ0znG7,40.7681,-73.8291,Midlevel Provider,2,4,4,47,Female,US,4,5,5,5,5,5,4,High,1,2,9,9,9,0,0,0,0,0,9,0,TRUE,NA,61.1,19.741,I made decision before considering AI output,4,4,3,4,3,4,4,4,4,3,3,4,2,4,3,3,4,4,4,4,4,4,4,4,3,2,4,2,3,4,4,4,4,4,2,3,29,4.833333333333333,3.3333333333333335,3,0,0,0,Global Only,Global,Non-Physician,Non-Physician,11,Midlevel Provider,2
100,2291,TRUE,R_XLDP4NzLK0EGpc5,41.6435,-91.5685,Physician,5,5,4,84,Male,US,60,4,3,4,4,3,4,High,3,1,5.5,5,5.5,0.5,0.5,0.5,0,0.5,5.5,0.5,TRUE,1,88.678,52.75,The recommendations from the AI system were pretty close to my own guess and seemed reasonable.  (I am not an expert in the impact of pharmacodynamic impacts of CBD.),5,5,5,5,3,5,4,5,5,4,5,4,3,5,5,2,5,4,4,4,5,5,5,5,5,2,3,1,4,3,4,5,5,4,4,4,81,3.6666666666666665,3.5555555555555554,4,1,1,0,What or What/Why,What + Why,Attending,Physician,7.5,Physician,1
100,2291,TRUE,R_XLDP4NzLK0EGpc5,41.6435,-91.5685,Physician,5,5,4,84,Male,US,60,4,3,4,4,3,4,Low,3,2,11,10,9,1,1,1,2,-1,13,3,NA,0.3333333333333333,260.915,46.087,"The system makes a decision about the average ""optimal"" dose for a new patient, but apparently did not take the patient's past dose history into account.  The INR was above range for the dose that previously resulted in in-range INRs and the dose was pretty high.  I thought that would be imprudent to increase the dose further.  So I chose to reduce the dose a bit and to recheck the INR to see the impact of the change.",5,5,4,5,1,2,5,3,5,4,4,2,3,5,4,4,2,4,4,2,3,2,2,5,3,2,2,2,2,4,4,2,2,3,3,3,51,3.6666666666666665,2.5555555555555554,3,1,1,0,What or What/Why,What + Why,Attending,Physician,11,Physician,2
100,1654,TRUE,R_9YMq6jWK94Zvumt,46.7998,-92.0907,Midlevel Provider,2,4,2,45,Female,US,18,3,2,4,3,4,2,Low,1,1,6.5,6.5,5.5,0,0,1,1,0,9.5,3,NA,0,207.493,50.615,it was illogical,2,3,2,2,2,2,1,2,2,2,2,3,2,2,2,2,2,2,2,2,2,2,2,2,2,2,2,2,3,3,2,2,3,1,1,1,19,3,2.3333333333333335,1,0,0,0,Global Only,Global,Non-Physician,Non-Physician,7.5,Midlevel Provider,1
100,1654,TRUE,R_9YMq6jWK94Zvumt,46.7998,-92.0907,Midlevel Provider,2,4,2,45,Female,US,18,3,2,4,3,4,2,High,1,2,9,10,9,-1,1,1,0,1,9,1,TRUE,1,161.059,18.419,"The dose was different but similar enough given that we have RN dosing this. 
",2,3,2,2,2,2,4,2,2,2,2,3,2,2,2,2,2,2,2,4,4,3,2,4,2,2,3,3,3,3,2,4,3,4,3,2,61,3,2.7777777777777777,3,0,0,0,Global Only,Global,Non-Physician,Non-Physician,11,Midlevel Provider,2
100,687,TRUE,R_1d4Q0uWfMACp6xi,41.7441,-91.6132,Physician,4,4,4,36,Male,US,11,4,4,4,4,5,4,Low,3,1,3.5,3.5,5.5,0,0,2,2,0,9.5,6,NA,0,44.074,46.17,I don’t think the recommendation for dose makes sense,4,4,3,4,2,3,4,2,4,4,4,3,2,4,4,2,2,3,3,2,2,2,3,3,3,2,2,4,4,4,3,2,2,2,1,2,11,4.166666666666667,2.888888888888889,1.6666666666666667,1,1,0,What or What/Why,What + Why,Attending,Physician,7.5,Physician,1
100,687,TRUE,R_1d4Q0uWfMACp6xi,41.7441,-91.6132,Physician,4,4,4,36,Male,US,11,4,4,4,4,5,4,High,3,2,9,9,9,0,0,0,0,0,9,0,TRUE,NA,100.2,16.159,My estimated dose was what the AI gave,4,4,3,3,2,4,4,2,4,4,4,4,2,4,4,4,4,4,4,4,4,4,3,3,4,5,4,3,3,4,2,5,5,4,4,4,90,4.166666666666667,3.888888888888889,4,1,1,0,What or What/Why,What + Why,Attending,Physician,11,Physician,2
100,1458,TRUE,R_1C4908csR7qbTqh,41.6635,-90.5634,Physician,2,4,4,36,Male,US,10,3,2,2,3,2,1,Low,4,1,5,5,5.5,0,0,0.5,0.5,0,9.5,4.5,NA,0,157.245,93.286,"I think I must have missed something in this case.  If the patient was taking 7.5 mg, and now has a supratherapeutic INR, why would I increase the dose?  I apologize if I didn't read the case carefully enough, but it seems obvious that the dose should be decreased, and once the AI recommended a sizable increase, I didn't trust it at all.",1,2,5,2,2,1,1,2,2,3,2,3,1,1,1,1,1,1,1,1,1,1,3,2,3,2,2,3,5,3,3,2,3,1,1,1,0,2.1666666666666665,2.888888888888889,1,1,1,1,What + Why + How,What + Why + How,Attending,Physician,7.5,Physician,1
100,1458,TRUE,R_1C4908csR7qbTqh,41.6635,-90.5634,Physician,2,4,4,36,Male,US,10,3,2,2,3,2,1,High,4,2,9.5,10,9,-0.5,0.5,1,0.5,0.5,9,1,TRUE,0.5,384.798,23.236,"I said 10 initially, AI said 9, so I then went with 9.5.  I would definitely want to see this system in action for a while before I believed anything it recommended.  Do these algorithms account for previous dose information?  It seems that was not a major component of the explanation, and I would have thought it would be a major predictor.",3,3,3,3,3,3,3,3,2,3,2,3,3,1,3,3,3,3,3,4,2,3,3,3,3,3,3,3,3,3,3,3,3,2,1,1,25,2.1666666666666665,3,1.3333333333333333,1,1,1,What + Why + How,What + Why + How,Attending,Physician,11,Physician,2
100,460,TRUE,R_tLJLIWtzIecHPvb,41.7441,-91.6132,Physician,4,5,4,48,Male,US,10,4,4,4,4,4,4,High,4,1,5,5,5.5,0,0,0.5,0.5,0,5.5,0.5,TRUE,0,27.257,26.455,considered its input,3,4,4,4,4,2,2,4,4,4,4,2,3,4,4,5,4,2,2,2,2,2,4,4,2,2,4,2,2,2,4,4,3,2,3,3,57,4,2.7777777777777777,2.6666666666666665,1,1,1,What + Why + How,What + Why + How,Attending,Physician,7.5,Physician,1
100,460,TRUE,R_tLJLIWtzIecHPvb,41.7441,-91.6132,Physician,4,5,4,48,Male,US,10,4,4,4,4,4,4,Low,4,2,12,7,9,5,5,2,3,-1,13,6,NA,0.8333333333333334,36.634,23.039,NA,2,1,1,1,2,4,4,2,4,4,4,2,2,4,4,4,4,4,4,4,4,2,4,4,2,2,4,2,2,2,4,4,5,2,4,5,61,4,3,3.6666666666666665,1,1,1,What + Why + How,What + Why + How,Attending,Physician,11,Physician,2
100,4507,TRUE,R_21A1IMquCdH65Kf,41.7441,-91.6132,Physician,4,4,4,66,Female,US,33,4,2,4,4,3,4,Low,4,1,6,6,5.5,0,0,0.5,0.5,0,9.5,3.5,NA,0,76.199,87.656,"With the valve replacement the INR should be higher than 3.0. That is why I did not increase the coumadin. Also, in clinical practice, usually a change in dose is followed a few days later by rechecking the INR.",1,1,3,3,4,4,3,4,4,4,2,4,2,2,2,1,1,2,4,1,2,2,4,2,4,1,1,2,2,4,2,2,2,1,2,2,20,3.5,2.2222222222222223,1.6666666666666667,1,1,1,What + Why + How,What + Why + How,Attending,Physician,7.5,Physician,1
100,4507,TRUE,R_21A1IMquCdH65Kf,41.7441,-91.6132,Physician,4,4,4,66,Female,US,33,4,2,4,4,3,4,High,4,2,9,9,9,0,0,0,0,0,9,0,TRUE,NA,130.003,44.744,"not sure I really considered it. Need to state which way the phospholipid antibodies relate to the need for warfarin. Similarly, with the CBD on board.",4,4,4,3,4,4,2,3,1,2,3,5,5,3,4,4,4,2,2,3,2,3,4,5,4,4,1,2,4,3,2,4,2,4,3,3,19,3.5,2.888888888888889,3.3333333333333335,1,1,1,What + Why + How,What + Why + How,Attending,Physician,11,Physician,2
100,1502,TRUE,R_2fHjAoUidfr96mE,41.8874,-87.6318,Physician,5,1,5,66,Male,US,42,4,4,4,4,4,4,High,4,1,5.5,5,5.5,0.5,0.5,0.5,0,0.5,5.5,0.5,TRUE,1,85.686,73.055,My own dose was a guesstimate. I assumed AI-1 would be more accurate than my guess.,4,4,4,5,4,2,2,5,2,4,5,5,2,1,2,5,4,4,1,4,4,5,5,4,5,2,2,4,4,2,3,5,3,4,4,3,76,4,3.3333333333333335,3.6666666666666665,1,1,1,What + Why + How,What + Why + How,Attending,Physician,7.5,Physician,1
100,1502,TRUE,R_2fHjAoUidfr96mE,41.8874,-87.6318,Physician,5,1,5,66,Male,US,42,4,4,4,4,4,4,Low,4,2,9,9,9,0,0,0,0,0,13,4,NA,0,183.851,50.277,"The AI-2 recommendation conflicted with my own choice and nothing about the bases provided persuaded me that the AI ""knew"" something I didn't. It simply seemed ""illogical"" so, although I reconsidered my dose, in the end I stuck with it, judging that the AI had erred.",5,5,5,5,5,4,4,5,4,4,4,5,2,4,2,4,4,2,1,2,2,4,4,1,4,2,1,4,4,2,3,4,2,2,2,2,30,4,2.888888888888889,2,1,1,1,What + Why + How,What + Why + How,Attending,Physician,11,Physician,2
100,1099,TRUE,R_UsbQJT0WgyeGOCR,41.7441,-91.6132,Physician,4,3,4,41,Male,US,15,5,5,5,4,3,4,High,2,1,5,3,5.5,2,2,2.5,0.5,2,5.5,2.5,TRUE,0.8,287.131,20.875,NA,2,2,2,2,2,2,3,2,2,2,2,3,1,2,2,2,3,2,2,2,2,2,4,2,1,1,1,2,2,2,1,2,2,3,2,4,10,4.333333333333333,1.5555555555555556,3,1,0,0,What or What/Why,What,Attending,Physician,7.5,Physician,1
100,1099,TRUE,R_UsbQJT0WgyeGOCR,41.7441,-91.6132,Physician,4,3,4,41,Male,US,15,5,5,5,4,3,4,Low,2,2,8,8,9,0,0,1,1,0,13,5,NA,0,59.813,44.274,NA,1,1,2,1,1,1,1,1,4,2,2,3,2,2,1,1,3,2,2,1,1,1,2,1,1,3,4,3,3,3,1,4,1,1,1,4,0,4.333333333333333,2.5555555555555554,2,1,0,0,What or What/Why,What,Attending,Physician,11,Physician,2
90,1383,FALSE,R_1K6XHFJN3OqvJu7,NA,NA,Nurse,4,4,4,NA,NA,Ex-US,NA,NA,NA,NA,NA,NA,NA,Low,3,1,9.5,5.5,5.5,4,4,0,4,-4,9.5,4,NA,1,806.025,90.237,NA,4,NA,4,4,3,2,4,3,4,4,4,2,2,4,4,4,4,4,4,4,4,2,4,4,2,3,3,3,3,3,3,3,3,4,3,3,62,NA,2.888888888888889,3.3333333333333335,1,1,0,What or What/Why,What + Why,Non-Physician,Non-Physician,7.5,Nurse,1
90,1383,FALSE,R_1K6XHFJN3OqvJu7,NA,NA,Nurse,4,4,4,NA,NA,Ex-US,NA,NA,NA,NA,NA,NA,NA,High,3,2,9,9,9,0,0,0,0,0,9,0,TRUE,NA,8.571,74.603,NA,3,3,3,3,3,3,3,3,3,3,3,3,3,3,3,3,3,3,3,3,3,3,3,3,3,3,3,3,3,3,3,3,3,3,3,3,63,NA,3,3,1,1,0,What or What/Why,What + Why,Non-Physician,Non-Physician,11,Nurse,2
71,547,FALSE,R_1hKoR4tNrtGDCja,NA,NA,Nurse,5,5,4,NA,NA,Ex-US,NA,NA,NA,NA,NA,NA,NA,High,4,1,5.5,6.5,5.5,-1,1,1,0,1,5.5,1,TRUE,1,90.781,42.463,Seemed accurate and thorough but I don't write prescriptions,5,NA,NA,NA,NA,NA,NA,NA,NA,NA,NA,NA,NA,NA,NA,NA,NA,NA,NA,NA,NA,NA,NA,NA,NA,NA,NA,NA,NA,NA,NA,NA,NA,4,NA,NA,99,NA,NA,NA,1,1,1,What + Why + How,What + Why + How,Non-Physician,Non-Physician,7.5,Nurse,1
71,547,FALSE,R_1hKoR4tNrtGDCja,NA,NA,Nurse,5,5,4,NA,NA,Ex-US,NA,NA,NA,NA,NA,NA,NA,Low,4,2,13,9,9,4,4,0,4,-4,13,4,NA,1,97.646,37.114,NA,NA,NA,NA,NA,NA,NA,NA,NA,NA,NA,NA,NA,NA,NA,NA,NA,NA,NA,NA,NA,NA,NA,NA,NA,NA,NA,NA,NA,NA,NA,NA,NA,NA,NA,NA,NA,NA,NA,NA,NA,1,1,1,What + Why + How,What + Why + How,Non-Physician,Non-Physician,11,Nurse,2
71,409,FALSE,R_XzCUcDVaXw5fKWB,NA,NA,Pharmacist,5,5,5,NA,NA,Ex-US,NA,NA,NA,NA,NA,NA,NA,High,3,1,5.5,6,5.5,-0.5,0.5,0.5,0,0.5,5.5,0.5,TRUE,1,72.568,21.776,It was close to my clinical decision so I went with it,4,NA,NA,NA,NA,NA,NA,NA,NA,NA,NA,NA,NA,NA,NA,NA,NA,NA,NA,NA,NA,NA,NA,NA,NA,NA,NA,NA,NA,NA,NA,NA,NA,4,4,3,75,NA,NA,3.6666666666666665,1,1,0,What or What/Why,What + Why,Non-Physician,Non-Physician,7.5,Pharmacist,1
71,409,FALSE,R_XzCUcDVaXw5fKWB,NA,NA,Pharmacist,5,5,5,NA,NA,Ex-US,NA,NA,NA,NA,NA,NA,NA,Low,3,2,13,9,9,4,4,0,4,-4,13,4,NA,1,138.929,10.393,NA,NA,NA,NA,NA,NA,NA,NA,NA,NA,NA,NA,NA,NA,NA,NA,NA,NA,NA,NA,NA,NA,NA,NA,NA,NA,NA,NA,NA,NA,NA,NA,NA,NA,NA,NA,NA,NA,NA,NA,NA,1,1,0,What or What/Why,What + Why,Non-Physician,Non-Physician,11,Pharmacist,2
71,476,FALSE,R_3sog9veFK7BdOrz,NA,NA,Midlevel Provider,4,4,4,NA,NA,Ex-US,NA,NA,NA,NA,NA,NA,NA,Low,3,1,4,2.5,5.5,1.5,1.5,3,1.5,1.5,9.5,7,NA,0.21428571428571427,58.73,32.346,Recommendation .  Not able to know all info,2,3,2,1,2,1,2,2,2,2,1,2,1,4,2,1,4,4,4,1,1,1,1,2,4,2,4,5,2,2,2,5,2,1,1,3,50,NA,3.111111111111111,1.6666666666666667,1,1,0,What or What/Why,What + Why,Non-Physician,Non-Physician,7.5,Midlevel Provider,1
71,476,FALSE,R_3sog9veFK7BdOrz,NA,NA,Midlevel Provider,4,4,4,NA,NA,Ex-US,NA,NA,NA,NA,NA,NA,NA,High,3,2,9,9,9,0,0,0,0,0,9,0,TRUE,NA,64.322,13.085,NA,NA,NA,NA,NA,NA,NA,NA,NA,NA,NA,NA,NA,NA,NA,NA,NA,NA,NA,NA,NA,NA,NA,NA,NA,NA,NA,NA,NA,NA,NA,NA,NA,NA,NA,NA,NA,NA,NA,NA,NA,1,1,0,What or What/Why,What + Why,Non-Physician,Non-Physician,11,Midlevel Provider,2
71,4589,FALSE,R_RfWeFUt6UhfzceR,NA,NA,Midlevel Provider,4,4,4,NA,NA,Ex-US,NA,NA,NA,NA,NA,NA,NA,High,1,1,5.5,5,5.5,0.5,0.5,0.5,0,0.5,5.5,0.5,TRUE,1,1231.803,19.212,NA,5,4,3,4,2,4,4,3,4,4,4,4,3,4,4,3,4,4,4,4,4,4,4,4,4,5,4,4,4,3,4,4,4,3,3,3,99,NA,4,3,0,0,0,Global Only,Global,Non-Physician,Non-Physician,7.5,Midlevel Provider,1
71,4589,FALSE,R_RfWeFUt6UhfzceR,NA,NA,Midlevel Provider,4,4,4,NA,NA,Ex-US,NA,NA,NA,NA,NA,NA,NA,Low,1,2,13,9.5,9,3.5,3.5,0.5,4,-3.5,13,3.5,NA,1,231.145,30.101,NA,NA,NA,NA,NA,NA,NA,NA,NA,NA,NA,NA,NA,NA,NA,NA,NA,NA,NA,NA,NA,NA,NA,NA,NA,NA,NA,NA,NA,NA,NA,NA,NA,NA,NA,NA,NA,NA,NA,NA,NA,0,0,0,Global Only,Global,Non-Physician,Non-Physician,11,Midlevel Provider,2
71,285,FALSE,R_3HoypkSM2bq5OBM,NA,NA,Physician,2,4,4,NA,NA,Ex-US,NA,NA,NA,NA,NA,NA,NA,Low,3,1,5,5,5.5,0,0,0.5,0.5,0,9.5,4.5,NA,0,32.75,15.097,NA,4,4,2,2,4,2,2,2,2,2,2,4,4,2,2,2,2,2,2,2,2,3,2,2,3,2,2,3,2,3,2,3,3,3,3,2,50,NA,2.5555555555555554,2.6666666666666665,1,1,0,What or What/Why,What + Why,Attending,Physician,7.5,Physician,1
71,285,FALSE,R_3HoypkSM2bq5OBM,NA,NA,Physician,2,4,4,NA,NA,Ex-US,NA,NA,NA,NA,NA,NA,NA,High,3,2,9,5,9,4,4,4,0,4,9,4,TRUE,1,32.884,28.39,NA,NA,NA,NA,NA,NA,NA,NA,NA,NA,NA,NA,NA,NA,NA,NA,NA,NA,NA,NA,NA,NA,NA,NA,NA,NA,NA,NA,NA,NA,NA,NA,NA,NA,NA,NA,NA,NA,NA,NA,NA,1,1,0,What or What/Why,What + Why,Attending,Physician,11,Physician,2
71,532,FALSE,R_1rixH3uYdQqS2IC,NA,NA,Physician,5,5,5,NA,NA,Ex-US,NA,NA,NA,NA,NA,NA,NA,High,4,2,9,10.5,9,-1.5,1.5,1.5,0,1.5,9,1.5,TRUE,1,88.299,14.791,NA,NA,NA,NA,NA,NA,NA,NA,NA,NA,NA,NA,NA,NA,NA,NA,NA,NA,NA,NA,NA,NA,NA,NA,NA,NA,NA,NA,NA,NA,NA,NA,NA,NA,NA,NA,NA,NA,NA,NA,NA,1,1,1,What + Why + How,What + Why + How,Attending,Physician,11,Physician,2
71,103701,FALSE,R_01JIUFbcUrhsINz,NA,NA,Nurse,4,5,2,NA,NA,Ex-US,NA,NA,NA,NA,NA,NA,NA,High,3,1,2.5,2.5,5.5,0,0,3,3,0,5.5,3,TRUE,0,73.407,40.564,Considered the input about drug interaction.,3,4,3,4,2,2,3,3,4,4,4,4,3,5,3,4,4,4,4,3,2,2,4,3,2,2,2,3,3,3,3,4,4,3,3,2,30,NA,2.888888888888889,2.6666666666666665,1,1,0,What or What/Why,What + Why,Non-Physician,Non-Physician,7.5,Nurse,1
71,103701,FALSE,R_01JIUFbcUrhsINz,NA,NA,Nurse,4,5,2,NA,NA,Ex-US,NA,NA,NA,NA,NA,NA,NA,Low,3,2,8.5,8.5,9,0,0,0.5,0.5,0,13,4.5,NA,0,136.22,12.989,NA,NA,NA,NA,NA,NA,NA,NA,NA,NA,NA,NA,NA,NA,NA,NA,NA,NA,NA,NA,NA,NA,NA,NA,NA,NA,NA,NA,NA,NA,NA,NA,NA,NA,NA,NA,NA,NA,NA,NA,NA,1,1,0,What or What/Why,What + Why,Non-Physician,Non-Physician,11,Nurse,2
71,1404,FALSE,R_PUqyBqNrDa3bF8l,NA,NA,Midlevel Provider,3,4,3,NA,NA,Ex-US,NA,NA,NA,NA,NA,NA,NA,High,3,1,5.5,7,5.5,-1.5,1.5,1.5,0,1.5,5.5,1.5,TRUE,1,82.945,35.269,NA,4,3,2,4,2,4,4,2,3,3,3,2,1,2,2,1,1,1,1,3,3,3,2,3,3,3,3,3,3,2,2,2,3,2,2,1,60,NA,2.6666666666666665,1.6666666666666667,1,1,0,What or What/Why,What + Why,Non-Physician,Non-Physician,7.5,Midlevel Provider,1
71,1404,FALSE,R_PUqyBqNrDa3bF8l,NA,NA,Midlevel Provider,3,4,3,NA,NA,Ex-US,NA,NA,NA,NA,NA,NA,NA,Low,3,2,10.5,10.5,9,0,0,1.5,1.5,0,13,2.5,NA,0,91.246,27.684,NA,NA,NA,NA,NA,NA,NA,NA,NA,NA,NA,NA,NA,NA,NA,NA,NA,NA,NA,NA,NA,NA,NA,NA,NA,NA,NA,NA,NA,NA,NA,NA,NA,NA,NA,NA,NA,NA,NA,NA,NA,1,1,0,What or What/Why,What + Why,Non-Physician,Non-Physician,11,Midlevel Provider,2
71,5980,FALSE,R_a2xaV7HAihlPuVz,NA,NA,Physician,4,2,2,NA,NA,Ex-US,NA,NA,NA,NA,NA,NA,NA,High,2,2,10,10,9,0,0,1,1,0,9,1,TRUE,0,5187.142,18.062,NA,NA,NA,NA,NA,NA,NA,NA,NA,NA,NA,NA,NA,NA,NA,NA,NA,NA,NA,NA,NA,NA,NA,NA,NA,NA,NA,NA,NA,NA,NA,NA,NA,NA,NA,NA,NA,NA,NA,NA,NA,1,0,0,What or What/Why,What,Attending,Physician,11,Physician,2
71,442,FALSE,R_3CBYhtMUOkOT4ok,NA,NA,Physician,3,3,4,NA,NA,Ex-US,NA,NA,NA,NA,NA,NA,NA,Low,4,1,6,6,5.5,0,0,0.5,0.5,0,9.5,3.5,NA,0,133.472,41.178,NA,4,4,4,4,4,4,4,3,4,4,4,4,4,4,4,3,4,4,4,3,4,3,4,4,2,2,2,2,3,2,4,4,4,3,3,1,40,NA,2.7777777777777777,2.3333333333333335,1,1,1,What + Why + How,What + Why + How,Attending,Physician,7.5,Physician,1
71,442,FALSE,R_3CBYhtMUOkOT4ok,NA,NA,Physician,3,3,4,NA,NA,Ex-US,NA,NA,NA,NA,NA,NA,NA,High,4,2,9,10,9,-1,1,1,0,1,9,1,TRUE,1,46.633,6.054,NA,NA,NA,NA,NA,NA,NA,NA,NA,NA,NA,NA,NA,NA,NA,NA,NA,NA,NA,NA,NA,NA,NA,NA,NA,NA,NA,NA,NA,NA,NA,NA,NA,NA,NA,NA,NA,NA,NA,NA,NA,1,1,1,What + Why + How,What + Why + How,Attending,Physician,11,Physician,2
71,487,FALSE,R_2Cv2Dtag3svL3JC,NA,NA,Pharmacist,3,4,3,NA,NA,Ex-US,NA,NA,NA,NA,NA,NA,NA,High,1,2,5,5,9,0,0,4,4,0,9,4,TRUE,0,50.06,6.455,NA,NA,NA,NA,NA,NA,NA,NA,NA,NA,NA,NA,NA,NA,NA,NA,NA,NA,NA,NA,NA,NA,NA,NA,NA,NA,NA,NA,NA,NA,NA,NA,NA,NA,NA,NA,NA,NA,NA,NA,NA,0,0,0,Global Only,Global,Non-Physician,Non-Physician,11,Pharmacist,2
71,847,FALSE,R_33kcx3tzwLWSqnc,NA,NA,Midlevel Provider,3,2,3,NA,NA,Ex-US,NA,NA,NA,NA,NA,NA,NA,High,4,1,5,5,5.5,0,0,0.5,0.5,0,5.5,0.5,TRUE,0,81.762,68.332,"Well, initially I used my own clinical judgement and was close to the AI. However, I feel that I would consider the recommendatio from AI but would rather be more cautious than soley relying on AI in regards to patient safety being the forefront in my mind.",4,4,4,4,2,3,4,3,4,4,4,2,3,3,3,3,4,4,4,4,4,3,4,4,2,3,4,2,3,3,3,4,4,2,3,3,40,NA,3.111111111111111,2.6666666666666665,1,1,1,What + Why + How,What + Why + How,Non-Physician,Non-Physician,7.5,Midlevel Provider,1
71,847,FALSE,R_33kcx3tzwLWSqnc,NA,NA,Midlevel Provider,3,2,3,NA,NA,Ex-US,NA,NA,NA,NA,NA,NA,NA,Low,4,2,10,8,9,2,2,1,1,0,13,5,NA,0.4,122.164,34.824,NA,NA,NA,NA,NA,NA,NA,NA,NA,NA,NA,NA,NA,NA,NA,NA,NA,NA,NA,NA,NA,NA,NA,NA,NA,NA,NA,NA,NA,NA,NA,NA,NA,NA,NA,NA,NA,NA,NA,NA,NA,1,1,1,What + Why + How,What + Why + How,Non-Physician,Non-Physician,11,Midlevel Provider,2
71,1185,FALSE,R_2D2ADvQyJa2v4wX,NA,NA,Physician,5,5,4,NA,NA,Ex-US,NA,NA,NA,NA,NA,NA,NA,Low,3,1,5,5,5.5,0,0,0.5,0.5,0,9.5,4.5,NA,0,244.845,77.235,AI recommendation did not make sense given the elevated INR and a recommendation to increase warfarin,2,2,4,4,5,4,4,2,4,4,4,4,2,4,2,4,4,2,2,1,1,1,4,1,2,2,2,1,4,4,2,2,2,3,2,2,19,NA,2.3333333333333335,2.3333333333333335,1,1,0,What or What/Why,What + Why,Attending,Physician,7.5,Physician,1
71,1185,FALSE,R_2D2ADvQyJa2v4wX,NA,NA,Physician,5,5,4,NA,NA,Ex-US,NA,NA,NA,NA,NA,NA,NA,High,3,2,9.5,10,9,-0.5,0.5,1,0.5,0.5,9,1,TRUE,0.5,77.313,51.125,NA,NA,NA,NA,NA,NA,NA,NA,NA,NA,NA,NA,NA,NA,NA,NA,NA,NA,NA,NA,NA,NA,NA,NA,NA,NA,NA,NA,NA,NA,NA,NA,NA,NA,NA,NA,NA,NA,NA,NA,NA,1,1,0,What or What/Why,What + Why,Attending,Physician,11,Physician,2
71,759,FALSE,R_26gzYf2zUHwehJE,NA,NA,Physician,4,4,2,NA,NA,Ex-US,NA,NA,NA,NA,NA,NA,NA,Low,1,1,5,5,5.5,0,0,0.5,0.5,0,9.5,4.5,NA,0,89.416,73.222,NA,4,2,2,2,2,3,4,2,2,2,2,4,2,2,2,2,2,2,2,2,2,3,4,2,4,4,4,4,4,4,3,4,3,1,1,1,10,NA,3.7777777777777777,1,0,0,0,Global Only,Global,Attending,Physician,7.5,Physician,1
71,759,FALSE,R_26gzYf2zUHwehJE,NA,NA,Physician,4,4,2,NA,NA,Ex-US,NA,NA,NA,NA,NA,NA,NA,High,1,2,9,9,9,0,0,0,0,0,9,0,TRUE,NA,152.534,24.381,NA,NA,NA,NA,NA,NA,NA,NA,NA,NA,NA,NA,NA,NA,NA,NA,NA,NA,NA,NA,NA,NA,NA,NA,NA,NA,NA,NA,NA,NA,NA,NA,NA,NA,NA,NA,NA,NA,NA,NA,NA,0,0,0,Global Only,Global,Attending,Physician,11,Physician,2
53,477,FALSE,R_24IzauZd2T8OdKd,NA,NA,Physician,5,2,3,NA,NA,Ex-US,NA,NA,NA,NA,NA,NA,NA,High,4,1,5,4,5.5,1,1,1.5,0.5,1,5.5,1.5,TRUE,0.6666666666666666,158.836,46.422,NA,NA,NA,NA,NA,NA,NA,NA,NA,NA,NA,NA,NA,NA,NA,NA,NA,NA,NA,NA,NA,NA,NA,NA,NA,NA,NA,NA,NA,NA,NA,NA,NA,NA,NA,NA,NA,NA,NA,NA,NA,1,1,1,What + Why + How,What + Why + How,Attending,Physician,7.5,Physician,1
53,477,FALSE,R_24IzauZd2T8OdKd,NA,NA,Physician,5,2,3,NA,NA,Ex-US,NA,NA,NA,NA,NA,NA,NA,Low,4,2,10,10,9,0,0,1,1,0,13,3,NA,0,125.219,38.768,NA,NA,NA,NA,NA,NA,NA,NA,NA,NA,NA,NA,NA,NA,NA,NA,NA,NA,NA,NA,NA,NA,NA,NA,NA,NA,NA,NA,NA,NA,NA,NA,NA,NA,NA,NA,NA,NA,NA,NA,NA,1,1,1,What + Why + How,What + Why + How,Attending,Physician,11,Physician,2
53,354,FALSE,R_2eOQvnJFqfFywVk,NA,NA,Pharmacist,4,5,4,NA,NA,Ex-US,NA,NA,NA,NA,NA,NA,NA,High,1,1,5,5,5.5,0,0,0.5,0.5,0,5.5,0.5,TRUE,0,72.073,28.579,NA,NA,NA,NA,NA,NA,NA,NA,NA,NA,NA,NA,NA,NA,NA,NA,NA,NA,NA,NA,NA,NA,NA,NA,NA,NA,NA,NA,NA,NA,NA,NA,NA,NA,NA,NA,NA,NA,NA,NA,NA,0,0,0,Global Only,Global,Non-Physician,Non-Physician,7.5,Pharmacist,1
53,354,FALSE,R_2eOQvnJFqfFywVk,NA,NA,Pharmacist,4,5,4,NA,NA,Ex-US,NA,NA,NA,NA,NA,NA,NA,Low,1,2,10,10,9,0,0,1,1,0,13,3,NA,0,113.156,56.371,NA,NA,NA,NA,NA,NA,NA,NA,NA,NA,NA,NA,NA,NA,NA,NA,NA,NA,NA,NA,NA,NA,NA,NA,NA,NA,NA,NA,NA,NA,NA,NA,NA,NA,NA,NA,NA,NA,NA,NA,NA,0,0,0,Global Only,Global,Non-Physician,Non-Physician,11,Pharmacist,2
53,614,FALSE,R_31pjAKrEcNKKNLV,NA,NA,Pharmacist,4,4,2,NA,NA,Ex-US,NA,NA,NA,NA,NA,NA,NA,High,1,1,2.5,2.5,5.5,0,0,3,3,0,5.5,3,TRUE,0,59.15,158.691,NA,NA,NA,NA,NA,NA,NA,NA,NA,NA,NA,NA,NA,NA,NA,NA,NA,NA,NA,NA,NA,NA,NA,NA,NA,NA,NA,NA,NA,NA,NA,NA,NA,NA,NA,NA,NA,NA,NA,NA,NA,0,0,0,Global Only,Global,Non-Physician,Non-Physician,7.5,Pharmacist,1
53,614,FALSE,R_31pjAKrEcNKKNLV,NA,NA,Pharmacist,4,4,2,NA,NA,Ex-US,NA,NA,NA,NA,NA,NA,NA,Low,1,2,9,9,9,0,0,0,0,0,13,4,NA,0,258.075,15.501,NA,NA,NA,NA,NA,NA,NA,NA,NA,NA,NA,NA,NA,NA,NA,NA,NA,NA,NA,NA,NA,NA,NA,NA,NA,NA,NA,NA,NA,NA,NA,NA,NA,NA,NA,NA,NA,NA,NA,NA,NA,0,0,0,Global Only,Global,Non-Physician,Non-Physician,11,Pharmacist,2
53,749,FALSE,R_1HqgMFqW00YEJSV,NA,NA,Pharmacist,4,4,4,NA,NA,Ex-US,NA,NA,NA,NA,NA,NA,NA,Low,2,1,4,3,5.5,1,1,2.5,1.5,1,9.5,6.5,NA,0.15384615384615385,332.952,139.197,NA,NA,NA,NA,NA,NA,NA,NA,NA,NA,NA,NA,NA,NA,NA,NA,NA,NA,NA,NA,NA,NA,NA,NA,NA,NA,NA,NA,NA,NA,NA,NA,NA,NA,NA,NA,NA,NA,NA,NA,NA,1,0,0,What or What/Why,What,Non-Physician,Non-Physician,7.5,Pharmacist,1
53,749,FALSE,R_1HqgMFqW00YEJSV,NA,NA,Pharmacist,4,4,4,NA,NA,Ex-US,NA,NA,NA,NA,NA,NA,NA,High,2,2,9,10,9,-1,1,1,0,1,9,1,TRUE,1,136.507,11.349,NA,NA,NA,NA,NA,NA,NA,NA,NA,NA,NA,NA,NA,NA,NA,NA,NA,NA,NA,NA,NA,NA,NA,NA,NA,NA,NA,NA,NA,NA,NA,NA,NA,NA,NA,NA,NA,NA,NA,NA,NA,1,0,0,What or What/Why,What,Non-Physician,Non-Physician,11,Pharmacist,2
53,288,FALSE,R_2THTGjPwZ7yKbI5,NA,NA,Pharmacist,4,4,4,NA,NA,Ex-US,NA,NA,NA,NA,NA,NA,NA,High,4,1,6,6,5.5,0,0,0.5,0.5,0,5.5,0.5,TRUE,0,79.126,17.573,NA,NA,NA,NA,NA,NA,NA,NA,NA,NA,NA,NA,NA,NA,NA,NA,NA,NA,NA,NA,NA,NA,NA,NA,NA,NA,NA,NA,NA,NA,NA,NA,NA,NA,NA,NA,NA,NA,NA,NA,NA,1,1,1,What + Why + How,What + Why + How,Non-Physician,Non-Physician,7.5,Pharmacist,1
53,288,FALSE,R_2THTGjPwZ7yKbI5,NA,NA,Pharmacist,4,4,4,NA,NA,Ex-US,NA,NA,NA,NA,NA,NA,NA,Low,4,2,10,10,9,0,0,1,1,0,13,3,NA,0,114.924,26.737,NA,NA,NA,NA,NA,NA,NA,NA,NA,NA,NA,NA,NA,NA,NA,NA,NA,NA,NA,NA,NA,NA,NA,NA,NA,NA,NA,NA,NA,NA,NA,NA,NA,NA,NA,NA,NA,NA,NA,NA,NA,1,1,1,What + Why + How,What + Why + How,Non-Physician,Non-Physician,11,Pharmacist,2
53,257,FALSE,R_cNfymAF0jZ14jK1,NA,NA,Nurse,4,3,4,NA,NA,Ex-US,NA,NA,NA,NA,NA,NA,NA,Low,3,1,3,12,5.5,-9,9,6.5,2.5,4,9.5,2.5,NA,3.6,46.459,23.44,NA,NA,NA,NA,NA,NA,NA,NA,NA,NA,NA,NA,NA,NA,NA,NA,NA,NA,NA,NA,NA,NA,NA,NA,NA,NA,NA,NA,NA,NA,NA,NA,NA,NA,NA,NA,NA,NA,NA,NA,NA,1,1,0,What or What/Why,What + Why,Non-Physician,Non-Physician,7.5,Nurse,1
53,257,FALSE,R_cNfymAF0jZ14jK1,NA,NA,Nurse,4,3,4,NA,NA,Ex-US,NA,NA,NA,NA,NA,NA,NA,High,3,2,3,3,9,0,0,6,6,0,9,6,TRUE,0,4.232,44.542,NA,NA,NA,NA,NA,NA,NA,NA,NA,NA,NA,NA,NA,NA,NA,NA,NA,NA,NA,NA,NA,NA,NA,NA,NA,NA,NA,NA,NA,NA,NA,NA,NA,NA,NA,NA,NA,NA,NA,NA,NA,1,1,0,What or What/Why,What + Why,Non-Physician,Non-Physician,11,Nurse,2
53,339,FALSE,R_XzHZWDVhg2YbfaN,NA,NA,Pharmacist,5,5,5,NA,NA,Ex-US,NA,NA,NA,NA,NA,NA,NA,High,3,1,4,2.5,5.5,1.5,1.5,3,1.5,1.5,5.5,3,TRUE,0.5,76.458,34.618,NA,NA,NA,NA,NA,NA,NA,NA,NA,NA,NA,NA,NA,NA,NA,NA,NA,NA,NA,NA,NA,NA,NA,NA,NA,NA,NA,NA,NA,NA,NA,NA,NA,NA,NA,NA,NA,NA,NA,NA,NA,1,1,0,What or What/Why,What + Why,Non-Physician,Non-Physician,7.5,Pharmacist,1
53,339,FALSE,R_XzHZWDVhg2YbfaN,NA,NA,Pharmacist,5,5,5,NA,NA,Ex-US,NA,NA,NA,NA,NA,NA,NA,Low,3,2,10,9,9,1,1,0,1,-1,13,4,NA,0.25,90.594,35.571,NA,NA,NA,NA,NA,NA,NA,NA,NA,NA,NA,NA,NA,NA,NA,NA,NA,NA,NA,NA,NA,NA,NA,NA,NA,NA,NA,NA,NA,NA,NA,NA,NA,NA,NA,NA,NA,NA,NA,NA,NA,1,1,0,What or What/Why,What + Why,Non-Physician,Non-Physician,11,Pharmacist,2
53,411,FALSE,R_2Xj7eDoSoXQ478J,NA,NA,Physician,4,4,2,NA,NA,Ex-US,NA,NA,NA,NA,NA,NA,NA,Low,2,1,5,5,5.5,0,0,0.5,0.5,0,9.5,4.5,NA,0,80.565,49.548,NA,NA,NA,NA,NA,NA,NA,NA,NA,NA,NA,NA,NA,NA,NA,NA,NA,NA,NA,NA,NA,NA,NA,NA,NA,NA,NA,NA,NA,NA,NA,NA,NA,NA,NA,NA,NA,NA,NA,NA,NA,1,0,0,What or What/Why,What,Attending,Physician,7.5,Physician,1
53,411,FALSE,R_2Xj7eDoSoXQ478J,NA,NA,Physician,4,4,2,NA,NA,Ex-US,NA,NA,NA,NA,NA,NA,NA,High,2,2,8.5,8.5,9,0,0,0.5,0.5,0,9,0.5,TRUE,0,133.589,18.523,NA,NA,NA,NA,NA,NA,NA,NA,NA,NA,NA,NA,NA,NA,NA,NA,NA,NA,NA,NA,NA,NA,NA,NA,NA,NA,NA,NA,NA,NA,NA,NA,NA,NA,NA,NA,NA,NA,NA,NA,NA,1,0,0,What or What/Why,What,Attending,Physician,11,Physician,2
53,6973,FALSE,R_1loDZJh8opNdlkA,NA,NA,Nurse,4,4,4,NA,NA,Ex-US,NA,NA,NA,NA,NA,NA,NA,High,1,1,4.5,4,5.5,0.5,0.5,1.5,1,0.5,5.5,1.5,TRUE,0.3333333333333333,102.073,39.064,NA,NA,NA,NA,NA,NA,NA,NA,NA,NA,NA,NA,NA,NA,NA,NA,NA,NA,NA,NA,NA,NA,NA,NA,NA,NA,NA,NA,NA,NA,NA,NA,NA,NA,NA,NA,NA,NA,NA,NA,NA,0,0,0,Global Only,Global,Non-Physician,Non-Physician,7.5,Nurse,1
53,6973,FALSE,R_1loDZJh8opNdlkA,NA,NA,Nurse,4,4,4,NA,NA,Ex-US,NA,NA,NA,NA,NA,NA,NA,Low,1,2,11.5,10,9,1.5,1.5,1,2.5,-1.5,13,3,NA,0.5,100.465,43.636,NA,NA,NA,NA,NA,NA,NA,NA,NA,NA,NA,NA,NA,NA,NA,NA,NA,NA,NA,NA,NA,NA,NA,NA,NA,NA,NA,NA,NA,NA,NA,NA,NA,NA,NA,NA,NA,NA,NA,NA,NA,0,0,0,Global Only,Global,Non-Physician,Non-Physician,11,Nurse,2
53,729,FALSE,R_31hl8u5wEJ2Jmqs,NA,NA,Physician,3,3,3,NA,NA,Ex-US,NA,NA,NA,NA,NA,NA,NA,High,3,1,4,4,5.5,0,0,1.5,1.5,0,5.5,1.5,TRUE,0,39.102,24.283,NA,NA,NA,NA,NA,NA,NA,NA,NA,NA,NA,NA,NA,NA,NA,NA,NA,NA,NA,NA,NA,NA,NA,NA,NA,NA,NA,NA,NA,NA,NA,NA,NA,NA,NA,NA,NA,NA,NA,NA,NA,1,1,0,What or What/Why,What + Why,Attending,Physician,7.5,Physician,1
53,729,FALSE,R_31hl8u5wEJ2Jmqs,NA,NA,Physician,3,3,3,NA,NA,Ex-US,NA,NA,NA,NA,NA,NA,NA,Low,3,2,11,8,9,3,3,1,2,-1,13,5,NA,0.6,291.553,17.2,NA,NA,NA,NA,NA,NA,NA,NA,NA,NA,NA,NA,NA,NA,NA,NA,NA,NA,NA,NA,NA,NA,NA,NA,NA,NA,NA,NA,NA,NA,NA,NA,NA,NA,NA,NA,NA,NA,NA,NA,NA,1,1,0,What or What/Why,What + Why,Attending,Physician,11,Physician,2
53,423,FALSE,R_xz5ytQ3axMBXUwF,NA,NA,Midlevel Provider,5,5,5,NA,NA,Ex-US,NA,NA,NA,NA,NA,NA,NA,High,2,1,5,4,5.5,1,1,1.5,0.5,1,5.5,1.5,TRUE,0.6666666666666666,159.489,22.284,NA,NA,NA,NA,NA,NA,NA,NA,NA,NA,NA,NA,NA,NA,NA,NA,NA,NA,NA,NA,NA,NA,NA,NA,NA,NA,NA,NA,NA,NA,NA,NA,NA,NA,NA,NA,NA,NA,NA,NA,NA,1,0,0,What or What/Why,What,Non-Physician,Non-Physician,7.5,Midlevel Provider,1
53,423,FALSE,R_xz5ytQ3axMBXUwF,NA,NA,Midlevel Provider,5,5,5,NA,NA,Ex-US,NA,NA,NA,NA,NA,NA,NA,Low,2,2,13,4,9,9,9,5,4,1,13,9,NA,1,13.772,44.168,NA,NA,NA,NA,NA,NA,NA,NA,NA,NA,NA,NA,NA,NA,NA,NA,NA,NA,NA,NA,NA,NA,NA,NA,NA,NA,NA,NA,NA,NA,NA,NA,NA,NA,NA,NA,NA,NA,NA,NA,NA,1,0,0,What or What/Why,What,Non-Physician,Non-Physician,11,Midlevel Provider,2
53,585,FALSE,R_32VLSl9aBAibFZw,NA,NA,Pharmacist,5,5,1,NA,NA,Ex-US,NA,NA,NA,NA,NA,NA,NA,High,3,1,6,6.5,5.5,-0.5,0.5,1,0.5,0.5,5.5,1,TRUE,0.5,167.946,81.359,NA,NA,NA,NA,NA,NA,NA,NA,NA,NA,NA,NA,NA,NA,NA,NA,NA,NA,NA,NA,NA,NA,NA,NA,NA,NA,NA,NA,NA,NA,NA,NA,NA,NA,NA,NA,NA,NA,NA,NA,NA,1,1,0,What or What/Why,What + Why,Non-Physician,Non-Physician,7.5,Pharmacist,1
53,585,FALSE,R_32VLSl9aBAibFZw,NA,NA,Pharmacist,5,5,1,NA,NA,Ex-US,NA,NA,NA,NA,NA,NA,NA,Low,3,2,10,10,9,0,0,1,1,0,13,3,NA,0,147.527,77.046,NA,NA,NA,NA,NA,NA,NA,NA,NA,NA,NA,NA,NA,NA,NA,NA,NA,NA,NA,NA,NA,NA,NA,NA,NA,NA,NA,NA,NA,NA,NA,NA,NA,NA,NA,NA,NA,NA,NA,NA,NA,1,1,0,What or What/Why,What + Why,Non-Physician,Non-Physician,11,Pharmacist,2
53,189,FALSE,R_3R1kay2Nc4kephY,NA,NA,Physician,3,1,1,NA,NA,Ex-US,NA,NA,NA,NA,NA,NA,NA,Low,1,1,3,3,5.5,0,0,2.5,2.5,0,9.5,6.5,NA,0,44.945,20.326,NA,NA,NA,NA,NA,NA,NA,NA,NA,NA,NA,NA,NA,NA,NA,NA,NA,NA,NA,NA,NA,NA,NA,NA,NA,NA,NA,NA,NA,NA,NA,NA,NA,NA,NA,NA,NA,NA,NA,NA,NA,0,0,0,Global Only,Global,Attending,Physician,7.5,Physician,1
53,189,FALSE,R_3R1kay2Nc4kephY,NA,NA,Physician,3,1,1,NA,NA,Ex-US,NA,NA,NA,NA,NA,NA,NA,High,1,2,5,5,9,0,0,4,4,0,9,4,TRUE,0,46.617,8.399,NA,NA,NA,NA,NA,NA,NA,NA,NA,NA,NA,NA,NA,NA,NA,NA,NA,NA,NA,NA,NA,NA,NA,NA,NA,NA,NA,NA,NA,NA,NA,NA,NA,NA,NA,NA,NA,NA,NA,NA,NA,0,0,0,Global Only,Global,Attending,Physician,11,Physician,2
53,135,FALSE,R_1kYe3pZh8RunzUM,NA,NA,Physician,4,4,4,NA,NA,Ex-US,NA,NA,NA,NA,NA,NA,NA,Low,4,1,3,3,5.5,0,0,2.5,2.5,0,9.5,6.5,NA,0,27.071,25.53,NA,NA,NA,NA,NA,NA,NA,NA,NA,NA,NA,NA,NA,NA,NA,NA,NA,NA,NA,NA,NA,NA,NA,NA,NA,NA,NA,NA,NA,NA,NA,NA,NA,NA,NA,NA,NA,NA,NA,NA,NA,1,1,1,What + Why + How,What + Why + How,Attending,Physician,7.5,Physician,1
53,135,FALSE,R_1kYe3pZh8RunzUM,NA,NA,Physician,4,4,4,NA,NA,Ex-US,NA,NA,NA,NA,NA,NA,NA,High,4,2,9,10,9,-1,1,1,0,1,9,1,TRUE,1,33.568,5.419,NA,NA,NA,NA,NA,NA,NA,NA,NA,NA,NA,NA,NA,NA,NA,NA,NA,NA,NA,NA,NA,NA,NA,NA,NA,NA,NA,NA,NA,NA,NA,NA,NA,NA,NA,NA,NA,NA,NA,NA,NA,1,1,1,What + Why + How,What + Why + How,Attending,Physician,11,Physician,2
53,196,FALSE,R_Ulw0FkLbvlBzQAx,NA,NA,Nurse,3,3,3,NA,NA,Ex-US,NA,NA,NA,NA,NA,NA,NA,Low,3,1,4,0.5,5.5,3.5,3.5,5,1.5,3.5,9.5,9,NA,0.3888888888888889,16.13,29.065,NA,NA,NA,NA,NA,NA,NA,NA,NA,NA,NA,NA,NA,NA,NA,NA,NA,NA,NA,NA,NA,NA,NA,NA,NA,NA,NA,NA,NA,NA,NA,NA,NA,NA,NA,NA,NA,NA,NA,NA,NA,1,1,0,What or What/Why,What + Why,Non-Physician,Non-Physician,7.5,Nurse,1
53,196,FALSE,R_Ulw0FkLbvlBzQAx,NA,NA,Nurse,3,3,3,NA,NA,Ex-US,NA,NA,NA,NA,NA,NA,NA,High,3,2,7,5,9,2,2,4,2,2,9,4,TRUE,0.5,25.361,7.369,NA,NA,NA,NA,NA,NA,NA,NA,NA,NA,NA,NA,NA,NA,NA,NA,NA,NA,NA,NA,NA,NA,NA,NA,NA,NA,NA,NA,NA,NA,NA,NA,NA,NA,NA,NA,NA,NA,NA,NA,NA,1,1,0,What or What/Why,What + Why,Non-Physician,Non-Physician,11,Nurse,2
53,644,FALSE,R_2CWxFWnMLP3D1I6,NA,NA,Pharmacist,4,4,4,NA,NA,Ex-US,NA,NA,NA,NA,NA,NA,NA,High,3,1,4,3,5.5,1,1,2.5,1.5,1,5.5,2.5,TRUE,0.4,193.921,58.365,NA,NA,NA,NA,NA,NA,NA,NA,NA,NA,NA,NA,NA,NA,NA,NA,NA,NA,NA,NA,NA,NA,NA,NA,NA,NA,NA,NA,NA,NA,NA,NA,NA,NA,NA,NA,NA,NA,NA,NA,NA,1,1,0,What or What/Why,What + Why,Non-Physician,Non-Physician,7.5,Pharmacist,1
53,644,FALSE,R_2CWxFWnMLP3D1I6,NA,NA,Pharmacist,4,4,4,NA,NA,Ex-US,NA,NA,NA,NA,NA,NA,NA,Low,3,2,10,10,9,0,0,1,1,0,13,3,NA,0,161.435,15.102,NA,NA,NA,NA,NA,NA,NA,NA,NA,NA,NA,NA,NA,NA,NA,NA,NA,NA,NA,NA,NA,NA,NA,NA,NA,NA,NA,NA,NA,NA,NA,NA,NA,NA,NA,NA,NA,NA,NA,NA,NA,1,1,0,What or What/Why,What + Why,Non-Physician,Non-Physician,11,Pharmacist,2
53,337,FALSE,R_3nPC4CnSu6Q9CXK,NA,NA,Physician,4,4,4,NA,NA,Ex-US,NA,NA,NA,NA,NA,NA,NA,High,1,1,3,2.5,5.5,0.5,0.5,3,2.5,0.5,5.5,3,TRUE,0.16666666666666666,83.128,21.986,NA,NA,NA,NA,NA,NA,NA,NA,NA,NA,NA,NA,NA,NA,NA,NA,NA,NA,NA,NA,NA,NA,NA,NA,NA,NA,NA,NA,NA,NA,NA,NA,NA,NA,NA,NA,NA,NA,NA,NA,NA,0,0,0,Global Only,Global,Attending,Physician,7.5,Physician,1
53,337,FALSE,R_3nPC4CnSu6Q9CXK,NA,NA,Physician,4,4,4,NA,NA,Ex-US,NA,NA,NA,NA,NA,NA,NA,Low,1,2,11,9,9,2,2,0,2,-2,13,4,NA,0.5,91.641,32.101,NA,NA,NA,NA,NA,NA,NA,NA,NA,NA,NA,NA,NA,NA,NA,NA,NA,NA,NA,NA,NA,NA,NA,NA,NA,NA,NA,NA,NA,NA,NA,NA,NA,NA,NA,NA,NA,NA,NA,NA,NA,0,0,0,Global Only,Global,Attending,Physician,11,Physician,2
53,229,FALSE,R_22RB1W7cMhsEsiM,NA,NA,Physician,5,2,5,NA,NA,Ex-US,NA,NA,NA,NA,NA,NA,NA,Low,4,1,3.5,3.5,5.5,0,0,2,2,0,9.5,6,NA,0,48.001,45.396,NA,NA,NA,NA,NA,NA,NA,NA,NA,NA,NA,NA,NA,NA,NA,NA,NA,NA,NA,NA,NA,NA,NA,NA,NA,NA,NA,NA,NA,NA,NA,NA,NA,NA,NA,NA,NA,NA,NA,NA,NA,1,1,1,What + Why + How,What + Why + How,Attending,Physician,7.5,Physician,1
53,229,FALSE,R_22RB1W7cMhsEsiM,NA,NA,Physician,5,2,5,NA,NA,Ex-US,NA,NA,NA,NA,NA,NA,NA,High,4,2,9,9,9,0,0,0,0,0,9,0,TRUE,NA,62.462,15.101,NA,NA,NA,NA,NA,NA,NA,NA,NA,NA,NA,NA,NA,NA,NA,NA,NA,NA,NA,NA,NA,NA,NA,NA,NA,NA,NA,NA,NA,NA,NA,NA,NA,NA,NA,NA,NA,NA,NA,NA,NA,1,1,1,What + Why + How,What + Why + How,Attending,Physician,11,Physician,2
53,222,FALSE,R_2aPu7XlyrAuKZsX,NA,NA,Physician,3,4,3,NA,NA,Ex-US,NA,NA,NA,NA,NA,NA,NA,High,3,1,5,5,5.5,0,0,0.5,0.5,0,5.5,0.5,TRUE,0,28.737,22.453,NA,NA,NA,NA,NA,NA,NA,NA,NA,NA,NA,NA,NA,NA,NA,NA,NA,NA,NA,NA,NA,NA,NA,NA,NA,NA,NA,NA,NA,NA,NA,NA,NA,NA,NA,NA,NA,NA,NA,NA,NA,1,1,0,What or What/Why,What + Why,Attending,Physician,7.5,Physician,1
53,222,FALSE,R_2aPu7XlyrAuKZsX,NA,NA,Physician,3,4,3,NA,NA,Ex-US,NA,NA,NA,NA,NA,NA,NA,Low,3,2,12,9,9,3,3,0,3,-3,13,4,NA,0.75,97.505,8.689,NA,NA,NA,NA,NA,NA,NA,NA,NA,NA,NA,NA,NA,NA,NA,NA,NA,NA,NA,NA,NA,NA,NA,NA,NA,NA,NA,NA,NA,NA,NA,NA,NA,NA,NA,NA,NA,NA,NA,NA,NA,1,1,0,What or What/Why,What + Why,Attending,Physician,11,Physician,2
53,1493,FALSE,R_3QKsIL0zeUuug2R,NA,NA,Pharmacist,4,3,5,NA,NA,Ex-US,NA,NA,NA,NA,NA,NA,NA,High,3,1,4,4,5.5,0,0,1.5,1.5,0,5.5,1.5,TRUE,0,56.236,32.274,NA,NA,NA,NA,NA,NA,NA,NA,NA,NA,NA,NA,NA,NA,NA,NA,NA,NA,NA,NA,NA,NA,NA,NA,NA,NA,NA,NA,NA,NA,NA,NA,NA,NA,NA,NA,NA,NA,NA,NA,NA,1,1,0,What or What/Why,What + Why,Non-Physician,Non-Physician,7.5,Pharmacist,1
53,1493,FALSE,R_3QKsIL0zeUuug2R,NA,NA,Pharmacist,4,3,5,NA,NA,Ex-US,NA,NA,NA,NA,NA,NA,NA,Low,3,2,10,10,9,0,0,1,1,0,13,3,NA,0,152.37,14.257,NA,NA,NA,NA,NA,NA,NA,NA,NA,NA,NA,NA,NA,NA,NA,NA,NA,NA,NA,NA,NA,NA,NA,NA,NA,NA,NA,NA,NA,NA,NA,NA,NA,NA,NA,NA,NA,NA,NA,NA,NA,1,1,0,What or What/Why,What + Why,Non-Physician,Non-Physician,11,Pharmacist,2
53,1516,FALSE,R_3iyBU0ONZ03FNrJ,NA,NA,Physician,4,3,2,NA,NA,Ex-US,NA,NA,NA,NA,NA,NA,NA,Low,4,1,3,2,5.5,1,1,3.5,2.5,1,9.5,7.5,NA,0.13333333333333333,185.178,551.816,NA,NA,NA,NA,NA,NA,NA,NA,NA,NA,NA,NA,NA,NA,NA,NA,NA,NA,NA,NA,NA,NA,NA,NA,NA,NA,NA,NA,NA,NA,NA,NA,NA,NA,NA,NA,NA,NA,NA,NA,NA,1,1,1,What + Why + How,What + Why + How,Attending,Physician,7.5,Physician,1
53,1516,FALSE,R_3iyBU0ONZ03FNrJ,NA,NA,Physician,4,3,2,NA,NA,Ex-US,NA,NA,NA,NA,NA,NA,NA,High,4,2,9.5,10,9,-0.5,0.5,1,0.5,0.5,9,1,TRUE,0.5,61.135,20.658,NA,NA,NA,NA,NA,NA,NA,NA,NA,NA,NA,NA,NA,NA,NA,NA,NA,NA,NA,NA,NA,NA,NA,NA,NA,NA,NA,NA,NA,NA,NA,NA,NA,NA,NA,NA,NA,NA,NA,NA,NA,1,1,1,What + Why + How,What + Why + How,Attending,Physician,11,Physician,2
53,681,FALSE,R_2qBNjcj0gDQiEsR,NA,NA,Midlevel Provider,4,4,4,NA,NA,Ex-US,NA,NA,NA,NA,NA,NA,NA,High,3,1,5.5,4,5.5,1.5,1.5,1.5,0,1.5,5.5,1.5,TRUE,1,334.764,36.63,NA,NA,NA,NA,NA,NA,NA,NA,NA,NA,NA,NA,NA,NA,NA,NA,NA,NA,NA,NA,NA,NA,NA,NA,NA,NA,NA,NA,NA,NA,NA,NA,NA,NA,NA,NA,NA,NA,NA,NA,NA,1,1,0,What or What/Why,What + Why,Non-Physician,Non-Physician,7.5,Midlevel Provider,1
53,681,FALSE,R_2qBNjcj0gDQiEsR,NA,NA,Midlevel Provider,4,4,4,NA,NA,Ex-US,NA,NA,NA,NA,NA,NA,NA,Low,3,2,13,7.5,9,5.5,5.5,1.5,4,-2.5,13,5.5,NA,1,212.132,26.29,NA,NA,NA,NA,NA,NA,NA,NA,NA,NA,NA,NA,NA,NA,NA,NA,NA,NA,NA,NA,NA,NA,NA,NA,NA,NA,NA,NA,NA,NA,NA,NA,NA,NA,NA,NA,NA,NA,NA,NA,NA,1,1,0,What or What/Why,What + Why,Non-Physician,Non-Physician,11,Midlevel Provider,2
53,592,FALSE,R_ONKOjtlzdTToBGN,NA,NA,Pharmacist,4,5,4,NA,NA,Ex-US,NA,NA,NA,NA,NA,NA,NA,Low,1,1,6,6,5.5,0,0,0.5,0.5,0,9.5,3.5,NA,0,238.74,64.538,NA,NA,NA,NA,NA,NA,NA,NA,NA,NA,NA,NA,NA,NA,NA,NA,NA,NA,NA,NA,NA,NA,NA,NA,NA,NA,NA,NA,NA,NA,NA,NA,NA,NA,NA,NA,NA,NA,NA,NA,NA,0,0,0,Global Only,Global,Non-Physician,Non-Physician,7.5,Pharmacist,1
53,592,FALSE,R_ONKOjtlzdTToBGN,NA,NA,Pharmacist,4,5,4,NA,NA,Ex-US,NA,NA,NA,NA,NA,NA,NA,High,1,2,10,10.5,9,-0.5,0.5,1.5,1,0.5,9,1.5,TRUE,0.3333333333333333,138.267,61.5,NA,NA,NA,NA,NA,NA,NA,NA,NA,NA,NA,NA,NA,NA,NA,NA,NA,NA,NA,NA,NA,NA,NA,NA,NA,NA,NA,NA,NA,NA,NA,NA,NA,NA,NA,NA,NA,NA,NA,NA,NA,0,0,0,Global Only,Global,Non-Physician,Non-Physician,11,Pharmacist,2
53,2312,FALSE,R_2QMQmMt9K7LFF6y,NA,NA,Pharmacist,3,3,3,NA,NA,Ex-US,NA,NA,NA,NA,NA,NA,NA,High,3,1,5,0,5.5,5,5,5.5,0.5,5,5.5,5.5,TRUE,0.9090909090909091,8.536,72.823,NA,NA,NA,NA,NA,NA,NA,NA,NA,NA,NA,NA,NA,NA,NA,NA,NA,NA,NA,NA,NA,NA,NA,NA,NA,NA,NA,NA,NA,NA,NA,NA,NA,NA,NA,NA,NA,NA,NA,NA,NA,1,1,0,What or What/Why,What + Why,Non-Physician,Non-Physician,7.5,Pharmacist,1
53,2312,FALSE,R_2QMQmMt9K7LFF6y,NA,NA,Pharmacist,3,3,3,NA,NA,Ex-US,NA,NA,NA,NA,NA,NA,NA,Low,3,2,10,9.5,9,0.5,0.5,0.5,1,-0.5,13,3.5,NA,0.14285714285714285,271.454,48.837,NA,NA,NA,NA,NA,NA,NA,NA,NA,NA,NA,NA,NA,NA,NA,NA,NA,NA,NA,NA,NA,NA,NA,NA,NA,NA,NA,NA,NA,NA,NA,NA,NA,NA,NA,NA,NA,NA,NA,NA,NA,1,1,0,What or What/Why,What + Why,Non-Physician,Non-Physician,11,Pharmacist,2
53,391,FALSE,R_1difsN5cgsv7cvM,NA,NA,Physician,3,3,3,NA,NA,Ex-US,NA,NA,NA,NA,NA,NA,NA,Low,2,1,4.5,4.5,5.5,0,0,1,1,0,9.5,5,NA,0,117.009,64.126,NA,NA,NA,NA,NA,NA,NA,NA,NA,NA,NA,NA,NA,NA,NA,NA,NA,NA,NA,NA,NA,NA,NA,NA,NA,NA,NA,NA,NA,NA,NA,NA,NA,NA,NA,NA,NA,NA,NA,NA,NA,1,0,0,What or What/Why,What,Attending,Physician,7.5,Physician,1
53,391,FALSE,R_1difsN5cgsv7cvM,NA,NA,Physician,3,3,3,NA,NA,Ex-US,NA,NA,NA,NA,NA,NA,NA,High,2,2,9,10,9,-1,1,1,0,1,9,1,TRUE,1,83.98,21.549,NA,NA,NA,NA,NA,NA,NA,NA,NA,NA,NA,NA,NA,NA,NA,NA,NA,NA,NA,NA,NA,NA,NA,NA,NA,NA,NA,NA,NA,NA,NA,NA,NA,NA,NA,NA,NA,NA,NA,NA,NA,1,0,0,What or What/Why,What,Attending,Physician,11,Physician,2
53,5048,FALSE,R_ZHM5NAyeNnzR625,NA,NA,Pharmacist,5,5,5,NA,NA,Ex-US,NA,NA,NA,NA,NA,NA,NA,High,4,1,6.5,6.5,5.5,0,0,1,1,0,5.5,1,TRUE,0,283.97,30.031,NA,NA,NA,NA,NA,NA,NA,NA,NA,NA,NA,NA,NA,NA,NA,NA,NA,NA,NA,NA,NA,NA,NA,NA,NA,NA,NA,NA,NA,NA,NA,NA,NA,NA,NA,NA,NA,NA,NA,NA,NA,1,1,1,What + Why + How,What + Why + How,Non-Physician,Non-Physician,7.5,Pharmacist,1
53,5048,FALSE,R_ZHM5NAyeNnzR625,NA,NA,Pharmacist,5,5,5,NA,NA,Ex-US,NA,NA,NA,NA,NA,NA,NA,Low,4,2,10.5,10.5,9,0,0,1.5,1.5,0,13,2.5,NA,0,126.846,82.146,NA,NA,NA,NA,NA,NA,NA,NA,NA,NA,NA,NA,NA,NA,NA,NA,NA,NA,NA,NA,NA,NA,NA,NA,NA,NA,NA,NA,NA,NA,NA,NA,NA,NA,NA,NA,NA,NA,NA,NA,NA,1,1,1,What + Why + How,What + Why + How,Non-Physician,Non-Physician,11,Pharmacist,2
53,253,FALSE,R_117RUhzllOr6PRl,NA,NA,Physician,5,4,2,NA,NA,Ex-US,NA,NA,NA,NA,NA,NA,NA,High,2,1,5,5,5.5,0,0,0.5,0.5,0,5.5,0.5,TRUE,0,44.676,12.719,NA,NA,NA,NA,NA,NA,NA,NA,NA,NA,NA,NA,NA,NA,NA,NA,NA,NA,NA,NA,NA,NA,NA,NA,NA,NA,NA,NA,NA,NA,NA,NA,NA,NA,NA,NA,NA,NA,NA,NA,NA,1,0,0,What or What/Why,What,Attending,Physician,7.5,Physician,1
53,253,FALSE,R_117RUhzllOr6PRl,NA,NA,Physician,5,4,2,NA,NA,Ex-US,NA,NA,NA,NA,NA,NA,NA,Low,2,2,10,10,9,0,0,1,1,0,13,3,NA,0,57.991,62.973,NA,NA,NA,NA,NA,NA,NA,NA,NA,NA,NA,NA,NA,NA,NA,NA,NA,NA,NA,NA,NA,NA,NA,NA,NA,NA,NA,NA,NA,NA,NA,NA,NA,NA,NA,NA,NA,NA,NA,NA,NA,1,0,0,What or What/Why,What,Attending,Physician,11,Physician,2
53,240,FALSE,R_27fWDR9c1ABUH0m,NA,NA,Physician,5,2,1,NA,NA,Ex-US,NA,NA,NA,NA,NA,NA,NA,Low,1,1,5,5,5.5,0,0,0.5,0.5,0,9.5,4.5,NA,0,38.039,38.511,NA,NA,NA,NA,NA,NA,NA,NA,NA,NA,NA,NA,NA,NA,NA,NA,NA,NA,NA,NA,NA,NA,NA,NA,NA,NA,NA,NA,NA,NA,NA,NA,NA,NA,NA,NA,NA,NA,NA,NA,NA,0,0,0,Global Only,Global,Attending,Physician,7.5,Physician,1
53,240,FALSE,R_27fWDR9c1ABUH0m,NA,NA,Physician,5,2,1,NA,NA,Ex-US,NA,NA,NA,NA,NA,NA,NA,High,1,2,9,7.5,9,1.5,1.5,1.5,0,1.5,9,1.5,TRUE,1,45.556,8.037,NA,NA,NA,NA,NA,NA,NA,NA,NA,NA,NA,NA,NA,NA,NA,NA,NA,NA,NA,NA,NA,NA,NA,NA,NA,NA,NA,NA,NA,NA,NA,NA,NA,NA,NA,NA,NA,NA,NA,NA,NA,0,0,0,Global Only,Global,Attending,Physician,11,Physician,2
53,363,FALSE,R_1kUKcQva8YySZ2l,NA,NA,Physician,4,4,4,NA,NA,Ex-US,NA,NA,NA,NA,NA,NA,NA,High,2,1,5,2.5,5.5,2.5,2.5,3,0.5,2.5,5.5,3,TRUE,0.8333333333333334,99.514,51.28,NA,NA,NA,NA,NA,NA,NA,NA,NA,NA,NA,NA,NA,NA,NA,NA,NA,NA,NA,NA,NA,NA,NA,NA,NA,NA,NA,NA,NA,NA,NA,NA,NA,NA,NA,NA,NA,NA,NA,NA,NA,1,0,0,What or What/Why,What,Attending,Physician,7.5,Physician,1
53,363,FALSE,R_1kUKcQva8YySZ2l,NA,NA,Physician,4,4,4,NA,NA,Ex-US,NA,NA,NA,NA,NA,NA,NA,Low,2,2,11,9.5,9,1.5,1.5,0.5,2,-1.5,13,3.5,NA,0.42857142857142855,88.022,13.255,NA,NA,NA,NA,NA,NA,NA,NA,NA,NA,NA,NA,NA,NA,NA,NA,NA,NA,NA,NA,NA,NA,NA,NA,NA,NA,NA,NA,NA,NA,NA,NA,NA,NA,NA,NA,NA,NA,NA,NA,NA,1,0,0,What or What/Why,What,Attending,Physician,11,Physician,2
53,538,FALSE,R_2frgoTJXzQwENgU,NA,NA,Physician,4,4,2,NA,NA,Ex-US,NA,NA,NA,NA,NA,NA,NA,High,3,1,5.5,2.5,5.5,3,3,3,0,3,5.5,3,TRUE,1,75.336,25.649,NA,NA,NA,NA,NA,NA,NA,NA,NA,NA,NA,NA,NA,NA,NA,NA,NA,NA,NA,NA,NA,NA,NA,NA,NA,NA,NA,NA,NA,NA,NA,NA,NA,NA,NA,NA,NA,NA,NA,NA,NA,1,1,0,What or What/Why,What + Why,Attending,Physician,7.5,Physician,1
53,538,FALSE,R_2frgoTJXzQwENgU,NA,NA,Physician,4,4,2,NA,NA,Ex-US,NA,NA,NA,NA,NA,NA,NA,Low,3,2,8,8,9,0,0,1,1,0,13,5,NA,0,94.16,19.524,NA,NA,NA,NA,NA,NA,NA,NA,NA,NA,NA,NA,NA,NA,NA,NA,NA,NA,NA,NA,NA,NA,NA,NA,NA,NA,NA,NA,NA,NA,NA,NA,NA,NA,NA,NA,NA,NA,NA,NA,NA,1,1,0,What or What/Why,What + Why,Attending,Physician,11,Physician,2
53,97602,FALSE,R_29uiQDaUWRV6Cq7,NA,NA,Physician,5,4,4,NA,NA,Ex-US,NA,NA,NA,NA,NA,NA,NA,High,4,1,5.5,4,5.5,1.5,1.5,1.5,0,1.5,5.5,1.5,TRUE,1,67.742,30.58,NA,NA,NA,NA,NA,NA,NA,NA,NA,NA,NA,NA,NA,NA,NA,NA,NA,NA,NA,NA,NA,NA,NA,NA,NA,NA,NA,NA,NA,NA,NA,NA,NA,NA,NA,NA,NA,NA,NA,NA,NA,1,1,1,What + Why + How,What + Why + How,Resident,Physician,7.5,Physician,1
53,97602,FALSE,R_29uiQDaUWRV6Cq7,NA,NA,Physician,5,4,4,NA,NA,Ex-US,NA,NA,NA,NA,NA,NA,NA,Low,4,2,9,9,9,0,0,0,0,0,13,4,NA,0,148.921,75.037,NA,NA,NA,NA,NA,NA,NA,NA,NA,NA,NA,NA,NA,NA,NA,NA,NA,NA,NA,NA,NA,NA,NA,NA,NA,NA,NA,NA,NA,NA,NA,NA,NA,NA,NA,NA,NA,NA,NA,NA,NA,1,1,1,What + Why + How,What + Why + How,Resident,Physician,11,Physician,2
53,854,FALSE,R_33d9e9iNUABdwjg,NA,NA,Midlevel Provider,4,4,4,NA,NA,Ex-US,NA,NA,NA,NA,NA,NA,NA,Low,3,1,9.5,2.5,5.5,7,7,3,4,-1,9.5,7,NA,1,168.252,32.974,NA,NA,NA,NA,NA,NA,NA,NA,NA,NA,NA,NA,NA,NA,NA,NA,NA,NA,NA,NA,NA,NA,NA,NA,NA,NA,NA,NA,NA,NA,NA,NA,NA,NA,NA,NA,NA,NA,NA,NA,NA,1,1,0,What or What/Why,What + Why,Non-Physician,Non-Physician,7.5,Midlevel Provider,1
53,854,FALSE,R_33d9e9iNUABdwjg,NA,NA,Midlevel Provider,4,4,4,NA,NA,Ex-US,NA,NA,NA,NA,NA,NA,NA,High,3,2,9,11,9,-2,2,2,0,2,9,2,TRUE,1,52.879,16.561,NA,NA,NA,NA,NA,NA,NA,NA,NA,NA,NA,NA,NA,NA,NA,NA,NA,NA,NA,NA,NA,NA,NA,NA,NA,NA,NA,NA,NA,NA,NA,NA,NA,NA,NA,NA,NA,NA,NA,NA,NA,1,1,0,What or What/Why,What + Why,Non-Physician,Non-Physician,11,Midlevel Provider,2
44,509,FALSE,R_0TCzvA6JwAjx7dn,NA,NA,Midlevel Provider,NA,NA,NA,NA,NA,Ex-US,NA,NA,NA,NA,NA,NA,NA,Low,4,2,10,10,9,0,0,1,1,0,13,3,NA,0,61.454,12.555,NA,NA,NA,NA,NA,NA,NA,NA,NA,NA,NA,NA,NA,NA,NA,NA,NA,NA,NA,NA,NA,NA,NA,NA,NA,NA,NA,NA,NA,NA,NA,NA,NA,NA,NA,NA,NA,NA,NA,NA,NA,1,1,1,What + Why + How,What + Why + How,Non-Physician,Non-Physician,11,Midlevel Provider,2
44,70994,FALSE,R_aaUTgLToZrNeWWd,NA,NA,Physician,NA,NA,NA,NA,NA,Ex-US,NA,NA,NA,NA,NA,NA,NA,Low,2,1,3,3,5.5,0,0,2.5,2.5,0,9.5,6.5,NA,0,33.797,31.445,NA,NA,NA,NA,NA,NA,NA,NA,NA,NA,NA,NA,NA,NA,NA,NA,NA,NA,NA,NA,NA,NA,NA,NA,NA,NA,NA,NA,NA,NA,NA,NA,NA,NA,NA,NA,NA,NA,NA,NA,NA,1,0,0,What or What/Why,What,Attending,Physician,7.5,Physician,1
44,70994,FALSE,R_aaUTgLToZrNeWWd,NA,NA,Physician,NA,NA,NA,NA,NA,Ex-US,NA,NA,NA,NA,NA,NA,NA,High,2,2,9,10,9,-1,1,1,0,1,9,1,TRUE,1,47.761,6.986,NA,NA,NA,NA,NA,NA,NA,NA,NA,NA,NA,NA,NA,NA,NA,NA,NA,NA,NA,NA,NA,NA,NA,NA,NA,NA,NA,NA,NA,NA,NA,NA,NA,NA,NA,NA,NA,NA,NA,NA,NA,1,0,0,What or What/Why,What,Attending,Physician,11,Physician,2
44,225,FALSE,R_3FKAy6jZs1qoACD,NA,NA,Physician,NA,NA,NA,NA,NA,Ex-US,NA,NA,NA,NA,NA,NA,NA,Low,3,1,4,4,5.5,0,0,1.5,1.5,0,9.5,5.5,NA,0,51.158,26.613,NA,NA,NA,NA,NA,NA,NA,NA,NA,NA,NA,NA,NA,NA,NA,NA,NA,NA,NA,NA,NA,NA,NA,NA,NA,NA,NA,NA,NA,NA,NA,NA,NA,NA,NA,NA,NA,NA,NA,NA,NA,1,1,0,What or What/Why,What + Why,Attending,Physician,7.5,Physician,1
44,225,FALSE,R_3FKAy6jZs1qoACD,NA,NA,Physician,NA,NA,NA,NA,NA,Ex-US,NA,NA,NA,NA,NA,NA,NA,High,3,2,9,9,9,0,0,0,0,0,9,0,TRUE,NA,88.619,7.125,NA,NA,NA,NA,NA,NA,NA,NA,NA,NA,NA,NA,NA,NA,NA,NA,NA,NA,NA,NA,NA,NA,NA,NA,NA,NA,NA,NA,NA,NA,NA,NA,NA,NA,NA,NA,NA,NA,NA,NA,NA,1,1,0,What or What/Why,What + Why,Attending,Physician,11,Physician,2
30,134,FALSE,R_3Ga25Q1UHUwex18,NA,NA,Midlevel Provider,NA,NA,NA,NA,NA,Ex-US,NA,NA,NA,NA,NA,NA,NA,High,1,1,1,0.5,5.5,0.5,0.5,5,4.5,0.5,5.5,5,TRUE,0.1,71.037,22.391,NA,NA,NA,NA,NA,NA,NA,NA,NA,NA,NA,NA,NA,NA,NA,NA,NA,NA,NA,NA,NA,NA,NA,NA,NA,NA,NA,NA,NA,NA,NA,NA,NA,NA,NA,NA,NA,NA,NA,NA,NA,0,0,0,Global Only,Global,Non-Physician,Non-Physician,7.5,Midlevel Provider,1
30,307,FALSE,R_3O9tzmzsU193IKM,NA,NA,Midlevel Provider,NA,NA,NA,NA,NA,Ex-US,NA,NA,NA,NA,NA,NA,NA,High,2,1,5.5,4,5.5,1.5,1.5,1.5,0,1.5,5.5,1.5,TRUE,1,114.675,20.669,NA,NA,NA,NA,NA,NA,NA,NA,NA,NA,NA,NA,NA,NA,NA,NA,NA,NA,NA,NA,NA,NA,NA,NA,NA,NA,NA,NA,NA,NA,NA,NA,NA,NA,NA,NA,NA,NA,NA,NA,NA,1,0,0,What or What/Why,What,Non-Physician,Non-Physician,7.5,Midlevel Provider,1
30,531,FALSE,R_PXNN0nU84tdTMGt,NA,NA,Physician,NA,NA,NA,NA,NA,Ex-US,NA,NA,NA,NA,NA,NA,NA,High,3,1,5.5,6,5.5,-0.5,0.5,0.5,0,0.5,5.5,0.5,TRUE,1,148.635,20.956,NA,NA,NA,NA,NA,NA,NA,NA,NA,NA,NA,NA,NA,NA,NA,NA,NA,NA,NA,NA,NA,NA,NA,NA,NA,NA,NA,NA,NA,NA,NA,NA,NA,NA,NA,NA,NA,NA,NA,NA,NA,1,1,0,What or What/Why,What + Why,Attending,Physician,7.5,Physician,1
26,358,FALSE,R_2nu5HFRdcIyeHtv,NA,NA,Midlevel Provider,NA,NA,NA,NA,NA,Ex-US,NA,NA,NA,NA,NA,NA,NA,Low,2,1,5,5,5.5,0,0,0.5,0.5,0,9.5,4.5,NA,0,111.635,36.634,NA,NA,NA,NA,NA,NA,NA,NA,NA,NA,NA,NA,NA,NA,NA,NA,NA,NA,NA,NA,NA,NA,NA,NA,NA,NA,NA,NA,NA,NA,NA,NA,NA,NA,NA,NA,NA,NA,NA,NA,NA,1,0,0,What or What/Why,What,Non-Physician,Non-Physician,7.5,Midlevel Provider,1
26,189,FALSE,R_1PaWnshIei20q5s,NA,NA,Nurse,NA,NA,NA,NA,NA,Ex-US,NA,NA,NA,NA,NA,NA,NA,Low,2,1,3,0,5.5,3,3,5.5,2.5,3,9.5,9.5,NA,0.3157894736842105,99.86,32.335,NA,NA,NA,NA,NA,NA,NA,NA,NA,NA,NA,NA,NA,NA,NA,NA,NA,NA,NA,NA,NA,NA,NA,NA,NA,NA,NA,NA,NA,NA,NA,NA,NA,NA,NA,NA,NA,NA,NA,NA,NA,1,0,0,What or What/Why,What,Non-Physician,Non-Physician,7.5,Nurse,1
26,193,FALSE,R_231O8nhui5pZB66,NA,NA,Physician,NA,NA,NA,NA,NA,Ex-US,NA,NA,NA,NA,NA,NA,NA,Low,2,1,5,2.5,5.5,2.5,2.5,3,0.5,2.5,9.5,7,NA,0.35714285714285715,76.053,101.548,NA,NA,NA,NA,NA,NA,NA,NA,NA,NA,NA,NA,NA,NA,NA,NA,NA,NA,NA,NA,NA,NA,NA,NA,NA,NA,NA,NA,NA,NA,NA,NA,NA,NA,NA,NA,NA,NA,NA,NA,NA,1,0,0,What or What/Why,What,Attending,Physician,7.5,Physician,1
26,143,FALSE,R_2ceAD98whAmLvLN,NA,NA,Physician,NA,NA,NA,NA,NA,Ex-US,NA,NA,NA,NA,NA,NA,NA,High,4,1,5.5,3,5.5,2.5,2.5,2.5,0,2.5,5.5,2.5,TRUE,1,88.632,35.801,NA,NA,NA,NA,NA,NA,NA,NA,NA,NA,NA,NA,NA,NA,NA,NA,NA,NA,NA,NA,NA,NA,NA,NA,NA,NA,NA,NA,NA,NA,NA,NA,NA,NA,NA,NA,NA,NA,NA,NA,NA,1,1,1,What + Why + How,What + Why + How,Resident,Physician,7.5,Physician,1
26,31441,FALSE,R_eDO0fJHbOrnbkel,NA,NA,Pharmacist,NA,NA,NA,NA,NA,Ex-US,NA,NA,NA,NA,NA,NA,NA,High,3,1,5.5,5,5.5,0.5,0.5,0.5,0,0.5,5.5,0.5,TRUE,1,134.366,40.434,NA,NA,NA,NA,NA,NA,NA,NA,NA,NA,NA,NA,NA,NA,NA,NA,NA,NA,NA,NA,NA,NA,NA,NA,NA,NA,NA,NA,NA,NA,NA,NA,NA,NA,NA,NA,NA,NA,NA,NA,NA,1,1,0,What or What/Why,What + Why,Non-Physician,Non-Physician,7.5,Pharmacist,1
