TotalDuration,ResponseId,LocationLatitude,LocationLongitude,PtsPerMonth,KidneyPct,Role,Physician,Age,Gender,YearsExperience,ImmunosxApproach,AI_Nest,AI_Roomba,AI_SmartSpeaker,AI_Drone,AI_car,AI_Reliance,GenTrust1,GenTrust2,GenTrust3,GenTrust4,GenTrust5,GenTrust6,Scenario,CorrectDose,AIDose,Time,Explanation,Quality,InitialDose,ConfidenceInitial,AITime,FinalDose,ConfidenceFinal,AIConsideration,QualityRating,Sensible,Competence1,Competence2,EmotionalTrust1,EmotionalTrust2,EmotionalTrust3,ReccConsideration,Verbatim,Interpretability1,Interpretability2,ExplanationQualit,DistanceInitial,DistanceFinal,Movement,AbsMovement,Improvement,QualFeedback_DidNotUse,Disagreement,WeightOnAdvice,Incorporation,Quality_Manipulation_Worked,CloseInitially,Scenaro,EmotionalTrust,Interpretability,TrustTech,StartingDose
NA,R_2b2IC65bBogjVJs,40.78100586,-73.95010376,50,96,Physician,Physician,6,Male,34,"Our group follows well defined protocols, and we work well together.",3,3,3,3,3,NA,4,4,4,4,4,4,1,4,8,69.773,Global,Low,6,6,23.682,6,6,10,3,3,3,3,3,3,3,It did not.,0,NA,NA,NA,2,2,0,0,0,I used my best educated guess.  I have also been using tacrolimus as long or longer than anyone on the planet (since 1989).,2,0,Disregard,TRUE,FALSE,2,3,NA,4,6
NA,R_2SelUAniCTuipX8,33.86540222,-84.33850098,45,30,Physician,Physician,3,Male,7,more aggressive in followup (lower dosing),3,3,6,3,3,Google and siri - basic tasks,5,4,4,4,4,4,1,4,8,77.009,Global,Low,6,6,17.034,6,6,60,NA,4,4,4,4,4,4,Supported it; i just want to err on the side of lower dose (fails better),0,NA,NA,NA,2,2,0,0,0,Supported it; i just want to err on the side of lower dose (fails better),2,0,Disregard,TRUE,FALSE,2,4,NA,4.166666666666667,6
NA,R_26o5a1yKOzmIYVv,41.8710022,-87.62889862,40,96,Physician,Physician,4,Male,15,About the same as colleagues,3,3,5,3,3,I basically only use the voice commands and search functions.,2,2,2,4,3,4,1,4,8,77.614,Global,Low,4,5,52.766,4,5,29,2,3,2,2,3,3,2,It did not match with my intuition so I was skeptical,0,NA,NA,NA,0,0,0,0,0,It did not match with my intuition so I was skeptical,4,0,Disregard,TRUE,TRUE,2,2.6666666666666665,NA,2.8333333333333335,6
NA,R_1jNAVZoO6X3Kjee,39.18110657,-84.34500122,70,74,Physician,Physician,3,Male,10,NA,3,3,3,3,3,NA,3,1,2,3,4,2,1,4,8,87.48,Global,Low,4,6,42.474,4,6,0,3,1,2,1,3,2,1,None,0,NA,NA,NA,0,0,0,0,0,Just seems much higher than expected,4,0,Disregard,TRUE,TRUE,2,2,NA,2.5,6
NA,R_2v0uTaubBVXiPbG,54.65809631,-5.904495239,50,52,Physician,Physician,3,Male,1,"Our protocols for immunosuppression are a bit unconventional but maybe helpful at the moment given the prevalence of Covid. We don’t use induction. And our enhanced immunosuppression is just basiliximab (and only for <40 years old recipients and poor HLA mismatches i.e. 2DR or 2B and 1DR). Maintenance Immunosuppression is with prednisolone, mycophenolate mofetil and tacrolimus (target trough>10µg/L)",3,3,7,3,3,"Alexa to play music, radio and turn on lights.",4,4,4,4,4,4,1,4,8,88.119,Global,Low,6,1,34.482,8,3,70,4,4,3,2,3,3,3,I don’t do transplant follow up clinics so rarely as a surgeon do I have to make a decision like this. I know from speaking to my colleagues that they consider a multitude of factors when making these decisions. I’m not sure AI system could replicate that but I’m sure it would competently interpret data.,1,NA,NA,NA,2,4,2,2,-2,NA,2,1,Adopt,TRUE,FALSE,2,3,NA,4,6
NA,R_2aCFpWWk3iRtNrq,55.94949341,-3.198303223,30,0,Physician,Physician,5,Male,25,IN general I am probably more conservative in my dosing than colleagues.,6,3,4,3,3,not much experience except heating control in the home,5,5,4,5,5,5,1,4,8,148.084,Global,Low,6,5,57.936,6,5,70,4,4,4,4,4,4,3,I like to know patient weight when calculating CNI doses and we weren't given that. I k new I was in the right ball park but wanted to effect a slower change the the AI system hence I stuck with my original decision but the AI estimate was reassuring.,0,NA,NA,NA,2,2,0,0,0,see above,2,0,Disregard,TRUE,FALSE,2,3.6666666666666665,NA,4.833333333333333,6
NA,R_VUqz3MIg2eWktlD,39.86549377,-86.12200165,150,92,Physician,Physician,4,Male,18.5,prefer low levels over toxic levels,3,3,3,3,3,NA,4,4,4,4,4,4,1,4,8,151.486,Global,Low,0,7,27.09,0,7,1,1,1,1,1,1,2,2,did not,0,NA,NA,NA,4,4,0,0,0,I would not have resumed tacrolimus with a level of 20,8,0,Disregard,FALSE,FALSE,2,1.6666666666666667,NA,4,6
NA,R_3Eyhzwlr3tKYo2P,32.82150269,-80.05680084,60,10,Physician,Physician,4,Male,16,conservative,3,4,3,3,3,no prior experience with AI that i can recall,4,4,4,5,5,4,1,4,8,168.659,Global,Low,6,5,57.015,6,5,29,4,3,4,3,4,3,4,"caused me to pause and reconsider my thought process
",0,NA,NA,NA,2,2,0,0,0,"i reconsidered my initial thought, but ultimately went with the dose that I chose because patient had previously  had good stable level on that dose",2,0,Disregard,TRUE,FALSE,2,3.6666666666666665,NA,4.333333333333333,6
NA,R_2f428MNsBThrYil,39.36450195,-76.60690308,30,50,Physician,Physician,3,Female,6,NA,5,6,6,3,3,"gps mapping, smartphone for all daily tasks, ride share apps, spam filters, mobile check deposits",4,NA,5,5,5,5,1,4,8,32.197,What,Low,4,4,23.259,4,4,50,3,3,3,3,3,3,3,made me pause and reconsider my decision,0,3,3,NA,0,0,0,0,0,NA,4,0,Disregard,TRUE,TRUE,2,3,3,NA,6
NA,R_241Xk4fdJUSNbhj,39.21510315,-76.7539978,20,100,Physician,Physician,3,Female,10,Less is more,3,5,3,3,3,none - I like using my brain. Not sure I own much AI equipment,2,4,4,4,3,2,1,4,8,80.856,What,Low,4,5,79.956,8,1,100,2,2,2,2,2,2,2,I allowed it to under the assumption that it is good,1,5,1,yes but it confused me,0,4,4,4,-4,It did not give other options - like when to repeat the tac level which would have influenced my opinion more than purely the recommendation from AI,4,1,Adopt,TRUE,TRUE,2,2,3,3.1666666666666665,6
NA,R_3F4lal9l7SiinLD,32.37789917,-90.12729645,25,30,Physician,Physician,4,Male,15,"I am more conservative and more comfortable with moderate to low maintenance levels than my average colleague.  I also change my ""aggressiveness"" based on presence or absence of low dose steroid in kidney transplant.",3,5,3,3,3,"I have little experience other than thermostats, timers, fireTV, and sensors on cars (oil change, adaptive cruise, etc)",4,3,3,3,3,2,1,4,8,90.764,What,Low,4,6,34.061,4,6,30,3,3,3,2,3,1,2,It did not.  It was interesting to correlate however.,0,2,2,I did not,0,0,0,0,0,Experience with those exact scenarios and observations of past outcomes.,4,0,Disregard,TRUE,TRUE,2,2,2,3,6
NA,R_bq1ALmS2luaZoEF,43.10299683,-89.50730133,20,50,Physician,Physician,4,Male,19,more aggressive,3,3,3,3,3,NA,5,5,4,4,4,4,1,4,8,104.337,What,Low,4,6,31.034,6,6,75,4,4,3,3,3,3,3,It forced me to increase my dose a little.,0,5,5,NA,0,2,2,2,-2,I didn't trust the recommendation entirely.,4,0.5,Modify,TRUE,TRUE,2,3,5,4.333333333333333,6
NA,R_Ab7hvwImY0Cn2UN,47.61439514,-122.344696,4,17,Physician,Physician,2,Female,2,Conservative,3,3,5,3,3,"Setting a timer, playing music",4,3,4,4,4,4,1,4,8,110.029,What,Low,6,2,26.986,8,5,73,4,4,4,4,3,3,3,Appreciated clarity of recommendation,1,4,4,"I considered the explanation, could be helpful to have citations",2,4,2,2,-2,NA,2,1,Adopt,TRUE,FALSE,2,3,4,3.8333333333333335,6
NA,R_11byq0SOdhVYymb,53.22529602,6.581298828,30,96,Physician,Physician,3,Male,6,Average,3,3,3,3,3,NA,4,3,4,3,3,3,1,4,8,122.214,What,Low,10,3,36.098,8,5,82,4,4,4,4,4,4,3,Quite a lot,1,3,2,Not very helpful,6,4,-2,2,2,N/a,2,1,Adopt,FALSE,FALSE,2,3.6666666666666665,2.5,3.3333333333333335,6
NA,R_3nMkCeUMW7YbEGN,35.99679565,-78.89550018,30,12,Physician,Physician,5,Female,26,Conservative,3,3,5,3,3,"Find recipes, play music set cooking timers",5,4,3,4,4,4,1,4,8,132.752,What,Low,2,5,48.019,2,5,6,1,1,1,2,2,1,2,It did not as it seemed totally wrong,0,1,1,Not really because unclear whilst it meant,2,2,0,0,0,Because it seemed dangerous!,6,0,Disregard,FALSE,FALSE,2,1.6666666666666667,1,4,6
NA,R_eQGHXRKS2ngd0xX,40.47250366,-79.9108963,100,12,Physician,Physician,5,Male,21,More conservative in dosing. Target lower levels of immunosuppression,6,3,3,3,3,Thermostat to adjust temperature for house,4,3,4,4,4,2,1,4,8,142.249,What,Low,4,5,63.966,4,5,0,1,1,1,1,1,1,1,Had no effect,0,3,2,Did not consider,0,0,0,0,0,I dont think it was a safe decision,4,0,Disregard,TRUE,TRUE,2,1,2.5,3.5,6
NA,R_3m3r3877o9GASIl,32.79670715,-117.1367035,15,32,Physician,Physician,4,Male,12,I tend to use less IS than my colleagues,3,3,5,3,3,I use AI in music selection and find it spotty as to aligning with my tastes,5,2,3,4,2,4,1,4,8,195.69,What,Low,10,5,79.108,8,5,70,5,5,4,3,4,4,3,re-inforcing the logic with a more accurate prediction,1,4,5,"yes, to understand the logic and apply to my final decision",6,4,-2,2,2,if I did not totally follow the recs I may have disagreed with the target the AI was shooting for,2,1,Adopt,FALSE,FALSE,2,3.6666666666666665,4.5,3.3333333333333335,6
NA,R_u9Xhx965zgvtdZL,42.32679749,-71.13410187,20,90,Physician,Physician,3,Male,4,more aggressive,3,6,6,3,3,"cleaning and vacuuming
some driving tasks
",4,4,4,4,4,4,1,4,4,70.821,Global,High,6,5,22.409,4,5,71,3,3,4,3,3,4,3,changed the dose a bit,1,NA,NA,NA,2,0,-2,2,2,"it was close to my clinical judgment, so i stayed with that",2,1,Adopt,TRUE,FALSE,2,3.3333333333333335,NA,4,6
NA,R_2AEWmdkUZP8HSYl,32.82460022,-117.1970978,25,61,Physician,Physician,3,Female,8,"I am about at the same level of my colleagues, aiming to get the immunosuppression dose at our protocol levels, with taking into account side effects and infection risk in individual patients. I am more likely to decrease immunosuppression than others in those situations.",5,4,4,3,3,To adjust my thermostat to my decided values.  I do use Siri on the iPhone often with apple play in the car.,4,5,4,4,4,4,1,4,4,82.767,Global,High,4,4,28.182,4,4,90,3,3,3,2,3,3,2,"Only reinforced my decision, recommendation was the same",0,NA,NA,NA,0,0,0,0,0,NA,0,NA,Disregard,TRUE,TRUE,2,2.6666666666666665,NA,4.166666666666667,6
NA,R_24qHjR7LJadgpOx,38.90109253,-77.04519653,30,100,Physician,Physician,6,Male,33,Aggressive,3,3,3,3,3,NA,5,5,5,5,5,5,1,4,4,91.063,Global,High,2,4,60.41,4,5,70,4,4,4,3,4,4,3,Changed my decision because the decision is an educated guess.,1,NA,NA,NA,2,0,2,2,2,I changed to the AI decision.,2,1,Adopt,TRUE,FALSE,2,3.6666666666666665,NA,5,6
NA,R_5swsuZtk522iIdb,29.77380371,-95.40599823,30,72,Physician,Physician,4,Male,11,More conservative,3,6,4,3,3,Roomba vacuum to find and clean and self navigate,3,3,3,3,3,3,1,4,4,104.522,Global,High,1,5,21.171,4,4,50,3,3,3,2,2,2,2,Moderately,1,NA,NA,NA,3,0,3,3,3,"Concerned AI system did not fully understand the issue in both restarting in face of high trough levels, voriconzale treatment as well as infectious history post transplant",3,1,Adopt,TRUE,FALSE,2,2,NA,3,6
NA,R_1eFTGg2JxILcAL1,38.81550598,-77.12049866,15,90,Physician,Physician,3,Female,7,small incremental changes...aggressive to get to therapeutic level and then small changes at maintenance,3,5,3,3,3,Roomba is a vacuum....it vacuums as it's supposed to,4,4,4,4,4,4,1,4,4,114.332,Global,High,6,6,93.648,6,6,10,2,2,2,2,2,2,2,It didn't.,0,NA,NA,NA,2,2,0,0,0,Pt was stable on 3 mg bid before infection.,2,0,Disregard,TRUE,FALSE,2,2,NA,4,6
NA,R_25TrMy5niJhjWhD,42.28070068,-83.78009796,8,75,Physician,Physician,2,Male,2,Conservative,6,5,7,3,3,"Home temperature regulation, home speakers",4,4,4,4,4,4,1,4,4,115.701,Global,High,4,4,31.581,4,5,75,4,5,4,4,4,4,4,Supported my clinical decision,0,NA,NA,NA,0,0,0,0,0,N/A,0,NA,Disregard,TRUE,TRUE,2,4,NA,4,6
NA,R_Q5I4A6T4VxSrqmd,29.61380005,-82.38600159,30,19,Physician,Physician,4,Male,11,NA,6,3,6,3,3,"Simple automated tasks like music, speakers, timing, searches",3,3,3,3,3,4,1,4,4,124.717,Global,High,2,4,63.484,4,4,50,3,3,3,3,3,3,3,It adjust my expectations.,1,NA,NA,NA,2,0,2,2,2,NA,2,1,Adopt,TRUE,FALSE,2,3,NA,3.1666666666666665,6
NA,R_s7qfrgRNFHi1Qhb,19.51289368,-99.23660278,8,50,Physician,Physician,2,Male,2,I think I am morenconservative,3,3,5,3,3,"Not to much, I am getting used to them",5,5,4,4,3,4,1,4,4,164.276,Global,High,12,5,55.176,8,2,80,4,4,4,4,3,3,4,Totaly,0,NA,NA,NA,8,4,-4,4,4,NA,8,0.5,Modify,TRUE,FALSE,2,3.3333333333333335,NA,4.166666666666667,6
NA,R_2OTRPXb7IkGJeEf,32.79429626,130.7414856,100,100,Physician,Physician,3,Male,15,Might be so,3,7,3,3,3,"Assisting the decision making, navigating the right way to solve the problem. I thought I would like see the possibility range of suggestions (95% CI).",1,1,2,1,1,1,1,4,4,90.451,What,High,6,7,45.15,5,5,77,3,3,3,3,3,3,3,The effect of VCZ lasts longer than I thought via AI.,0,4,4,NA,2,1,-1,1,1,My past experience.,2,0.5,Modify,TRUE,FALSE,2,3,4,1.1666666666666667,6
NA,R_1DSf84uq7zyPKPZ,43.07249451,-89.44909668,20,89,Physician,Physician,5,Male,30,More aggressive,3,3,3,3,3,NA,5,5,5,5,4,4,1,4,4,122.089,What,High,1,3,60.867,1,4,10,2,1,2,2,2,1,3,Did not,0,1,1,No,3,3,0,0,0,I believe the dosing should be held until the next Tac level was obtained. Each pt is different and the metabolic effect on Tac levels can be individualized by waiting to observe next level before prescribing the next dose.,3,0,Disregard,TRUE,FALSE,2,2,1,4.666666666666667,6
NA,R_1LbR4KPCbvmJOCW,44.75030518,-79.82240295,40,50,Physician,Physician,4,Male,20,"adjust and check, avoid large changes if possible, take side effects in consideration, equal conservative as my colleagues",3,3,4,3,3,I do not have any experience with AI devices,4,4,4,4,3,3,1,4,4,122.1,What,High,6,6,80.282,6,5,7,2,2,2,2,2,3,3,did not affect my decission,0,2,2,"did not consider the recommendation, I will aim for the same tac dose prior Voriconazole treatment",2,2,0,0,0,because I had pre-Voriconazol dose available that achieved a good target level,2,0,Disregard,TRUE,FALSE,2,2.6666666666666665,2,3.6666666666666665,6
NA,R_BDmHt2pz4FgRJoR,45.46099854,-122.7052002,8,20,Physician,Physician,7,Male,40,More conservative.,4,3,4,3,7,"Remaining lifetime calculations for transplant candidates with multiple co-morbidities, frailty scores for transplant candidates, drug interactions, drug dosing recommendations, EKG interpretations, procedure and clinic scheduling.",5,5,4,5,5,3,1,4,4,138.623,What,High,0,6,47.397,0,6,20,3,2,3,2,3,3,3,Not much.,0,5,3,Yes. But the tacrolimus blood levels were so high that I would watch the rate of decline in the blood levels before re-instituting tacrolimus. My concerns were nephrotoxicity and neurotoxicity.,4,4,0,0,0,The doses were too high to achieve the target blood levels in a timely fashion.,4,0,Disregard,TRUE,FALSE,2,3,4,4.5,6
NA,R_2ZQdnYmVe9jkfh2,39.65620422,-104.7865982,100,39,Physician,Physician,5,Female,25,tend to run tac levels on the lower side,4,3,3,3,3,I don't rely on AI for any tasks,4,3,3,3,4,3,1,4,4,145.119,What,High,2,5,36.685,4,6,85,4,4,4,4,3,3,3,confirmed my decision,1,5,5,"re-enforced my decision, gave more confidence in the decision",2,0,2,2,2,NA,2,1,Adopt,TRUE,FALSE,2,3,5,3.3333333333333335,6
NA,R_z6xX4gJfHutDEfn,35.19360352,-80.68650055,25,100,Physician,Physician,4,Female,20,Aggressive,3,3,3,3,3,NA,5,4,3,3,2,2,1,4,4,154.161,What,High,6,7,46.16,6,6,0,1,1,2,1,1,1,1,Not at all,0,5,1,"Without data or references, I have no reason to believe the AI",2,2,0,0,0,"It is not consistent with my practice, and it provided no justification for its decision",2,0,Disregard,TRUE,FALSE,2,1,3,3.1666666666666665,6
NA,R_1IE4O6Vz5boIf9E,40.82460022,-73.81500244,30,92,Physician,Physician,3,Male,3,more conservative,3,3,6,3,3,"Alexa plays music, and turns on a few lights on command",4,4,4,4,2,3,1,4,4,321.282,What,High,6,5,32.036,4,5,90,4,4,4,2,3,3,3,it helped slightly,1,3,3,"yes, but this explanation wasn't very clear. a little more detail would've helped",2,0,-2,2,2,NA,2,1,Adopt,TRUE,FALSE,2,3,3,3.5,6
NA,R_2TZxi2XkhKq5PCX,39.08309937,-94.58529663,50,92,Physician,Physician,4,Male,10,conservative,5,5,5,3,3,I do not use AI device at all in my life,3,3,2,3,4,3,1,4,8,68.383,Global,Low,12,6,26.59,12,6,50,3,3,3,3,3,3,3,did not,0,NA,NA,NA,8,8,0,0,0,don't like to follow,4,0,Disregard,FALSE,FALSE,2,3,NA,3,6
NA,R_1E0Y9T7IY4tLYFT,-37.81590271,144.9668884,90,100,Physician,Physician,3,Male,10,"Middle of the pack in AUS, but perhaps compared to USA, less aggressive.",3,3,3,3,3,NA,2,2,3,2,4,4,1,4,8,91.666,Global,Low,5,7,44.597,5,7,0,2,2,2,2,2,2,2,Not at all.,0,NA,NA,NA,1,1,0,0,0,"Given the patient had a fungal UTI, I think a lower target tacrolimus level target is warranted, and so I think the AI proposed dose was too high. Additionally, I was surprised the AI proposed a dose higher than the pre-voriconazole tacrolimus dose, which was efficacious at achieving a substantial tac level.",3,0,Disregard,TRUE,TRUE,2,2,NA,2.8333333333333335,6
NA,R_6P8W1ieyEWBCDF7,40.74279785,-73.97119904,5,3,Physician,Physician,6,Male,10,Middle of the road,3,3,5,3,3,Minimal use of these types of devices,3,3,2,3,3,3,1,4,8,93.439,Global,Low,4,4,49.579,6,4,33,3,2,3,3,3,3,3,Minimally,0,NA,NA,NA,0,2,2,2,-2,Seemed drastic change,4,0.5,Modify,TRUE,TRUE,2,3,NA,2.8333333333333335,6
NA,R_2SHaRbAQnTvPHFH,35.71780396,-78.84279633,100,81,Physician,Physician,3,Female,2,Depends on patient,7,6,4,3,3,"vacuuming and setting desired temp at home,",3,3,3,3,3,4,1,4,8,100.955,Global,Low,4,5,19.458,6,5,71,4,3,3,3,3,3,2,Increased the dose a bit,0,NA,NA,NA,0,2,2,2,-2,I believed the dose should not be increased as much at first,4,0.5,Modify,TRUE,TRUE,2,2.6666666666666665,NA,3.1666666666666665,6
NA,R_1N8K9b8Np50Js9z,46.05029297,14.5045929,50,71,Physician,Physician,4,Male,15,More aggresive.,7,5,3,3,3,"Smart home, home appliances. Apple Health & Fitness.",4,4,3,4,4,4,1,4,8,123.523,Global,Low,4,4,30.742,8,5,100,5,4,4,4,4,4,4,It definitely affect final decision.,1,NA,NA,NA,0,4,4,4,-4,NA,4,1,Adopt,TRUE,TRUE,2,4,NA,3.8333333333333335,6
NA,R_3kbPgX4xGE2PZEM,28.63270569,77.2197876,100,92,Physician,Physician,2,Male,2,Aggressive,5,7,7,3,3,Basic tasks. Own a roomba which helps with cleaning. A smart speaker is for basic info and entertainment only.,4,4,4,4,4,4,1,4,8,126.775,Global,Low,6,6,25.463,6,6,73,4,3,3,2,3,2,3,Considered change in dose but stuck to my original decision,0,NA,NA,NA,2,2,0,0,0,The dose recommended by the system seemed higher than desired levels,2,0,Disregard,TRUE,FALSE,2,2.6666666666666665,NA,4,6
NA,R_1jCfw9bFtucDtww,39.97439575,-86.082901,10,88,Physician,Physician,4,Male,15,Aggressive,3,3,5,3,3,Not much to do with AI so far,4,4,4,4,5,4,1,4,8,168.34,Global,Low,6,4,46.363,6,5,56,4,4,4,3,3,4,4,A little,0,NA,NA,NA,2,2,0,0,0,Based on clinical scenario,2,0,Disregard,TRUE,FALSE,2,3.6666666666666665,NA,4.166666666666667,6
NA,R_1N4H6wXgnmcBbAP,51.97160339,7.606796265,250,92,Physician,Physician,3,Male,9,conservative,3,3,3,3,3,NA,4,4,3,4,4,4,1,4,8,173.167,Global,Low,2,5,27.075,4,5,50,3,3,3,2,3,2,3,"My approach is different, I would start with lower dosage, measure in the following the trough and would readjust in 48 h",0,NA,NA,NA,2,0,2,2,2,"My approach is different, I would start with lower dosage, measure in the following the trough and would readjust in 48 h; in case you don want to measure trough and you will discharge the Patient you may follow the A1 decision",6,0.3333333333333333,Modify,FALSE,FALSE,2,2.6666666666666665,NA,3.8333333333333335,6
NA,R_3qCMRNZhSWHZT3W,47.68589783,-122.2994003,30,100,Physician,Physician,2,Female,1,"I try to look at trend, timing from transplant, risk/benefit..
I am a fellow and still learning.",3,3,3,3,3,NA,4,4,4,4,3,3,1,4,8,192.912,Global,Low,1,3,53.811,6,3,60,3,3,3,3,3,3,3,It made me increase the dose,0,NA,NA,NA,3,2,5,5,1,I felt it will lead to a supratherapeutic level since we are starting with a trough already high ~20,7,0.7142857142857143,Modify,FALSE,FALSE,2,3,NA,3.6666666666666665,6
NA,R_1jWghNzu5PlzLpE,42.34269714,-71.09220123,40,41,Physician,Physician,3,Male,3,about the same,3,3,6,3,3,"Weather, reminders, entertainment",4,1,2,2,2,3,1,4,8,1544.675,Global,Low,6,6,47.027,6,6,20,3,3,3,2,2,3,3,it did not,0,NA,NA,NA,2,2,0,0,0,"I felt the dose recommendation was too high, based on patient's past history",2,0,Disregard,TRUE,FALSE,2,2.6666666666666665,NA,2.3333333333333335,6
NA,R_32XcMOBZRxZsyJs,34.79020691,-92.50440216,60,84,Physician,Physician,3,Female,10,Conservative,3,NA,7,3,3,I use alexa for shopping lists,4,4,4,3,4,4,1,4,8,34.053,What,Low,6,4,15.054,2,3,67,3,3,3,3,3,4,4,Dose adjustment,0,4,4,No,2,2,-4,4,0,Worried about overcorrection,2,2,Disregard,TRUE,FALSE,2,3.6666666666666665,4,3.8333333333333335,6
NA,R_9Zuy66aSOYqXG01,-34.92739868,138.6004944,15,19,Physician,Physician,4,Female,20,Conservative and use TDM frequently rather than dosing algorithms,3,3,3,3,4,"Siri on iphone, no other AI devices.",4,5,5,4,3,3,1,4,8,47.156,What,Low,4,5,31.295,4,5,3,2,2,2,2,2,2,2,I thought the dose was too high. I would be concerned about prescribing this dose. I preferred t prescribe a lower doe and measure levels.,0,2,1,Somewhat but I erred on teh side of avoiding toxicity again,0,0,0,0,0,see above answer,4,0,Disregard,TRUE,TRUE,2,2,1.5,4,6
NA,R_7805djyI4Mo3249,39.93400574,-75.16000366,300,70,Physician,Physician,3,Female,11,Middle of the road,3,3,3,3,3,NA,4,3,3,4,3,3,1,4,8,59.826,What,Low,6,6,31.963,6,6,8,2,2,3,2,2,3,2,It did not affect it,0,4,4,the effect wears off,2,2,0,0,0,Based on clinical experience,2,0,Disregard,TRUE,FALSE,2,2.3333333333333335,4,3.3333333333333335,6
NA,R_2uKhdKIO9n8UIX0,37.55029297,-77.39420319,200,92,Physician,Physician,3,Male,9,aggressive,7,7,7,3,7,moderate user. will rely on for tasks that do not require a lot of privacy information.,4,4,3,4,4,4,1,4,8,75.161,What,Low,6,6,33.5,6,6,50,3,3,3,3,3,4,3,it somewhat confirmed my impression,0,3,2,no. inadequate explanation,2,2,0,0,0,patient was doing well on 3 bid for a long time prior to voriconazole initiaton,2,0,Disregard,TRUE,FALSE,2,3.3333333333333335,2.5,3.8333333333333335,6
NA,R_3GCl5SWyoCcITKj,-27.46730042,153.0325928,10,100,Physician,Physician,3,Female,10,target lower range trough levels,3,3,3,3,3,NA,2,2,2,2,3,3,1,4,8,81.049,What,Low,2,5,42.953,2,5,19,1,1,2,2,2,2,2,"it didn't , that dose would give too high a level of tacro",0,5,5,good check that I am considering the correct drug,2,2,0,0,0,that dose would give too high a level of tacro,6,0,Disregard,FALSE,FALSE,2,2,5,2.3333333333333335,6
NA,R_26g5vdu81I4u9mX,40.01809692,-83.01170349,300,81,Physician,Physician,5,Male,25,more aggressive in terms of dosing,3,3,7,3,5,use devices to achieve goals in terms of temperature or road conditions,5,4,5,5,5,4,1,4,8,110.858,What,Low,6,6,25.476,6,6,81,3,4,3,2,3,3,3,another piece of data to consider,0,3,2,did not fully explain reason for dose change,2,2,0,0,0,based on extrinsic factors not considered by AI,2,0,Disregard,TRUE,FALSE,2,3,2.5,4.666666666666667,6
NA,R_1l4YCFTqIyOBZEK,40.54570007,-80.05079651,50,89,Physician,Physician,3,Male,8,Conservative,7,5,5,4,3,Not a heavy user of AI. K use NEST Thermostat to conserve energy when household is not occupied.,4,3,4,4,4,2,1,4,8,122.638,What,Low,4,5,79.465,6,5,20,2,2,2,2,2,2,2,"Since the recommendation was different than what I prescribed, it may think some more about why there was a difference.",0,1,1,No,0,2,2,2,-2,Used my own clinical judgement.,4,0.5,Modify,TRUE,TRUE,2,2,1,3.5,6
NA,R_2wH9jtKNTo0Hxz7,43.47659302,-96.7052002,100,95,Physician,Physician,5,Male,27,about the same,7,3,3,3,3,I have very little experience with AI,3,3,2,3,3,2,1,4,8,124.436,What,Low,2,4,46.188,4,5,51,3,3,3,1,3,3,2,I adjusted my gut feeling on the dose,0,NA,NA,I thought it overestimated the voriconazole effect after discontinuation of the dose,2,0,2,2,2,NA,6,0.3333333333333333,Modify,FALSE,FALSE,2,2.6666666666666665,NA,2.6666666666666665,6
NA,R_2dR3jH23et59Y1p,29.77380371,-95.40599823,30,19,Physician,Physician,3,Male,5,more aggressive,3,5,5,3,3,scheduling tasks (vacuuming) and checking weather,3,3,3,3,2,2,1,4,8,184.681,What,Low,4,5,29.289,6,5,30,2,2,3,2,2,2,2,increased dose,0,5,3,Yes - but the recommendation did not match prior knowledge about the patient,0,2,2,2,-2,recommended dose was greater than what patient was previously taking when in therapeutic range,4,0.5,Modify,TRUE,TRUE,2,2,4,2.6666666666666665,6
NA,R_vTCzGBKJOKL1Yyt,43.71240234,-79.36440277,100,100,Physician,Physician,4,Male,12,Tend to be conservative,3,4,5,3,3,I use Siri on my iPhone and follow some of the recommendations it provides. I also ask question of my Google Home and use the information provided.,4,2,2,2,3,3,1,4,8,244.29,What,Low,6,5,73.275,6,5,60,3,3,3,2,3,3,3,I considered the recommendation,0,2,2,Not really,2,2,0,0,0,N/A,2,0,Disregard,TRUE,FALSE,2,3,2,2.6666666666666665,6
NA,R_2rPjBssVehML3aS,45.82929993,15.97929382,80,40,Physician,Physician,2,Female,7,Conservative,3,6,3,3,3,"Not much. Robots, google autofill.",4,5,5,4,5,4,1,4,8,702.374,What,Low,5,5,81.346,5,4,30,3,3,3,2,3,3,1,Little,0,5,5,No,1,1,0,0,0,Because I believe myself more,3,0,Disregard,TRUE,TRUE,2,2.3333333333333335,5,4.5,6
NA,R_2sbVs8bs7OZQBn2,37.98420715,23.73530579,120,50,Physician,Physician,4,Female,8,more conservative,6,3,4,5,5,"simply tasks, tested for long time",4,5,4,4,4,4,1,4,8,849.447,What,Low,3,5,115.818,3,5,50,2,2,2,2,2,3,2,did not affect,0,5,5,"i based on voriconazole half life, and the tac levels on the previous day",1,1,0,0,0,i can not trust it,5,0,Disregard,FALSE,TRUE,2,2.3333333333333335,5,4.166666666666667,6
NA,R_cA4oxquE8xfhsIh,46.79519653,-96.83319855,30,50,Physician,Physician,3,Male,7,conservative,3,6,3,3,3,Carpet cleaning. My car has some autopilot technology but not Tesla.,3,4,4,4,3,4,1,4,8,1957.417,What,Low,6,5,63.802,6,6,19,2,3,3,2,2,4,3,it did not affect,0,4,3,I did not consider the recommendation.,2,2,0,0,0,because to me it does not make sense to resume at higher dose than recommended.,2,0,Disregard,TRUE,FALSE,2,3,3.5,3.6666666666666665,6
NA,R_3KTom1bRBkMYuvD,40.84939575,-73.9016037,10,9,Physician,Physician,4,Female,17,More conservative.,3,5,3,3,3,None really.  Got frustrated with Zoomba as it gets stuck and just cleans the same area over and over until it runs out of battery.,4,3,4,4,3,3,1,4,4,53.549,Global,High,6,4,23.501,4,4,60,3,4,3,2,3,2,3,"Adjusted dose I initially planned to give, but not the dose recommended.",1,NA,NA,NA,2,0,-2,2,2,"Not enough experience with AI to completely trust recommendation, so also use my experience.",2,1,Adopt,TRUE,FALSE,2,2.6666666666666665,NA,3.5,6
NA,R_2cjUlDu47JSODGg,45.54960632,-122.8292999,40,100,Physician,Physician,3,Male,11,More conservative,3,3,5,3,3,Automate lighting in the house.,2,2,2,3,3,4,1,4,4,58.504,Global,High,6,7,12.746,6,7,1,2,3,3,3,3,3,3,It did not,0,NA,NA,NA,2,2,0,0,0,Because his recommendation was too low,2,0,Disregard,TRUE,FALSE,2,3,NA,2.6666666666666665,6
NA,R_2sXwwKbRrreglSr,48.8578949,2.349105835,50,92,Physician,Physician,6,Male,30,we work as a team and thus have the same approach,3,3,3,3,3,NA,4,4,4,3,4,3,1,4,4,67.755,Global,High,6,7,20.021,6,7,30,3,3,3,1,3,3,3,did not affect my decision,0,NA,NA,NA,2,2,0,0,0,"usual case, easy  decision",2,0,Disregard,TRUE,FALSE,2,3,NA,3.6666666666666665,6
NA,R_24dwrlbfsDa0SDk,44.04840088,-92.49479675,100,100,Physician,Physician,3,Female,10,I try to not check the doses frequently,3,3,3,3,5,I think that AI is good for driving.  I have a car with many safety features and able to drive on its own if needed.,4,5,5,5,5,5,1,4,4,70.499,Global,High,6,5,43.229,6,5,50,3,3,3,2,3,3,3,Moderately,0,NA,NA,NA,2,2,0,0,0,"The patient has already tolerated a dose of 3mg twice daily with therapeutic levels.  After discontinuation of medication that interacted with her tacrolimus, I would just restart her old dose.",2,0,Disregard,TRUE,FALSE,2,3,NA,4.833333333333333,6
NA,R_QnwlRX8h36ulrdD,39.13900757,-84.42960358,75,92,Physician,Physician,3,Male,3,Conservative approach,3,7,7,3,3,"Home cleaning , setting up reminders, music",4,4,4,4,4,4,1,4,4,93.677,Global,High,3,7,29.168,3,7,69,4,4,4,3,3,3,2,Not much,0,NA,NA,NA,1,1,0,0,0,Not comfortable yet with AI interface,1,0,Disregard,TRUE,TRUE,2,2.6666666666666665,NA,4,6
NA,R_3niyW3mBupL1rWk,38.72259521,-9.139892578,5,100,Physician,Physician,3,Male,10,I do not use immunossupression. Only support with urologic care of patients,3,3,3,3,6,The most useful is mobile phone as it also can be used as computer. Mainly use intelligent search motors and databases,4,3,2,3,4,3,1,4,4,121.322,Global,High,4,1,61.626,4,7,91,4,3,4,4,4,4,4,increasing self-trust,0,NA,NA,NA,0,0,0,0,0,i followed,0,NA,Disregard,TRUE,TRUE,2,4,NA,3.1666666666666665,6
NA,R_2SkHcBb5JXUTeLP,32.06669617,34.76669312,60,40,Physician,Physician,4,Female,22,"I take into consideration the patient and transplant factors in my decisions on immunosuppressants, in order to avoid both rejection and overimmunosuppression and adverse effects.",3,3,3,3,3,NA,2,4,3,3,2,3,1,4,4,125.849,Global,High,5,5,31.889,5,5,50,3,3,3,2,3,3,3,"I considered it, it was reasonable, but I felt my clinical experience was more likely to be accurate in this case",0,NA,NA,NA,1,1,0,0,0,"The patient was now off the voriconazole therefore no interaction was to be expected. The drop in dose compared to the original stable dose, suggested by the system was too great",1,0,Disregard,TRUE,TRUE,2,3,NA,2.8333333333333335,6
NA,R_RhuuJlXuMMIK3cJ,32.71040344,-117.0527954,70,100,Physician,Physician,5,Male,30,Same-more aggressive as colleagues,3,3,3,3,4,No routine use of an AI device,4,4,4,4,4,3,1,4,4,128.378,Global,High,4,6,43.093,4,7,61,4,4,4,4,3,3,3,somewhat,0,NA,NA,NA,0,0,0,0,0,"No clear explanation on Case #2 as to why AM dose 2x PM dose.
",0,NA,Disregard,TRUE,TRUE,2,3,NA,3.8333333333333335,6
NA,R_dgN8L8EQ4nCaUGR,53.85110474,10.70280457,60,99,Physician,Physician,5,Female,20,more conservative,3,3,3,3,3,NA,3,4,3,4,4,3,1,4,4,131.77,Global,High,12,4,144.05,5,4,45,3,3,3,3,3,2,2,partially,0,NA,NA,NA,8,1,-7,7,7,the algorythm might not be the right for the present interaction,8,0.875,Modify,TRUE,FALSE,2,2.3333333333333335,NA,3.5,6
NA,R_OJaI2B6T90Xh0TT,41.24420166,-95.9598999,100,100,Physician,Physician,3,Male,14,"Probably right in the middle. Try to have a rationale approach, ensuring the regimen will be adhered to by the patient.",7,7,4,4,3,"I have had good experience, but not overly reliant on AI for anything.",5,5,4,4,4,4,1,4,4,147.274,Global,High,4,6,31.976,3,6,19,5,5,4,2,3,3,3,"It was sensible, reasonable, and similar to my own decision.",0,NA,NA,NA,0,1,-1,1,-1,NA,0,Inf,Modify,TRUE,TRUE,2,3,NA,4.333333333333333,6
NA,R_26fs7gLs1mU9tK4,37.82310486,-122.3693008,50,100,Physician,Physician,5,Male,25,Aggressive,7,3,3,3,3,maintain the temperature in my home in an energy efficient manner,4,4,4,4,2,4,1,4,4,171.8,Global,High,4,7,40.38,4,7,20,5,5,3,3,3,3,3,Difficult to say my recommendation and AI recommendation were the same so I guess 100%,0,NA,NA,NA,0,0,0,0,0,not applicable,0,NA,Disregard,TRUE,TRUE,2,3,NA,3.6666666666666665,6
NA,R_3k66KTZlhYayZfI,13.08779907,80.27850342,15,100,Physician,Physician,3,Female,9,Conservative,3,5,6,3,3,"Music alarms driving by echo Alexa 
Smart phone USG apps",4,5,4,4,4,3,1,4,4,63.982,What,High,3,6,41.689,6,5,72,4,4,3,2,3,2,3,50,0,4,3,Yes. The dose was stopped .,1,2,3,3,-1,Symptomatic pts may require lower doses,1,3,Modify,TRUE,TRUE,2,2.6666666666666665,3.5,4,6
NA,R_Q0Nu10eyzwuNuN3,43.69219971,-79.43090057,60,100,Physician,Physician,4,Female,21,More conservative (aim for lower),3,3,5,3,5,"Voice recognition (Siri) 
Google translate
Autoparking of car (Tesla) 
Probably more things than I realize (ie I am succeptible to the “suggestions” amazon and Netflix make for me!!)",2,3,4,3,4,4,1,4,4,74.257,What,High,6,6,14.524,6,7,73,5,NA,4,3,3,3,3,No change,0,5,5,Nice but didnt change my decision,2,2,0,0,0,considered it - but rejected as additional decision was to lower overall target given she had a fungal infection on the prior target. New dose aimed lower.,2,0,Disregard,TRUE,FALSE,2,3,5,3.3333333333333335,6
NA,R_yUeIbarIIdfCCA1,51.50259399,-0.065994263,50,100,Physician,Physician,5,Female,29,More conservative.,3,3,7,3,3,I use the Apple Homepod to play music and podcasts.,4,4,4,4,4,4,1,4,4,75.986,What,High,6,6,20.429,4,5,100,4,5,3,4,4,3,3,I changed my decision based on the recommendation.,1,5,4,Yes I took the advice and changed my personal recommendation.,2,0,-2,2,2,N/A,2,1,Adopt,TRUE,FALSE,2,3.3333333333333335,4.5,4,6
NA,R_ZqPv4fjIWR5tuff,43.7940979,-79.70110321,50,92,Physician,Physician,3,Female,5,NA,6,6,7,3,3,Good. This survey took more than 5 minutes.,3,3,3,3,3,3,1,4,4,76.077,What,High,6,6,14.998,6,6,53,3,3,3,3,3,3,3,Did not affect,0,5,5,NA,2,2,0,0,0,Disagree,2,0,Disregard,TRUE,FALSE,2,3,5,3,6
NA,R_2tExf7hI8aI2DwJ,45.45170593,-73.48670197,250,93,Physician,Physician,3,Male,7,Aggressive in dosing,5,5,6,7,6,"Routine scheduled tasks for daily activities (lighting, news, heating)",4,4,4,4,4,4,1,4,4,102.101,What,High,6,6,28.913,4,6,70,4,4,3,4,4,4,4,It helped solidify my decision,1,4,4,It helped solidify my decision,2,0,-2,2,2,NA,2,1,Adopt,TRUE,FALSE,2,4,4,4,6
NA,R_A5nEsTgaJ2kTjnb,60.19799805,24.94219971,40,100,Physician,Physician,3,Male,10,Neither conservative nor aggressive,3,3,4,3,3,"None that I am aware of, except GPS navigation",2,2,4,2,2,4,1,4,4,114.244,What,High,5,5,35.347,4,2,51,4,4,4,4,4,4,2,Lowered the dose,1,4,5,Yes,1,0,-1,1,1,NA,1,1,Adopt,TRUE,TRUE,2,3.3333333333333335,4.5,2.6666666666666665,6
NA,R_30w1PyhT0jkHxOf,49.81790161,-97.15350342,100,100,Physician,Physician,5,Male,25,More aggressive at assuring adequate levels of Tacrolimus (risk being high rather than low),3,3,3,3,3,NA,4,3,3,3,3,3,1,4,4,128.119,What,High,6,5,59,4,5,80,4,4,5,4,4,4,4,Saw it as a guide to be integrated with my own experience,1,5,5,"Yes, I actually should have started at a dose in line with the AI recommendation",2,0,-2,2,2,NA,2,1,Adopt,TRUE,FALSE,2,4,5,3.1666666666666665,6
NA,R_3LcJ3MZsAVaTvGK,29.73730469,-95.39720154,25,100,Physician,Physician,6,Female,40,Prefer to err on side of tacrolimus level too high than too low and titrate to desired goal.,3,3,3,3,3,NA,4,5,4,4,4,5,1,4,4,130.535,What,High,6,5,75.822,4,4,100,3,4,3,3,3,3,4,Enough to change my dose to recommendation of AI system,1,4,5,Took information into account in final decision,2,0,-2,2,2,NA,2,1,Adopt,TRUE,FALSE,2,3.3333333333333335,4.5,4.333333333333333,6
NA,R_3Eur7jCDnhQ9bR4,45.82929993,15.97929382,80,71,Physician,Physician,2,Female,4,Conservative,7,7,5,3,3,Mostly I use Roomba and I like it very much.,4,4,4,4,4,4,1,4,4,154.75,What,High,6,3,38.668,4,6,100,5,5,5,3,3,4,4,It helped me,1,5,5,NA,2,0,-2,2,2,because of the previous experience,2,1,Adopt,TRUE,FALSE,2,3.6666666666666665,5,4,6
NA,R_3nGEoEfJzzr0KLW,40.90139771,-73.9056015,25,25,Physician,Physician,3,Male,10,About the same -- we largely follow protocol,3,3,3,3,3,NA,3,4,3,4,3,2,1,4,4,385.227,What,High,2,6,23.95,2,6,0,3,3,3,2,3,3,2,It did not.,0,2,2,Did not consider,2,2,0,0,0,"Based on experience and based on the patient's transplant date and level, the dose seemed too high.",2,0,Disregard,TRUE,FALSE,2,2.6666666666666665,2,3.1666666666666665,6
NA,R_3EXeX29FFf1nywX,41.89720154,-87.61959839,30,61,Pharmacist,Non-Physician,2,Female,5,Aggressive,7,6,7,3,3,"Vacuum, music, temperature control",5,4,4,4,4,4,1,4,8,88.605,Global,Low,6,5,16.245,6,5,3,3,3,4,2,2,2,2,Did not affect my decision,0,NA,NA,NA,2,2,0,0,0,Did not believe it took all PK/PD parameters into consideration,2,0,Disregard,TRUE,FALSE,2,2,NA,4.166666666666667,6
NA,R_3G6TCwwptZsJz9u,38.57929993,-90.42199707,100,82,Pharmacist,Non-Physician,3,Female,8,usually conservative in certain cirmcumstances,3,5,3,3,3,Roomba - to save some time from sweeping myself,3,3,3,3,3,3,1,4,8,99.465,Global,Low,2,5,28.73,4,5,20,1,1,1,1,1,1,1,not at all,0,NA,NA,NA,2,0,2,2,2,recommended a higher dose than the patient was previously on AND levels were supratherapeutic,6,0.3333333333333333,Modify,FALSE,FALSE,2,1,NA,3,6
NA,R_3lujizL1LsHKrAb,37.55029297,-77.39420319,50,49,Pharmacist,Non-Physician,2,Male,4,"Consider patient specific factors, selected goals. I consider myself to be fairly conservative in livers, and more liberal in kidney transplants. With thoracic organs I consider myself a moderate in terms of strategy used.",5,7,3,3,3,Routine tasks that are easy to develop algorithms like the Nest Thermostat.,3,2,2,3,3,5,1,4,8,108.684,Global,Low,4,5,48.825,4,5,0,1,1,1,1,1,1,3,Did not affect my decision at all as it's recommendation was very different than what would be standard of care/best practice. Did not make sense on a pharmacokinetic basis either.,0,NA,NA,NA,0,0,0,0,0,Did not affect my decision at all as it's recommendation was very different than what would be standard of care/best practice. Did not make sense on a pharmacokinetic basis either.,4,0,Disregard,TRUE,TRUE,2,1.6666666666666667,NA,3,6
NA,R_3ET3L8R5RURwbvX,40.82049561,-73.91829681,60,100,Pharmacist,Non-Physician,2,Female,3,Conservative.,3,3,3,3,3,NA,3,3,3,3,3,2,1,4,8,115.164,Global,Low,6,6,28.515,6,6,20,3,3,3,3,3,3,2,Did not change my decision.,0,NA,NA,NA,2,2,0,0,0,Patient stable on dose prior to initiation of vori.,2,0,Disregard,TRUE,FALSE,2,2.6666666666666665,NA,2.8333333333333335,6
NA,R_4IWzz1n8dZFgxC9,40.98640442,-74.11119843,75,91,Pharmacist,Non-Physician,2,Female,1,I am new to transplant medicine and tend to err on the conservative side of dosing for immunosuppressants.,7,7,5,3,3,I rely on my smart thermostat to adjust the temperature based on the time of day and if someone is home or not. I use a Roomba daily to vacuum while I am not at home. I use a Google home occasionally to play music or set a timer while cooking.,5,4,4,5,4,3,1,4,8,128.347,Global,Low,2,4,41.577,4,5,85,4,4,3,4,4,3,3,It gave me a better idea of the dose that should be ordered. I would have under-dosed the patient if I did not have the recommendation.,0,NA,NA,NA,2,0,2,2,2,I was worried of giving too high of a dose.,6,0.3333333333333333,Modify,FALSE,FALSE,2,3.3333333333333335,NA,4.166666666666667,6
NA,R_pKIj2OtBlFczvb3,43.10299683,-89.50730133,30,1,Pharmacist,Non-Physician,3,Female,12,Patient dependent on conservative or aggressive but probably conservative compared to colleagues,3,6,6,3,3,"Vacuum times set. Ask Alexa questions, play music, tell stories",4,4,4,4,3,3,1,4,8,136.574,Global,Low,6,6,34.819,6,6,40,3,2,2,2,3,2,2,No change. I didn’t agree,0,NA,NA,NA,2,2,0,0,0,With my PK knowledge and experience I didn’t agree,2,0,Disregard,TRUE,FALSE,2,2.3333333333333335,NA,3.6666666666666665,6
NA,R_3kzIcI31AEw7ABD,41.83880615,-87.78910065,100,50,Pharmacist,Non-Physician,2,Female,4,"It depends on clinical scenario. I consider each patient's clinical picture and induction utilized for immediate post-transplant patients. I'd say there are cases where I am more aggressive, and definitely also cases where I am suggesting to back off with immunosuppression as well.",7,3,3,3,4,"We use AI system at this hospital for transitioning insulin gtt to basal/ bolus regimen. For the most part, our patients have steroid induced hyperglycemia and are immediately placed on rapid steroid withdrawal protocol (that is unknown to AI system). I use this system to get sense of recommendation, but typically I order 25-50% less than the system recommends depending on patient specific factors like - whats the PO/NPO status, are we starting trickle tube feeds vs are we expecting to be at goal rate, will patient need TPN, does patient have risk of aspiration that will limit intake, are they diabetic at baseline etc.)",3,3,4,4,2,3,1,4,8,143.621,Global,Low,0,6,35.008,2,5,75,1,1,1,1,1,1,1,"AI system recommended higher dosing than pre-voriconazole dose where patient had stable levels at established dose. Because of this, I considered the AI advice, but did not think it affected my decision.",0,NA,NA,NA,4,2,2,2,2,"AI system recommended higher dosing than pre-voriconazole dose where patient had stable levels at established dose. Because of this, I considered the AI advice, but did not think it affected my decision.",8,0.25,Modify,FALSE,FALSE,2,1,NA,3.1666666666666665,6
NA,R_TqntsRaAqffyg6Z,33.71530151,-84.33119965,50,100,Pharmacist,Non-Physician,3,Female,11,More aggressive,3,3,3,3,3,NA,2,3,2,3,4,4,1,4,8,148.232,Global,Low,6,7,60.364,6,7,1,1,1,1,1,1,1,1,"It did not, the decision was not logical",0,NA,NA,NA,2,2,0,0,0,"It did not appropriately take into account the prolonged time of voriconazole cyp inhibition that would occur if the drug was just being stopped that day, nor the patients prior dose that had consistently shown therapeutic levels",2,0,Disregard,TRUE,FALSE,2,1,NA,3,6
NA,R_1kXhkhQCqu7452b,29.72279358,-95.42510223,40,41,Pharmacist,Non-Physician,2,Male,1,I would be more conservative in my dosing depending on the situation.,3,3,4,3,3,I only use AI devices to call others or play music.,4,4,4,3,4,2,1,4,8,154.464,Global,Low,3,5,56.311,3,5,10,1,1,2,2,1,2,2,It did not affect my decision,0,NA,NA,NA,1,1,0,0,0,"The patient was previously stable on the dose of 3 mg BID and the level is still elevated, although voriconazole was also stopped. I would have at most went back to his home dose of 3 mg BID or even less than that. Increasing to 4 mg BID would place the patient at risk of supratherapeutic levels.",5,0,Disregard,FALSE,TRUE,2,1.6666666666666667,NA,3.5,6
NA,R_2xKtJoPccBHEi6P,33.7855072,-84.36119843,36,71,Pharmacist,Non-Physician,3,Female,17,"I like a weight-based guestimate, but then also take into consideration organ quality and renal function improvement when adjusting my doses. I tend to be a little more on the aggressive side than some of my colleagues.",3,3,3,3,3,NA,3,3,3,3,3,3,1,4,8,211.962,Global,Low,4,4,29.785,4,4,10,2,1,2,2,1,2,2,It did not.,0,NA,NA,NA,0,0,0,0,0,The dose was higher than what the patient was taking initially with good levels.,4,0,Disregard,TRUE,TRUE,2,1.6666666666666667,NA,3,6
NA,R_SCbZaptshHfZAkx,39.30299377,-76.60620117,50,100,Pharmacist,Non-Physician,2,Female,1,"My immunosuppression approach depends on organ (I tend to be more aggressive with kidney and liver), presence of infection (would want to go up slowly), and toxicity. Overall I feel I am more conservative then my colleagues",3,3,3,3,3,NA,4,4,4,3,3,2,1,4,8,231.142,Global,Low,2,7,23.895,2,7,0,1,1,1,2,3,2,1,"AI system seems similar to running drug interactions on lexi-drug and using clinical judgements as to which drug interactions are actually important. In summary, I would look at the recommendation but my clinical judgement overrules",0,NA,NA,NA,2,2,0,0,0,"For the first patient case the dose was too high. Patient already had a supratherapeutic level and had just stopped voriconazole therefore there is still some inhibition going on. Personally, I would've waited another day before starting tacrolimus for that patient",6,0,Disregard,FALSE,FALSE,2,2,NA,3.3333333333333335,6
NA,R_0JSirM3BnOEXsOZ,42.36340332,-71.07129669,50,50,Pharmacist,Non-Physician,2,Female,3,Depends. Aggressive for freshly transplanted patients/recent rejections/high HLA immune risk/etc. Conservative for patients being readmitted with infectious complications.,6,6,6,3,3,Use Google home to adjust Honeywell thermostat. Use phone apps to activate robot vacuum.,4,3,3,3,3,3,1,4,8,56.022,What,Low,6,4,23.981,6,4,60,3,3,3,3,3,3,3,"Would consider, but would not rely on this.",0,4,4,NA,2,2,0,0,0,NA,2,0,Disregard,TRUE,FALSE,2,3,4,3.1666666666666665,6
NA,R_2PaLUePfY1iKew6,40.36849976,-80.05039978,100,55,Pharmacist,Non-Physician,3,Female,11,More aggressive,3,3,3,3,3,NA,5,5,5,5,5,5,1,4,8,83.027,What,Low,4,7,34.668,4,7,3,1,3,2,2,1,1,2,It did not. Voriconazole takes a while to leave the system which was not considered,0,2,2,No,0,0,0,0,0,"See above, would increase and recheck level than increase further if needed",4,0,Disregard,TRUE,TRUE,2,1.3333333333333333,2,5,6
NA,R_3PHmaKMHSahfNnu,45.49719238,-122.6936951,20,100,Pharmacist,Non-Physician,5,Male,35,conservative,3,3,3,3,3,NA,3,3,3,3,3,3,1,4,8,95.267,What,Low,2,4,33.111,4,4,0,1,1,2,2,1,3,2,not to follow,0,3,1,NA,2,0,2,2,2,NA,6,0.3333333333333333,Modify,FALSE,FALSE,2,2,2,3,6
NA,R_2zUSMqPSijcUaaV,41.92610168,-71.30110168,30,62,Pharmacist,Non-Physician,3,Female,19,More agressive in dosing,7,3,3,3,3,I rely on my Next to adjust my temp in the bedroom based on activity.,4,4,2,2,2,2,1,4,8,103.18,What,Low,6,5,50.753,6,6,19,2,3,3,2,2,2,2,"I did not, I would have started at half dose and titrted up with levels twice weekly",0,1,1,"No, it was not very detailed. Should have provided more deail of why",2,2,0,0,0,"I did not, I would have started at half dose and titrted up with levels twice weekly. Level was still high to start",2,0,Disregard,TRUE,FALSE,2,2,1,2.6666666666666665,6
NA,R_cOYd8DH2WscUcSJ,34.74459839,-86.67140198,200,71,Pharmacist,Non-Physician,2,Female,1,I would consider myself to be more aggressive with immunosuppressive recommendations.,7,3,7,3,3,"I use Siri daily to set reminders and alerts. I use alexa daily for weather, music, timers, turn on and off TV. These devices have fully integrated into daily life.",5,4,2,4,1,1,1,4,8,125.43,What,Low,3,5,41.861,6,3,70,4,4,4,3,3,3,4,The AI consideration allowed me to adjust my final recommendation. I took into consideration it's recommendation and adjusted my own.,0,5,5,N/A,1,2,3,3,-1,"I did not use the recommendation as give to leave room for error, edging on the side of caution and patient safety.",5,0.6,Modify,FALSE,TRUE,2,3.3333333333333335,5,2.8333333333333335,6
NA,R_zSTbnEoSBBP8U8h,34.74560547,-92.34190369,100,92,Pharmacist,Non-Physician,2,Female,2,I consider myself to be in the middle of conservative and aggressive. I consider the full patient picture in my adjustment of immunosuppressant dose adjustments. I consider their labs (SCr and K) and infection to determine whether their current level is appropriate for them.,3,4,7,3,3,I use my Amazon Alexa to tell me the weather every morning. I have a Roomba that I would use more often but the battery doesn't hold a charge.,4,4,5,4,3,2,1,4,8,136.369,What,Low,6,7,122.943,6,7,29,3,3,4,3,3,4,3,It did not affect my final decision,0,4,4,No - I know the drug interaction between the 2. I wonder what outcomes it is referring to - other outcomes of tacro levels in patients at this center in a similar situation? Or data from literature?,2,2,0,0,0,"Because I know that she will still have voriconazole in her system for several days, but I will be starting her at half the dose she was tolerating prior to starting voriconazole. I would also recommend a level soon to check where we are",2,0,Disregard,TRUE,FALSE,2,3.3333333333333335,4,3.6666666666666665,6
NA,R_1mtjzhK56EAfyXO,32.77870178,-96.82170105,80,19,Pharmacist,Non-Physician,3,Female,8,i think i'm about average in dosing immunosuppressants,7,5,3,3,3,i use my nest thermostat to regulate the temperature of my home on a set schedule and nest smoke/CO detectors to monitor for hazards in my home,4,4,3,4,4,3,1,4,8,137.856,What,Low,1,5,21.092,1,5,30,1,1,2,1,1,1,2,"i felt like i may or may not be right, but the recommendation was definitely wrong.",0,4,1,no,3,3,0,0,0,it was way too high of a dose,7,0,Disregard,FALSE,FALSE,2,1.3333333333333333,2.5,3.6666666666666665,6
NA,R_1kLAgmcBfXpy7EI,42.29710388,-71.06199646,65,0,Pharmacist,Non-Physician,2,Male,6,"I am really middle of the road, likely being on the more aggressive side. However, immunosuppression is patient specific decision for me.",5,5,7,3,5,"Alexa - turn on and off lights, weather and timer for cooking
Car - smart cruise control and lane assist, self driving on highways mostly
Thermostat - to keep within temperature range",4,2,4,3,3,1,1,4,8,148.059,What,Low,3,7,201.778,3,7,40,2,2,3,2,2,3,2,"It did not effect my final decision, but made me to question my decision.",0,2,2,"This explanation is very broad, and if the person reading it understands the factors playing role in the interaction, it make sense, but it is really the reader who arrives to the explanation.",1,1,0,0,0,"Please see my comments. Patient has been still supratherapeutic, and even though no changes on the labs has been see, those markers can be delayed by 24 hours. I took into consideration the half life of CYP enzymes, and also the variability in Voriconazole elimination half life.",5,0,Disregard,FALSE,TRUE,2,2.3333333333333335,2,2.8333333333333335,6
NA,R_2urO1kmn9CzgTBw,42.39120483,-71.08820343,75,9,Pharmacist,Non-Physician,2,Female,4,More aggressive given pharmacist training/background,3,3,6,3,3,"Turn on lights, basic functions",2,4,3,4,4,4,1,4,8,150.226,What,Low,2,6,40.38,2,6,10,1,1,2,1,1,1,1,Made me immediately dismiss it as it was an incorrect recommendation,0,3,2,No because it didn't account for wearing off of the medication,2,2,0,0,0,Because of the pharmacokinetics of voriconazole inhibition of CYP3A4. It is not a simple on off equation. Patient would eventually require their previously stable dose of 3 mg bid once inhibition had worn off in 3-5 days post discontinuation (and the medication was likely not ever up to steady state as well),6,0,Disregard,FALSE,FALSE,2,1,2.5,3.5,6
NA,R_24r7L124ZwiKXuv,41.7796936,-87.87200165,100,82,Pharmacist,Non-Physician,2,Female,5.5,I feel like much of how I dose and adjust these medications comes from prior experience and management. I consider myself more conservative in my dosing and utilization.,7,3,3,3,3,Nest used daily for temperature in house,5,5,4,4,4,3,1,4,8,173.926,What,Low,4,7,37.544,4,7,0,2,3,2,1,2,2,1,I did not consider recommendation.,0,3,3,No. I looked at dose patient previously taking before introducing voriconazole and current FK level,0,0,0,0,0,Patient stable on 3 mg BID before CYP inhibitor started. Level was still 20 on day you were resuming and Vori still in system so I chose slightly lower dose assuming this patient would have levels monitored closely and could increase as needed. I would not have started a higher dose than patient was previously on.,4,0,Disregard,TRUE,TRUE,2,1.6666666666666667,3,4.166666666666667,6
NA,R_28Y6HPM1hpbwWXk,35.58909607,-77.34500122,100,92,Pharmacist,Non-Physician,3,Female,13,"Aggressive, based on my knowledge of PK/PD, genomics and the long-term risks of subtherapeutic TAC levels",3,7,3,3,3,"As someone who is actively trying to distance myself from social media, automated/integrated systems and to avoid influence from AI driven systems regarding psychosocial and critical decision making (ie. targeted advertising, subliminal messaging, radicalization, etc) I am aware of AI devices in everyday life as well as in medicine.  I have a robotic vacuum but it appears to not be a self-learning device",4,4,3,4,5,4,1,4,4,99.006,Global,High,6,7,30.712,6,7,50,4,4,4,2,3,4,3,"Although the system recommended restarting TAC at a lower dose compared to the original dose, considering the DDI, half life of Voriconazole, half life of TAC and the previous stable dose, I chose to resume at 3 mg PO BID given that the dose had been discontinued and would take a day or two to reach steady state.  The UTI has also resolved, which may or may not have contributed to the supratherapeutic levels.  Starting at 2 mg PO BID would have been a conservative start but you would have to call her and ask her to increase to 3 mg PO BID at some point.",0,NA,NA,NA,2,2,0,0,0,See above,2,0,Disregard,TRUE,FALSE,2,3.3333333333333335,NA,4,6
NA,R_6ESsAfiMrrO9sEp,42.20779419,-71.43219757,35,71,Pharmacist,Non-Physician,2,Female,2.5,Tend to be more aggressive than my colleagues but find that my center is rather conservative in dosing by usually only increasing dose by 1mg despite subtherapeutic levels.,6,3,5,3,3,AI adjusts temperature on Nest thermostats depending on weather and time at home,4,4,3,3,3,4,1,4,4,134.094,Global,High,12,5,29.632,8,5,70,4,4,3,2,3,3,3,"Took into consideration, but have to consider time for voriconazole inhibition to disappear when reintroducing tacrolimus",0,NA,NA,NA,8,4,-4,4,4,NA,8,0.5,Modify,TRUE,FALSE,2,3,NA,3.5,6
NA,R_27pza7MveF7xvp2,41.89720154,-87.61959839,40,72,Pharmacist,Non-Physician,2,Male,4,I am usually more aggressive in dosing immunosuppressive agents. Acute CNI toxicity is usually reversible. Rejection on the other hand is not always reversible.,3,3,3,3,3,NA,4,3,4,4,3,2,1,4,4,160.595,Global,High,6,6,24.935,6,6,0,2,3,3,2,2,3,2,The recommendation from AI system 1 was not accepted as the patient was previously stable on 3mg BID prior to introducing a strong CYP3A4 inhibitor. Now that the inhibitor is discontinued would go back to the previous dose.,0,NA,NA,NA,2,2,0,0,0,The recommendation from AI system 1 was not accepted as the patient was previously stable on 3mg BID prior to introducing a strong CYP3A4 inhibitor. Now that the inhibitor is discontinued would go back to the previous dose.,2,0,Disregard,TRUE,FALSE,2,2.3333333333333335,NA,3.3333333333333335,6
NA,R_77mSLMYZVKS0OGt,40.73100281,-73.67420197,20,92,Pharmacist,Non-Physician,2,Male,5,I would consider my approach more aggressive to achieve appropriate medication levels to prevent rejection. I would also take the patients ability into account to ensure that they would have the best chance of following their medication regimen.,3,3,7,3,3,I utilize a smart speaker to control and play music. Otherwise do not use much AI.,4,4,2,4,2,2,1,4,4,204.38,Global,High,4,6,23.273,4,7,20,5,5,4,3,3,4,3,AI SYSTEM 1 had the same recommendation as myself. It was reassuring to see that the system was similar to my decision for the patient coming off of voriconazole.,0,NA,NA,NA,0,0,0,0,0,N/A,0,NA,Disregard,TRUE,TRUE,2,3.3333333333333335,NA,3,6
NA,R_PU90HBrE0qnt60h,40.47250366,-79.9108963,40,3,Pharmacist,Non-Physician,2,Female,6,"I consider myself slightly more aggressive than my colleagues. I generally prefer to look at trends and consider whether the level was at steady state in order to determine how to adjust a dose, rather than making frequent dose adjustments.",3,3,3,3,3,NA,4,3,4,4,3,4,1,4,4,214.288,Global,High,3,5,39.985,4,5,50,4,4,4,3,3,4,3,"I had originally considered recommending 2 mg bid, then decided to lower my recommendation to 1.5 mg bid. When the AI system recommended 2 mg bid I thought it reasonable to revise my recommendation since I had previously considered that dose.",1,NA,NA,NA,1,0,1,1,1,I used the AI recommendation.,1,1,Adopt,TRUE,TRUE,2,3.3333333333333335,NA,3.6666666666666665,6
NA,R_Xifoq6hUnlb08XT,33.7696991,-84.37539673,60,96,Pharmacist,Non-Physician,2,Female,5,"I think I am relatively moderate.  However if I had to pick, I probably fall more towards the aggressive side of tacrolimus dosing but quick to dose reduce other immunosuppression medications for tolerability reasons.",7,4,5,3,4,"A couple lights in my home are connected to smart devices and the Nest regulates my home temperature.  Have Roomba connected to smart device, but only use 1-2x/year.",4,4,4,4,4,4,1,4,4,237.804,Global,High,4,5,79.688,4,6,70,4,4,3,3,3,3,3,It matched my decision-gave some additional confidence in my initial response.,0,NA,NA,NA,0,0,0,0,0,N/A,0,NA,Disregard,TRUE,TRUE,2,3,NA,4,6
NA,R_2e8oMbOKJVX0cOa,41.78210449,-87.604599,20,7,Pharmacist,Non-Physician,2,Female,2,"I consider myself to be medium but if I had to pick, I would choose a more aggressive dosing typically in my liver transplant patients.",3,6,5,3,3,"I generally appreciate my AI appliciances, such as Roomba and Nespresso machine for the convenience factor.",4,4,3,3,4,4,1,4,4,270.97,Global,High,2,5,23.962,3,5,50,3,3,3,3,3,3,3,I double checked my recommendation and reevaluated the ase.,0,NA,NA,NA,2,1,1,1,1,Because it seemed overly aggressive dosing given the most recent level,2,0.5,Modify,TRUE,FALSE,2,3,NA,3.6666666666666665,6
NA,R_1gSfXIhaVEc5Gfh,37.34790039,-122.0350952,20,62,Pharmacist,Non-Physician,3,Female,14,More conservative,5,3,6,3,3,Answer questions via internet searches,3,3,3,3,3,4,1,4,4,283.224,Global,High,4,6,51.055,4,7,21,5,5,5,3,3,3,3,"Made me more
Confident",0,NA,NA,NA,0,0,0,0,0,NA,0,NA,Disregard,TRUE,TRUE,2,3,NA,3.1666666666666665,6
NA,R_6D83jPxMf9J7vA5,39.13900757,-84.42960358,100,72,Pharmacist,Non-Physician,5,Female,30,"The information required to make an accurate dosing recommendation is greater than was provided by this system. 
Making a recommendation on AI (even if it is wrong) is not as much of a problem if the system is designed to repeat a level at steady state after all dose changes or impacts on drug concentrations (ie after interacting drug discontinuation) 

Aggressive",7,7,3,4,3,Tasks that can be automated without any intellectual decision making.,3,3,4,4,4,3,1,4,4,385.126,Global,High,3,1,40.325,4,1,0,2,2,3,1,1,1,1,"I needed much more background data than was provided to make an accurate dose recommendation.
I thought the AI recommendation for System 1 was reasonable, but still needed for background information about the case to determine that.",1,NA,NA,NA,1,0,1,1,1,Needed more background information about the case,1,1,Adopt,TRUE,TRUE,2,1,NA,3.5,6
NA,R_3EznbovwkZV5M2q,32.83099365,-96.76920319,50,61,Pharmacist,Non-Physician,2,Female,2.5,"For kidney transplants, I often prefer to overestimate dosing than underestimate to reduce the risk of rejection. For liver transplants considering the high rate of kidney dysfunction and less immunogenic nature, it is the opposite. This is speaking in general terms as each patient is different based on their infection risk and side effect profiles.",6,3,4,3,3,I do not rely on AI to perform any tasks. I adjust my thermostat from my smart phone manually.,2,3,2,4,5,5,1,4,4,12242.435,Global,High,6,7,37.241,6,7,10,3,3,3,1,2,1,2,Did not affect my final decision as I would not have restarted tacrolimus yet at that specific timepoint in the scenario.,0,NA,NA,NA,2,2,0,0,0,"The patient had discontinued voriconazole and level was downtrending but still supratherapeutic. Once the voriconazole is no longer interacting, the same dose as previously used to achieve therapeutic concentrations should be restarted. Thus I would have held one more dose then restarted the patient's previous dose of 3 mg BID. The AI did not consider how long to hold the medication, but only ""if you had to start tacrolimus now, what dose should you use""",2,0,Disregard,TRUE,FALSE,2,1.6666666666666667,NA,3.5,6
NA,R_2uHbuQ53HTCuFB7,33.71530151,-84.33119965,25,95,Pharmacist,Non-Physician,2,Female,3,More aggressive. We also typically target a smaller range than was given in the first example.,7,3,7,3,5,We use Alexa frequently for daily updates and light/outlet/thermostat.,3,2,3,2,3,3,1,4,4,83.717,What,High,6,6,61.91,6,5,50,4,4,3,3,3,3,2,"I think it's helpful if you were not looking at the patient as a whole. For me, the vori was being stopped and even though there is a longer half-life, I would be monitoring daily. Also considering the drop she had when decreasing the tac, I think resuming at her previous dose was appropriate.",0,5,5,See above.,2,2,0,0,0,"I think it's helpful if you were not looking at the patient as a whole. For me, the vori was being stopped and even though there is a longer half-life, I would be monitoring daily. Also considering the drop she had when decreasing the tac, I think resuming at her previous dose was appropriate.",2,0,Disregard,TRUE,FALSE,2,2.6666666666666665,5,2.6666666666666665,6
NA,R_3egy7nmigCn9gkT,46.79519653,-96.83319855,20,100,Pharmacist,Non-Physician,3,Female,10,I am more conservative with dose increases but more aggressive when dealing with drug interactions,7,3,7,3,3,"house temperature regulation, automation of lights",4,4,4,4,3,4,1,4,4,86.692,What,High,6,5,20.155,4,7,73,4,5,4,4,4,4,4,"Although I did not understand the time frame in the question, I do know that it takes a few days to clear out the interaction and I took the recommendation.",1,4,3,I know from clinical practice that the interaction persists,2,0,-2,2,2,NA,2,1,Adopt,TRUE,FALSE,2,4,3.5,3.8333333333333335,6
NA,R_1jkdfwXyuQ1iZkV,39.86560059,-75.0943985,50,69,Pharmacist,Non-Physician,2,Female,5,Aggressive,3,3,7,3,3,"Play music, ask about weather, ask about directions, play news",4,3,3,4,2,2,1,4,4,101.395,What,High,4,5,29.195,4,5,20,4,4,3,3,3,4,4,Did not affect decision.,0,4,3,No,0,0,0,0,0,Clinical experience,0,NA,Disregard,TRUE,TRUE,2,3.6666666666666665,3.5,3,6
NA,R_2xztx2NpRtyfPIJ,47.61090088,-122.3302994,15,94,Pharmacist,Non-Physician,4,Female,19,I use weight-based dosing as well as therapeutic drug monitoring to manage patients' immunosuppressant regimens. I would say I am on par with my colleagues in terms of my approach (neither more aggressive or more conservative).,3,3,3,3,3,NA,4,4,4,4,4,4,1,4,4,119.093,What,High,2,5,35.826,2,5,20,3,3,3,2,3,3,2,AI reinforced my knowledge of pharmacokinetics and inhibition of drug metabolism by azole antifungals.,0,4,2,This explanation is correct although I would have been more likely to take the system's recommendation if there had been additional information/data provided (e.g. clinical trials to support the recommendation),2,2,0,0,0,"I agree with AI that there will be residual effects on tacro metabolism after the discontinuation of vori, however I believe the extent of inhibition is greater than suggested by AI and prefer to resume the tacro at a lower dose than the system recommended.",2,0,Disregard,TRUE,FALSE,2,2.6666666666666665,3,4,6
NA,R_SPlj6CGMNy5Cvsd,41.87969971,-87.64350128,50,61,Pharmacist,Non-Physician,2,Female,5,"It depends on the patient, but I try to consider all patient factors with each level and dose adjustment - type of transplant, time from transplant, gender, race, age, concomitant immunos, history of rejection, history of compliance. For the most part, I would consider myself more aggressive in terms of dosing,",3,3,7,3,5,"We use Alexa on a daily basis to tell us weather, play music, and turn on and off the lights. We drive a volvo and use the autopilot feature occasionally when we take longer car trips.",2,1,2,2,3,3,1,4,4,148.46,What,High,4,4,49.01,4,5,60,4,4,4,3,3,3,2,I had the same recommendation as AI so I agreed with their recommendation as well.,0,4,4,"Yes - same idea as AI - discontinuing vori and still had supratherapeutic level, so rec'd to restart at 2mg BID. Prior to vori starting, patient could've used a slight reduction in dose anyways so that's why I went from 3mg to 2mg BID.",0,0,0,0,0,NA,0,NA,Disregard,TRUE,TRUE,2,2.6666666666666665,4,2.1666666666666665,6
NA,R_2zqeAARDlROrIWb,39.26449585,-76.62239838,75,29,Pharmacist,Non-Physician,2,Male,3,More aggressive,7,3,7,3,3,Smart speakers to perform daily tasks,4,4,4,4,4,4,1,4,4,203.602,What,High,2,7,36.548,3,7,10,3,3,3,2,2,3,3,Not at all,0,4,4,Not all,2,1,1,1,1,Previous experience and variability in voriconazole clearance (2c19 polymorphism),2,0.5,Modify,TRUE,FALSE,2,2.6666666666666665,4,4,6
NA,R_xGCsB65GaaG4eit,40.79299927,-74.02469635,100,92,Pharmacist,Non-Physician,2,Male,8,I consider myself to be more aggressive,7,6,7,3,3,"Nest controls all thermostat controls daily; I use a google home/hub device to maintain shopping lists, tell me about the weather, and answer basic questions or facts.  Also own a floor cleaning robot which I set to clean the floors once a week while I am out.",4,3,4,4,2,2,1,4,4,212.77,What,High,8,4,47.671,8,4,24,3,3,3,3,3,2,2,"The system made me wonder if I was being too aggressive, but given the likely upward titration which would be required in the week(s) ahead I remained comfortable with my reduced re-starting dose.",0,5,5,"Yes, but had already factored that into my decision.  For an inexperienced clinician or non-pharmacist, this may be more useful.",4,4,0,0,0,"Recommendation of AI is more aggressive than I would have been - given patient had no bump in Scr with elevated levels and with removal of voriconazole, titration back up to original dose would be expected eventually and I'd be comfortable re-initiating with a modest dose reduction rather than a more severe one.",4,0,Disregard,TRUE,FALSE,2,2.3333333333333335,5,3.1666666666666665,6
NA,R_roTKnaO3dGvIbtL,49.26660156,-123.1976013,200,100,Pharmacist,Non-Physician,5,Female,6,conservative,3,3,3,3,3,NA,4,4,4,4,4,4,1,4,4,240.857,What,High,2,5,81.75,2,5,40,3,2,2,2,2,3,3,did not follow recommendation,0,4,3,NA,2,2,0,0,0,i would like more info to back up the recommendation,2,0,Disregard,TRUE,FALSE,2,2.6666666666666665,3.5,4,6
NA,R_2YRhekCq83mF3rY,41.84860229,-87.62879944,50,92,Pharmacist,Non-Physician,4,Female,14,NA,3,3,7,3,3,"no issues, don't use for anything complicated",4,4,4,4,4,3,1,4,4,337.56,What,High,6,7,44.675,4,7,100,4,4,3,3,3,4,1,It changed what I chose but I would have handled the situation differently which the survey didn't allow.,1,5,4,"Yes, I went with the decision",2,0,-2,2,2,NA,2,1,Adopt,TRUE,FALSE,2,2.6666666666666665,4.5,3.8333333333333335,6
NA,R_1IhhXREe3Ilf5wG,34.87750244,-92.22650146,50,96,Pharmacist,Non-Physician,2,Female,6,I consider myself to be very practical. What is the patient most likely to be compliant with. I am aggressive on younger high risk patients but conservative on older patients.,3,3,5,3,3,I will use Google Maps often to give me the quickest route. I also use Siri and Alexa occasionally to help quickly answer questions.,3,4,4,3,2,2,1,4,4,346.18,What,High,8,5,219.714,8,6,0,2,2,3,1,1,2,2,Did not affect my final decision,0,4,3,I did not think the explanation took into account how long the voriconazole would affect the tacrolimus level.,4,4,0,0,0,The recommendation did not take into account that the voriconazole interaction would be affecting the tacrolimus levels for 1-2 days but would then go away.,4,0,Disregard,TRUE,FALSE,2,1.6666666666666667,3.5,3,6
NA,R_1QgqxJyQRgaIO7I,42.21960449,-83.604599,100,71,Pharmacist,Non-Physician,2,Female,6,I target higher concentrations than colleagues but am less aggressive with dose changes,6,6,6,3,3,"Low risk, routine tasks will little unexpected variability.",3,3,3,3,3,3,1,4,4,394.02,What,High,4,3,69.095,4,3,50,4,4,4,3,3,3,3,It provided confirmation that my clinical decision was reasonable/appropriate. (I had picked the same dose originally),0,3,2,"No. Would be better if explained what the data or ""outcomes"" were. ie the average patient requires an XX% reduction in dose after voriconazole is discontinued. Even better if provides confidence intervals.",0,0,0,0,0,NA,0,NA,Disregard,TRUE,TRUE,2,3,2.5,3,6
NA,R_3hhTR4ZJcy3JViN,39.98429871,-75.22660065,70,97,Pharmacist,Non-Physician,4,Female,22,More conservative,3,3,3,3,3,NA,4,4,2,2,2,4,1,4,4,1482.742,What,High,2,4,99.738,2,5,50,3,3,3,3,3,3,3,Assisted to see if dosing rec was consistent with my own,0,4,3,Yes-made the same consideration,2,2,0,0,0,Based on comfort level of my own experience vs not knowing what PK/PD parameters AI was considering and to what degree.,2,0,Disregard,TRUE,FALSE,2,3,3.5,3,6
NA,R_2YG2pfWH84D2XjI,37.55029297,-77.39420319,300,100,Midlevel Provider,Non-Physician,2,Female,6,Titration is possible and reasonable.  I would rather recheck a trough and then make a dose change than to overshoot and have patient experience AKI or side effects.,7,6,3,3,3,"Household automation tasks, cleaning.
I don't like talking to devices or allowing devices to track my consumer habits.",4,4,4,4,4,4,1,4,8,88.965,Global,Low,2,5,44.875,4,5,65,2,3,2,2,3,2,1,"Considered the recommended dose, but ultimately decided on more conservative response based on previous experience.
Also- the trough doses are exceedingly high in these scenarios based on our protocols.",0,NA,NA,NA,2,0,2,2,2,"Split dosing is difficult for many patients.  
Dose in scenario one was too high with ongoing detectable voriconazole.",6,0.3333333333333333,Modify,FALSE,FALSE,2,2,NA,4,6
NA,R_55cLSzu6thGu56p,35.91119385,-78.9178009,100,30,Midlevel Provider,Non-Physician,6,Female,15,We use a dosing protocol that covers most clinical situations. I am actually in favor of longer acting once a day dosing of tac- I consider that to expose the patient to much less harm from spiking peak levels of BID dosing. So I guess I am more conservative than most.,6,6,4,3,3,"Definitely household chores and temperature maintenance. I also like the clinical decision support systems that exist on the electronic health record we use (Epic) which is, I guess, a type of AI",4,5,4,4,4,3,1,4,8,117.861,Global,Low,6,5,21.841,6,4,19,2,1,2,2,2,1,2,Very little. Made me re-think my decision but not change it,0,NA,NA,NA,2,2,0,0,0,Expereice has taught  me that it is hard to predict when tac levels will fall following an antifungal type treatment.,2,0,Disregard,TRUE,FALSE,2,1.6666666666666667,NA,4,6
NA,R_3ezwyreBOaW5nhK,39.70669556,-104.9693985,100,100,Midlevel Provider,Non-Physician,3,Female,9,"Moderate with regard to IS, often make adjustments for side effects, infections, etc. as well as to get a more targeted trough level",3,3,3,3,3,NA,4,4,4,4,4,4,1,4,8,78.874,What,Low,4,4,53.898,8,4,100,4,4,4,4,4,4,4,changed it,1,5,4,I was also thinking about response after voriconazole so more detailed info would have been helpful.,0,4,4,4,-4,NA,4,1,Adopt,TRUE,TRUE,2,4,4.5,4,6
NA,R_3M4f0IMuQ17w3bs,38.56390381,-121.441803,20,100,Midlevel Provider,Non-Physician,4,Female,7,Aggressive based on personal patient experience.,3,6,6,3,3,I do not routinely use the Al device to perform any tasks.,4,4,4,4,5,3,1,4,8,248.935,What,Low,2,6,60.884,2,6,50,3,2,2,3,3,2,3,Not at all,0,4,4,"Yes, based on drug interaction",2,2,0,0,0,Based on prior experience,6,0,Disregard,FALSE,FALSE,2,2.6666666666666665,4,4,6
NA,R_PG6a0Z6Fej6YvV7,-31.94709778,115.8646851,5,0,Midlevel Provider,Non-Physician,3,Male,9,more conservative. monitoring and adding up additional doses seems safer to me.,3,3,7,3,3,none except computer generated graph to interpret blood results,3,4,1,2,3,5,1,4,4,182.815,Global,High,6,5,26.535,10,5,50,3,3,1,3,1,1,1,moderate consideration of AI. I will rather use my own knowledge.,0,NA,NA,NA,2,6,4,4,-4,Mistrust in AI system. clinical judgement is more reliable based on best available evidence,2,2,Modify,TRUE,FALSE,2,1,NA,3,6
NA,R_2DUCUR5lHK5sk3k,39.73539734,-74.9838028,50,17,Nurse,Non-Physician,3,Female,15,Moderate,3,3,6,3,3,We use our Alexa all the time for music and timers,5,5,5,5,5,4,1,4,8,116.202,Global,Low,6,4,79.599,8,5,100,3,3,3,4,3,3,3,I used the recommendation but I wish it explained how it got that recommended dose.,1,NA,NA,NA,2,4,2,2,-2,I used recommendation.,2,1,Adopt,TRUE,FALSE,2,3,NA,4.833333333333333,6
NA,R_SBIrnNa4UxrF7cB,33.68710327,-84.15100098,45,100,Nurse,Non-Physician,4,Female,4,N/A,3,3,6,3,3,I’m not that familiar since I don’t actually prescribe,5,4,3,5,4,4,1,4,8,117.186,Global,Low,6,7,65.499,6,7,50,5,4,5,4,3,4,3,Moderately,0,NA,NA,NA,2,2,0,0,0,Previous situations,2,0,Disregard,TRUE,FALSE,2,3.3333333333333335,NA,4.166666666666667,6
NA,R_8uJnBG75TDMSydj,35.7696991,-79.17700195,175,100,Nurse,Non-Physician,4,Female,3,I find myself to be more conservative as mulitiple changes end up like a roller coaster and the pts labs can change radically in the early months.,3,6,7,3,3,I use Alexa for radio/music use primarily. I occasionally use it for trivia games or fact lookups. Also use it to check the time or weather.,4,2,2,3,2,2,1,4,4,110.992,What,High,6,4,65.808,6,4,61,4,4,4,3,3,3,3,I still put heavy reliance on individual variabilities in patients and will not rely solely on AI.,0,4,3,I decided that was not enough information - would be nice to have a link to recent ebp,2,2,0,0,0,Our program uses different standards for the first 3 mos.,2,0,Disregard,TRUE,FALSE,2,3,3.5,2.5,6
NA,R_1IygmFUZUU464W7,40.00349426,-82.67259979,50,52,Nurse,Non-Physician,5,Male,36,more conservative,3,3,5,3,3,Alexa is just awful.  I use it as a kitchen timer and ask for weather. if I ask to look up data the voice recognition is poor or it directs me to Amazon preferred sites,4,5,4,4,4,4,1,4,8,79.847,Global,Low,6,7,26.075,6,7,33,3,3,3,2,2,2,2,not at all,0,NA,NA,NA,2,2,0,0,0,low confidence in AI,2,0,Disregard,TRUE,FALSE,2,2,NA,4.166666666666667,6
NA,R_xzO5EQfH1KAJ4v7,43.72920227,-79.39299774,50,51,Physician,Physician,4,Female,20,More conservative than my colleagues.,3,5,4,3,3,"The Roomba vacuum for occasional use only. But when a real cleaning is needed, I would use the regular vaccum. Simple tasks could be completed by AI but not where judgement is critical.",4,3,3,3,4,4,1,4,8,192.115,Global,Low,4,5,74.906,6,6,20,2,1,3,1,2,3,3,I came closer to doing what the AI system said.,0,NA,NA,NA,0,2,2,2,-2,I did not intuitively feel that the AI system was correct.,4,0.5,Modify,TRUE,TRUE,2,2.6666666666666665,NA,3.5,6
NA,R_3KCMXiKEOhrx9zh,45.82929993,15.97929382,100,5,Physician,Physician,3,Female,14,I consider myself to be moderate and cautious...,3,3,4,3,3,"I do not have nay experience with AI, except in the publication process; when submitting manuscripts to journal the AI chooses reviewers..",4,4,4,5,5,4,1,4,8,218.584,What,Low,6,7,83.973,6,7,21,3,3,3,2,3,3,2,not at all,0,4,4,no,2,2,0,0,0,due to my experience with transplant patients,2,0,Disregard,TRUE,FALSE,2,2.6666666666666665,4,4.333333333333333,6
NA,R_OwZeVcSaegY5vk5,32.06919861,34.75770569,20,76,Physician,Physician,4,Female,8,Usually do not make decisions on dosing,3,3,3,3,3,NA,4,4,4,4,4,4,1,4,4,117.355,Global,High,6,4,32.966,4,5,85,4,4,4,4,4,4,4,Made the final desicion,1,NA,NA,NA,2,0,-2,2,2,NA,2,1,Adopt,TRUE,FALSE,2,4,NA,4,6
NA,R_3kvrwlU2VjHNJ8A,35.96099854,-78.92910004,4,50,Physician,Physician,2,Male,3,I am a surgical resident and am not involved in dosing immunosuppression beyond ordering a home dose upon admission.,7,3,7,3,3,use amazon alexa to play music.,4,3,3,4,3,3,1,4,4,185.519,Global,High,6,1,42.145,4,3,60,3,3,3,3,3,3,3,"As a provider with minimal experience dosing tac, I trusted the recommendation.",1,NA,NA,NA,2,0,-2,2,2,NA,2,1,Adopt,TRUE,FALSE,2,3,NA,3.3333333333333335,6
NA,R_3gSLxPiHIUgi1yf,42.41879272,-71.15570068,100,30,Physician,Physician,3,Male,10,conservative-- as there are too many variables and fluctuations including drug-drug interactions and diet.,3,3,3,3,3,NA,4,3,3,3,3,3,1,4,4,233.527,What,High,6,7,52.583,6,7,1,4,4,3,3,3,3,3,"It didnt effect my decision because it doesnt incorporate the true variability of a patients diet and liver function.  Regardless of the what the AI or I chose, the patient will need regular weekly lab tests and ongoing adjustments as needed.",0,4,4,I did not but its a reasonable outcome but eventually the long term effects of voriconazole will dissipate and the medication dose will need to be adjusted based on levels.,2,2,0,0,0,Repeat lab tests are needed and regular adjustments are always needed due to the factors listed above.,2,0,Disregard,TRUE,FALSE,2,3,4,3.1666666666666665,6
NA,R_2b2IC65bBogjVJs,40.78100586,-73.95010376,50,96,Physician,Physician,6,Male,34,"Our group follows well defined protocols, and we work well together.",3,3,3,3,3,NA,4,4,4,4,4,4,2,1.5,1.5,NA,Global,High,3,6,NA,3,6,10,3,3,3,3,3,3,3,It did not.,0,NA,NA,NA,1.5,1.5,0,0,0,My best clinical judgment.,1.5,0,Disregard,TRUE,FALSE,1,3,NA,4,3
NA,R_2SelUAniCTuipX8,33.86540222,-84.33850098,45,30,Physician,Physician,3,Male,7,more aggressive in followup (lower dosing),3,3,6,3,3,Google and siri - basic tasks,5,4,4,4,4,4,2,1.5,1.5,NA,Global,High,4,5,NA,2,5,70,4,4,4,4,4,4,4,Supported decision; reduced dose,0,NA,NA,NA,2.5,0.5,-2,2,2,was less decided at base,2.5,0.8,Modify,TRUE,FALSE,1,4,NA,4.166666666666667,3
NA,R_26o5a1yKOzmIYVv,41.8710022,-87.62889862,40,96,Physician,Physician,4,Male,15,About the same as colleagues,3,3,5,3,3,I basically only use the voice commands and search functions.,2,2,2,4,3,4,2,1.5,1.5,NA,Global,High,2,5,NA,1.5,5,71,3,3,3,3,3,3,2,"It basically matched my decision, so it validated what I thought.",1,NA,NA,NA,0.5,0,-0.5,0.5,0.5,I used the AI dose.  It was basically the same as mine.,0.5,1,Adopt,TRUE,TRUE,1,2.6666666666666665,NA,2.8333333333333335,3
NA,R_1jNAVZoO6X3Kjee,39.18110657,-84.34500122,70,74,Physician,Physician,3,Male,10,NA,3,3,3,3,3,NA,3,1,2,3,4,2,2,1.5,1.5,NA,Global,High,3,6,NA,3,6,40,4,3,2,3,3,3,1,Could have taken this advice as it seemed logical,0,NA,NA,NA,1.5,1.5,0,0,0,Just thought would start with 1.5 and then. Decrease from there,1.5,0,Disregard,TRUE,FALSE,1,2.3333333333333335,NA,2.5,3
NA,R_2v0uTaubBVXiPbG,54.65809631,-5.904495239,50,52,Physician,Physician,3,Male,1,"Our protocols for immunosuppression are a bit unconventional but maybe helpful at the moment given the prevalence of Covid. We don’t use induction. And our enhanced immunosuppression is just basiliximab (and only for <40 years old recipients and poor HLA mismatches i.e. 2DR or 2B and 1DR). Maintenance Immunosuppression is with prednisolone, mycophenolate mofetil and tacrolimus (target trough>10µg/L)",3,3,7,3,3,"Alexa to play music, radio and turn on lights.",4,4,4,4,4,4,2,1.5,1.5,NA,Global,High,4,1,NA,3,3,75,3,3,3,2,3,3,3,"As per my previous comments. I am not as a surgeon involved in these type of decisions. My colleagues that do, mainly nephrologists, weigh many factors up and making personalised decisions. I’m not sure AI could do that but I’m sure safe decisions could be made. So I would be happy to follow the recommendations.",0,NA,NA,NA,2.5,1.5,-1,1,1,NA,2.5,0.4,Modify,TRUE,FALSE,1,3,NA,4,3
NA,R_2aCFpWWk3iRtNrq,55.94949341,-3.198303223,30,0,Physician,Physician,5,Male,25,IN general I am probably more conservative in my dosing than colleagues.,6,3,4,3,3,not much experience except heating control in the home,5,5,4,5,5,5,2,1.5,1.5,NA,Global,High,2,5,NA,2,6,50,3,3,3,3,3,3,3,What I actually would have done would have been to skip a dose and restart at a low level then build back up. I think risk of acute rejection in this scenario is small. I felt like only thought of the aI was to get the doe to a specific trough point.,0,NA,NA,NA,0.5,0.5,0,0,0,see above,0.5,0,Disregard,TRUE,TRUE,1,3,NA,4.833333333333333,3
NA,R_VUqz3MIg2eWktlD,39.86549377,-86.12200165,150,92,Physician,Physician,4,Male,18.5,prefer low levels over toxic levels,3,3,3,3,3,NA,4,4,4,4,4,4,2,1.5,1.5,NA,Global,High,3,5,NA,2,5,20,3,3,3,3,3,2,2,"made me downgrade my initial choice, but I think my first suggestion would have worked.",0,NA,NA,NA,1.5,0.5,-1,1,1,Thought it was too low,1.5,0.6666666666666666,Modify,TRUE,FALSE,1,2.3333333333333335,NA,4,3
NA,R_3Eyhzwlr3tKYo2P,32.82150269,-80.05680084,60,10,Physician,Physician,4,Male,16,conservative,3,4,3,3,3,no prior experience with AI that i can recall,4,4,4,5,5,4,2,1.5,1.5,NA,Global,High,3,5,NA,2,5,51,4,4,4,3,3,3,3,i down-adjusted my initial dose from 1.5 bid to 1 bid based on the AI's rec split dosing of 0.5/1.,0,NA,NA,NA,1.5,0.5,-1,1,1,i'd rather be wrong on the high side,1.5,0.6666666666666666,Modify,TRUE,FALSE,1,3,NA,4.333333333333333,3
NA,R_2f428MNsBThrYil,39.36450195,-76.60690308,30,50,Physician,Physician,3,Female,6,NA,5,6,6,3,3,"gps mapping, smartphone for all daily tasks, ride share apps, spam filters, mobile check deposits",4,NA,5,5,5,5,2,1.5,1.5,NA,What,High,2,5,NA,2,5,50,3,3,3,3,3,3,3,reinforced my decision,0,3,3,NA,0.5,0.5,0,0,0,NA,0.5,0,Disregard,TRUE,TRUE,1,3,3,NA,3
NA,R_241Xk4fdJUSNbhj,39.21510315,-76.7539978,20,100,Physician,Physician,3,Female,10,Less is more,3,5,3,3,3,none - I like using my brain. Not sure I own much AI equipment,2,4,4,4,3,2,2,1.5,1.5,NA,What,High,2,6,NA,3,1,100,2,2,2,2,2,1,1,"same - lack of knowledge about timing for the next tac level would have influenced my decision more

I allowed AI to tell me what to do but not sure it's right",0,5,1,no,0.5,1.5,1,1,-1,I would have liked to hold tac for a day and resumed at 1 mg BID - easier to remember than 1.5,0.5,2,Modify,TRUE,TRUE,1,1.3333333333333333,3,3.1666666666666665,3
NA,R_3F4lal9l7SiinLD,32.37789917,-90.12729645,25,30,Physician,Physician,4,Male,15,"I am more conservative and more comfortable with moderate to low maintenance levels than my average colleague.  I also change my ""aggressiveness"" based on presence or absence of low dose steroid in kidney transplant.",3,5,3,3,3,"I have little experience other than thermostats, timers, fireTV, and sensors on cars (oil change, adaptive cruise, etc)",4,3,3,3,3,2,2,1.5,1.5,NA,What,High,2,6,NA,2,6,24,2,2,2,2,2,2,2,It did not,0,2,2,I did not,0.5,0.5,0,0,0,Past experience with patients in this scenario,0.5,0,Disregard,TRUE,TRUE,1,2,2,3,3
NA,R_bq1ALmS2luaZoEF,43.10299683,-89.50730133,20,50,Physician,Physician,4,Male,19,more aggressive,3,3,3,3,3,NA,5,5,4,4,4,4,2,1.5,1.5,NA,What,High,2,5,NA,1.5,7,91,5,5,3,3,3,4,4,I changed the dose to be closer to the recommended dose.,1,5,5,NA,0.5,0,-0.5,0.5,0.5,NA,0.5,1,Adopt,TRUE,TRUE,1,3.6666666666666665,5,4.333333333333333,3
NA,R_Ab7hvwImY0Cn2UN,47.61439514,-122.344696,4,17,Physician,Physician,2,Female,2,Conservative,3,3,5,3,3,"Setting a timer, playing music",4,3,4,4,4,4,2,1.5,1.5,NA,What,High,3,2,NA,2,5,70,3,4,4,3,3,3,3,I was influenced by the recommendation,0,4,4,The recommendation was different than what I originally planned to make.,1.5,0.5,-1,1,1,NA,1.5,0.6666666666666666,Modify,TRUE,FALSE,1,3,4,3.8333333333333335,3
NA,R_11byq0SOdhVYymb,53.22529602,6.581298828,30,96,Physician,Physician,3,Male,6,Average,3,3,3,3,3,NA,4,3,4,3,3,3,2,1.5,1.5,NA,What,High,4,5,NA,3,6,62,3,3,3,3,3,2,3,I went along with it,0,3,3,Not at all,2.5,1.5,-1,1,1,N/a,2.5,0.4,Modify,TRUE,FALSE,1,2.6666666666666665,3,3.3333333333333335,3
NA,R_3nMkCeUMW7YbEGN,35.99679565,-78.89550018,30,12,Physician,Physician,5,Female,26,Conservative,3,3,5,3,3,"Find recipes, play music set cooking timers",5,4,3,4,4,4,2,1.5,1.5,NA,What,High,3,5,NA,3,6,61,4,4,4,4,4,4,4,Since it was identical to my own recommendation I believed it,0,3,3,A little but would be better and more powerful if it could point to data or a study that lead to the Recommendation rather than only this short description,1.5,1.5,0,0,0,NA,1.5,0,Disregard,TRUE,FALSE,1,4,3,4,3
NA,R_eQGHXRKS2ngd0xX,40.47250366,-79.9108963,100,12,Physician,Physician,5,Male,21,More conservative in dosing. Target lower levels of immunosuppression,6,3,3,3,3,Thermostat to adjust temperature for house,4,3,4,4,4,2,2,1.5,1.5,NA,What,High,2,6,NA,2,6,30,4,4,4,4,4,3,3,I had a similar recommendation,0,4,4,Did not consider,0.5,0.5,0,0,0,My recommendation was close,0.5,0,Disregard,TRUE,TRUE,1,3.3333333333333335,4,3.5,3
NA,R_3m3r3877o9GASIl,32.79670715,-117.1367035,15,32,Physician,Physician,4,Male,12,I tend to use less IS than my colleagues,3,3,5,3,3,I use AI in music selection and find it spotty as to aligning with my tastes,5,2,3,4,2,4,2,1.5,1.5,NA,What,High,3,5,NA,3,6,70,4,4,4,4,4,4,4,"we arrived at the same dose separately, so easy to agree",0,4,4,we had already arrived at the same rec so hard to say I incorporated it in my final decision,1.5,1.5,0,0,0,we both had the same recs,1.5,0,Disregard,TRUE,FALSE,1,4,4,3.3333333333333335,3
NA,R_u9Xhx965zgvtdZL,42.32679749,-71.13410187,20,90,Physician,Physician,3,Male,4,more aggressive,3,6,6,3,3,"cleaning and vacuuming
some driving tasks
",4,4,4,4,4,4,2,1.5,4.5,NA,Global,Low,2,5,NA,3,5,69,4,4,3,3,4,3,4,"harder clinical scenario, listened more carefully",0,NA,NA,NA,0.5,1.5,1,1,-1,i did,2.5,0.4,Modify,TRUE,TRUE,1,3.6666666666666665,NA,4,3
NA,R_2AEWmdkUZP8HSYl,32.82460022,-117.1970978,25,61,Physician,Physician,3,Female,8,"I am about at the same level of my colleagues, aiming to get the immunosuppression dose at our protocol levels, with taking into account side effects and infection risk in individual patients. I am more likely to decrease immunosuppression than others in those situations.",5,4,4,3,3,To adjust my thermostat to my decided values.  I do use Siri on the iPhone often with apple play in the car.,4,5,4,4,4,4,2,1.5,4.5,NA,Global,Low,3,4,NA,4,3,50,2,3,2,2,3,2,2,It did not affect my decision,0,NA,NA,NA,1.5,2.5,1,1,-1,"Because his levels had been supra therapeutic for a long time with side effects, more beneficial not to aim high in changing the doses at this point.",1.5,0.6666666666666666,Modify,TRUE,FALSE,1,2.3333333333333335,NA,4.166666666666667,3
NA,R_24qHjR7LJadgpOx,38.90109253,-77.04519653,30,100,Physician,Physician,6,Male,33,Aggressive,3,3,3,3,3,NA,5,5,5,5,5,5,2,1.5,4.5,NA,Global,Low,2,5,NA,2,5,20,2,3,3,3,3,3,3,Not at all,0,NA,NA,NA,0.5,0.5,0,0,0,I don't like using split doses of tacrolimus; too difficult for adherence.,2.5,0,Disregard,TRUE,TRUE,1,3,NA,5,3
NA,R_5swsuZtk522iIdb,29.77380371,-95.40599823,30,72,Physician,Physician,4,Male,11,More conservative,3,6,4,3,3,Roomba vacuum to find and clean and self navigate,3,3,3,3,3,3,2,1.5,4.5,NA,Global,Low,3,5,NA,3,5,0,1,1,1,1,1,1,1,Not at all,0,NA,NA,NA,1.5,1.5,0,0,0,High persistent trough levels and AI recommended dividing dose into unequal doses.,1.5,0,Disregard,TRUE,FALSE,1,1,NA,3,3
NA,R_1eFTGg2JxILcAL1,38.81550598,-77.12049866,15,90,Physician,Physician,3,Female,7,small incremental changes...aggressive to get to therapeutic level and then small changes at maintenance,3,5,3,3,3,Roomba is a vacuum....it vacuums as it's supposed to,4,4,4,4,4,4,2,1.5,4.5,NA,Global,Low,2,6,NA,2,6,0,1,1,1,1,1,1,1,It didn't.,0,NA,NA,NA,0.5,0.5,0,0,0,"At 3mg/day dose, the levels were in the 20's so why would one increase the dose to 4.5mg/day? Need to decrease the dose, esp given that pt had symptoms
",2.5,0,Disregard,TRUE,TRUE,1,1,NA,4,3
NA,R_25TrMy5niJhjWhD,42.28070068,-83.78009796,8,75,Physician,Physician,2,Male,2,Conservative,6,5,7,3,3,"Home temperature regulation, home speakers",4,4,4,4,4,4,2,1.5,4.5,NA,Global,Low,4,5,NA,4.5,5,86,4,4,5,4,4,4,4,Switched dose slightly from my initial estimate (4 to 4.5 total dose/day),1,NA,NA,NA,2.5,3,0.5,0.5,-0.5,N/A,0.5,1,Adopt,TRUE,FALSE,1,4,NA,4,3
NA,R_Q5I4A6T4VxSrqmd,29.61380005,-82.38600159,30,19,Physician,Physician,4,Male,11,NA,6,3,6,3,3,"Simple automated tasks like music, speakers, timing, searches",3,3,3,3,3,4,2,1.5,4.5,NA,Global,Low,4,4,NA,4,4,28,2,2,2,2,2,2,2,Not much given the disparate dosing.,0,NA,NA,NA,2.5,2.5,0,0,0,NA,0.5,0,Disregard,TRUE,FALSE,1,2,NA,3.1666666666666665,3
NA,R_s7qfrgRNFHi1Qhb,19.51289368,-99.23660278,8,50,Physician,Physician,2,Male,2,I think I am morenconservative,3,3,5,3,3,"Not to much, I am getting used to them",5,5,4,4,3,4,2,1.5,4.5,NA,Global,Low,4,6,NA,4,5,0,1,1,4,3,3,1,3,"It didn’t affect my decision, I’m notmconfident with the option y got",0,NA,NA,NA,2.5,2.5,0,0,0,"I think, the way we modify dosing of inmunosupression dependsmon the trough levels, it’s hard formme to believe the eay it was modified will afect this levels",0.5,0,Disregard,TRUE,FALSE,1,2.3333333333333335,NA,4.166666666666667,3
NA,R_2OTRPXb7IkGJeEf,32.79429626,130.7414856,100,100,Physician,Physician,3,Male,15,Might be so,3,7,3,3,3,"Assisting the decision making, navigating the right way to solve the problem. I thought I would like see the possibility range of suggestions (95% CI).",1,1,2,1,1,1,2,1.5,4.5,NA,What,Low,3,6,NA,4,6,71,3,3,3,3,3,3,3,To some extent.,0,3,3,NA,1.5,2.5,1,1,-1,I personally know of the post-gastrectomy course.,1.5,0.6666666666666666,Modify,TRUE,FALSE,1,3,3,1.1666666666666667,3
NA,R_1DSf84uq7zyPKPZ,43.07249451,-89.44909668,20,89,Physician,Physician,5,Male,30,More aggressive,3,3,3,3,3,NA,5,5,5,5,4,4,2,1.5,4.5,NA,What,Low,3,6,NA,3.5,6,50,4,4,3,4,4,4,3,Diurnal variations was a good consideration thst was incorporated into my decision,0,4,4,Yes,1.5,2,0.5,0.5,-0.5,Did not think the variation was that large to have such a big difference between doses.,1.5,0.3333333333333333,Modify,TRUE,FALSE,1,3.6666666666666665,4,4.666666666666667,3
NA,R_1LbR4KPCbvmJOCW,44.75030518,-79.82240295,40,50,Physician,Physician,4,Male,20,"adjust and check, avoid large changes if possible, take side effects in consideration, equal conservative as my colleagues",3,3,4,3,3,I do not have any experience with AI devices,4,4,4,4,3,3,2,1.5,4.5,NA,What,Low,4,5,NA,4,6,6,2,2,2,2,2,2,2,did nit affect my decision,0,2,2,"Tac levels are hard to predict and veery patient specific,  as long as I can check the outcome I feel comfortable to adjust the dose myself.",2.5,2.5,0,0,0,because reducing dose to 2 equal doses seems preferable,0.5,0,Disregard,TRUE,FALSE,1,2,2,3.6666666666666665,3
NA,R_BDmHt2pz4FgRJoR,45.46099854,-122.7052002,8,20,Physician,Physician,7,Male,40,More conservative.,4,3,4,3,7,"Remaining lifetime calculations for transplant candidates with multiple co-morbidities, frailty scores for transplant candidates, drug interactions, drug dosing recommendations, EKG interpretations, procedure and clinic scheduling.",5,5,4,5,5,3,2,1.5,4.5,NA,What,Low,2,5,NA,2,6,20,2,2,4,3,3,3,3,"The tacrolimus levels should be allowed to become nearly normal and the neurotoxicity monitored before re-instituting tacrolimus. If the neurotoxicity did not resolve, I would convert the patient to cyclosporine, a different calcineurin inhibitor.",0,4,4,"Yes, then I rejected it.",0.5,0.5,0,0,0,See the previous note.,2.5,0,Disregard,TRUE,TRUE,1,3,4,4.5,3
NA,R_2ZQdnYmVe9jkfh2,39.65620422,-104.7865982,100,39,Physician,Physician,5,Female,25,tend to run tac levels on the lower side,4,3,3,3,3,I don't rely on AI for any tasks,4,3,3,3,4,3,2,1.5,4.5,NA,What,Low,3,NA,NA,4.5,NA,85,4,4,4,4,3,3,3,same as answer to first case,1,5,5,don't know how much it matters to do 3mg in the am and 1.5 at night vs. 2 mg bid. Would adjust the dose up if the trough was too low,1.5,3,1.5,1.5,-1.5,NA,1.5,1,Adopt,TRUE,FALSE,1,3,5,3.3333333333333335,3
NA,R_z6xX4gJfHutDEfn,35.19360352,-80.68650055,25,100,Physician,Physician,4,Female,20,Aggressive,3,3,3,3,3,NA,5,4,3,3,2,2,2,1.5,4.5,NA,What,Low,2,5,NA,2,5,0,1,1,1,1,1,1,1,Not at all,0,5,1,"Without data or references, I have no reason to believe the AI",0.5,0.5,0,0,0,"It is not consistent with my practice, and it provided no data or justification for its recommendations",2.5,0,Disregard,TRUE,TRUE,1,1,3,3.1666666666666665,3
NA,R_1IE4O6Vz5boIf9E,40.82460022,-73.81500244,30,92,Physician,Physician,3,Male,3,more conservative,3,3,6,3,3,"Alexa plays music, and turns on a few lights on command",4,4,4,4,2,3,2,1.5,4.5,NA,What,Low,4,7,NA,4,7,70,4,3,3,3,3,3,3,"it supported my general thought that the dose should be reduced, but this was fairly obvious",0,3,3,"a little more detail about ""diurnal variation"" would've been helpful to better understand the recommendation",2.5,2.5,0,0,0,NA,0.5,0,Disregard,TRUE,FALSE,1,3,3,3.5,3
NA,R_2TZxi2XkhKq5PCX,39.08309937,-94.58529663,50,92,Physician,Physician,4,Male,10,conservative,5,5,5,3,3,I do not use AI device at all in my life,3,3,2,3,4,3,2,1.5,1.5,NA,Global,High,4,6,NA,4,6,50,3,3,3,3,3,3,3,did not consider,0,NA,NA,NA,2.5,2.5,0,0,0,do not want to follow,2.5,0,Disregard,TRUE,FALSE,1,3,NA,3,3
NA,R_1E0Y9T7IY4tLYFT,-37.81590271,144.9668884,90,100,Physician,Physician,3,Male,10,"Middle of the pack in AUS, but perhaps compared to USA, less aggressive.",3,3,3,3,3,NA,2,2,3,2,4,4,2,1.5,1.5,NA,Global,High,2,6,NA,2,5,0,3,3,3,2,3,3,2,It did not.,0,NA,NA,NA,0.5,0.5,0,0,0,"My decision was fairly similar to the AI decision, so I did not feel the need to change it.",0.5,0,Disregard,TRUE,TRUE,1,2.6666666666666665,NA,2.8333333333333335,3
NA,R_6P8W1ieyEWBCDF7,40.74279785,-73.97119904,5,3,Physician,Physician,6,Male,10,Middle of the road,3,3,5,3,3,Minimal use of these types of devices,3,3,2,3,3,3,2,1.5,1.5,NA,Global,High,3,5,NA,3,4,31,3,3,3,3,3,3,3,Modestly,0,NA,NA,NA,1.5,1.5,0,0,0,Seemed to be too much of a reduction with stable Scr,1.5,0,Disregard,TRUE,FALSE,1,3,NA,2.8333333333333335,3
NA,R_2SHaRbAQnTvPHFH,35.71780396,-78.84279633,100,81,Physician,Physician,3,Female,2,Depends on patient,7,6,4,3,3,"vacuuming and setting desired temp at home,",3,3,3,3,3,4,2,1.5,1.5,NA,Global,High,3,6,NA,3,6,39,3,3,2,2,3,2,2,Did not,0,NA,NA,NA,1.5,1.5,0,0,0,Dose was decreased too much considering the txp date.,1.5,0,Disregard,TRUE,FALSE,1,2.3333333333333335,NA,3.1666666666666665,3
NA,R_1N8K9b8Np50Js9z,46.05029297,14.5045929,50,71,Physician,Physician,4,Male,15,More aggresive.,7,5,3,3,3,"Smart home, home appliances. Apple Health & Fitness.",4,4,3,4,4,4,2,1.5,1.5,NA,Global,High,3,4,NA,2,5,60,3,3,4,4,4,3,4,Somewhat.,0,NA,NA,NA,1.5,0.5,-1,1,1,NA,1.5,0.6666666666666666,Modify,TRUE,FALSE,1,3.6666666666666665,NA,3.8333333333333335,3
NA,R_3kbPgX4xGE2PZEM,28.63270569,77.2197876,100,92,Physician,Physician,2,Male,2,Aggressive,5,7,7,3,3,Basic tasks. Own a roomba which helps with cleaning. A smart speaker is for basic info and entertainment only.,4,4,4,4,4,4,2,1.5,1.5,NA,Global,High,2,6,NA,2,6,74,3,4,3,3,4,3,3,Did not affect.,0,NA,NA,NA,0.5,0.5,0,0,0,Recommended dose seemed higher,0.5,0,Disregard,TRUE,TRUE,1,3.3333333333333335,NA,4,3
NA,R_1jCfw9bFtucDtww,39.97439575,-86.082901,10,88,Physician,Physician,4,Male,15,Aggressive,3,3,5,3,3,Not much to do with AI so far,4,4,4,4,5,4,2,1.5,1.5,NA,Global,High,3,4,NA,1.5,6,51,3,4,3,3,4,4,4,Not much,1,NA,NA,NA,1.5,0,-1.5,1.5,1.5,Same recs,1.5,1,Adopt,TRUE,FALSE,1,4,NA,4.166666666666667,3
NA,R_1N4H6wXgnmcBbAP,51.97160339,7.606796265,250,92,Physician,Physician,3,Male,9,conservative,3,3,3,3,3,NA,4,4,3,4,4,4,2,1.5,1.5,NA,Global,High,1,5,NA,1,6,30,2,4,2,2,3,3,3,Would never ever recommend to use a higher dosage in the morning than in the evening because that does not include PK knowledge,0,NA,NA,NA,0.5,0.5,0,0,0,Would never ever recommend to use a higher dosage in the morning than in the evening because that does not include PK knowledge,0.5,0,Disregard,TRUE,TRUE,1,3,NA,3.8333333333333335,3
NA,R_3qCMRNZhSWHZT3W,47.68589783,-122.2994003,30,100,Physician,Physician,2,Female,1,"I try to look at trend, timing from transplant, risk/benefit..
I am a fellow and still learning.",3,3,3,3,3,NA,4,4,4,4,3,3,2,1.5,1.5,NA,Global,High,3,5,NA,2,4,61,3,3,3,3,3,3,3,It made me decrease the tacrolimus dose,0,NA,NA,NA,1.5,0.5,-1,1,1,I felt it would underdose the patient since it is about a quarter of the original dose and we are targeting a level close to 10,1.5,0.6666666666666666,Modify,TRUE,FALSE,1,3,NA,3.6666666666666665,3
NA,R_1jWghNzu5PlzLpE,42.34269714,-71.09220123,40,41,Physician,Physician,3,Male,3,about the same,3,3,6,3,3,"Weather, reminders, entertainment",4,1,2,2,2,3,2,1.5,1.5,NA,Global,High,3,6,NA,2,6,72,4,4,3,3,3,3,3,"I lowered the dose, closer to AI recommendation",0,NA,NA,NA,1.5,0.5,-1,1,1,"I felt the dose was too low, considering patient has a fresh transplant",1.5,0.6666666666666666,Modify,TRUE,FALSE,1,3,NA,2.3333333333333335,3
NA,R_32XcMOBZRxZsyJs,34.79020691,-92.50440216,60,84,Physician,Physician,3,Female,10,Conservative,3,NA,7,3,3,I use alexa for shopping lists,4,4,4,3,4,4,2,1.5,1.5,NA,What,High,2,4,NA,4,2,78,4,4,4,4,2,4,3,Did not affect,0,4,3,No,0.5,2.5,2,2,-2,Didnt think it was accurate,0.5,4,Modify,TRUE,TRUE,1,3,3.5,3.8333333333333335,3
NA,R_9Zuy66aSOYqXG01,-34.92739868,138.6004944,15,19,Physician,Physician,4,Female,20,Conservative and use TDM frequently rather than dosing algorithms,3,3,3,3,4,"Siri on iphone, no other AI devices.",4,5,5,4,3,3,2,1.5,1.5,NA,What,High,3,5,NA,1.5,5,25,3,3,3,2,3,3,3,I was more willing to take on board the recommendation as I was less concerned about toxicity than in scenario 1.,1,4,2,Yes this made sense to me,1.5,0,-1.5,1.5,1.5,NA,1.5,1,Adopt,TRUE,FALSE,1,3,3,4,3
NA,R_7805djyI4Mo3249,39.93400574,-75.16000366,300,70,Physician,Physician,3,Female,11,Middle of the road,3,3,3,3,3,NA,4,3,3,4,3,3,2,1.5,1.5,NA,What,High,2,6,NA,2,6,8,3,2,2,2,2,3,2,It did not,0,4,4,no,0.5,0.5,0,0,0,I used my clinical experience with such patients,0.5,0,Disregard,TRUE,TRUE,1,2.3333333333333335,4,3.3333333333333335,3
NA,R_2uKhdKIO9n8UIX0,37.55029297,-77.39420319,200,92,Physician,Physician,3,Male,9,aggressive,7,7,7,3,7,moderate user. will rely on for tasks that do not require a lot of privacy information.,4,4,3,4,4,4,2,1.5,1.5,NA,What,High,2,4,NA,1.5,6,80,4,4,4,4,4,4,3,significantly,1,4,1,yes. logical,0.5,0,-0.5,0.5,0.5,n/a,0.5,1,Adopt,TRUE,TRUE,1,3.6666666666666665,2.5,3.8333333333333335,3
NA,R_3GCl5SWyoCcITKj,-27.46730042,153.0325928,10,100,Physician,Physician,3,Female,10,target lower range trough levels,3,3,3,3,3,NA,2,2,2,2,3,3,2,1.5,1.5,NA,What,High,4,5,NA,3,5,77,4,4,4,4,3,3,3,reduced the dose further,0,5,5,"yes, prompted me to drop the dose further",2.5,1.5,-1,1,1,I think that dose would drop the tacro level too far,2.5,0.4,Modify,TRUE,FALSE,1,3,5,2.3333333333333335,3
NA,R_26g5vdu81I4u9mX,40.01809692,-83.01170349,300,81,Physician,Physician,5,Male,25,more aggressive in terms of dosing,3,3,7,3,5,use devices to achieve goals in terms of temperature or road conditions,5,4,5,5,5,4,2,1.5,1.5,NA,What,High,4,6,NA,4,6,50,3,2,2,2,2,2,2,another data point to make a decision,0,2,2,considered recommendation but did not consider other extrinsic factors,2.5,2.5,0,0,0,did not understand the dose recommendation,2.5,0,Disregard,TRUE,FALSE,1,2,2,4.666666666666667,3
NA,R_1l4YCFTqIyOBZEK,40.54570007,-80.05079651,50,89,Physician,Physician,3,Male,8,Conservative,7,5,5,4,3,Not a heavy user of AI. K use NEST Thermostat to conserve energy when household is not occupied.,4,3,4,4,4,2,2,1.5,1.5,NA,What,High,3,6,NA,3,6,0,2,3,3,2,2,2,2,It did not change my decision.,0,3,2,No,1.5,1.5,0,0,0,The recommended dose was lower than what I clinically get should be given,1.5,0,Disregard,TRUE,FALSE,1,2,2.5,3.5,3
NA,R_2wH9jtKNTo0Hxz7,43.47659302,-96.7052002,100,95,Physician,Physician,5,Male,27,about the same,7,3,3,3,3,I have very little experience with AI,3,3,2,3,3,2,2,1.5,1.5,NA,What,High,2,5,NA,2,5,49,3,3,3,3,3,3,3,slightly,0,5,4,I do not think we have good knowledgeof the effect of gastrectomy or diurnal variation,0.5,0.5,0,0,0,I did not trust the estimated adjustment due to gastrectomy,0.5,0,Disregard,TRUE,TRUE,1,3,4.5,2.6666666666666665,3
NA,R_2dR3jH23et59Y1p,29.77380371,-95.40599823,30,19,Physician,Physician,3,Male,5,more aggressive,3,5,5,3,3,scheduling tasks (vacuuming) and checking weather,3,3,3,3,2,2,2,1.5,1.5,NA,What,High,3,7,NA,3,6,10,2,2,2,2,2,2,2,Did not affect,0,5,4,Yes - strengthened case,1.5,1.5,0,0,0,"Goal was to halve the level, so the dose should be approximately half of current dose",1.5,0,Disregard,TRUE,FALSE,1,2,4.5,2.6666666666666665,3
NA,R_vTCzGBKJOKL1Yyt,43.71240234,-79.36440277,100,100,Physician,Physician,4,Male,12,Tend to be conservative,3,4,5,3,3,I use Siri on my iPhone and follow some of the recommendations it provides. I also ask question of my Google Home and use the information provided.,4,2,2,2,3,3,2,1.5,1.5,NA,What,High,3,5,NA,2,6,80,4,4,3,3,4,4,3,Definitely considered and decided on a middle ground.,0,4,4,Made sense and reduced my dose recommendation as a result.,1.5,0.5,-1,1,1,N/A,1.5,0.6666666666666666,Modify,TRUE,FALSE,1,3.6666666666666665,4,2.6666666666666665,3
NA,R_2rPjBssVehML3aS,45.82929993,15.97929382,80,40,Physician,Physician,2,Female,7,Conservative,3,6,3,3,3,"Not much. Robots, google autofill.",4,5,5,4,5,4,2,1.5,1.5,NA,What,High,1.5,4,NA,1.5,5,73,3,4,3,3,3,3,2,It was pretty similar,0,4,3,Yes. But we practice symetric doses if possible,0,0,0,0,0,I believe myself more,0,NA,Disregard,TRUE,TRUE,1,2.6666666666666665,3.5,4.5,3
NA,R_2sbVs8bs7OZQBn2,37.98420715,23.73530579,120,50,Physician,Physician,4,Female,8,more conservative,6,3,4,5,5,"simply tasks, tested for long time",4,5,4,4,4,4,2,1.5,1.5,NA,What,High,4,6,NA,4,6,50,3,2,2,2,2,2,3,not affect,0,5,5,no,2.5,2.5,0,0,0,very low dose recommended. I want to be more safe and have new tacrolimus level before make a possible new dose reduction,2.5,0,Disregard,TRUE,FALSE,1,2.3333333333333335,5,4.166666666666667,3
NA,R_cA4oxquE8xfhsIh,46.79519653,-96.83319855,30,50,Physician,Physician,3,Male,7,conservative,3,6,3,3,3,Carpet cleaning. My car has some autopilot technology but not Tesla.,3,4,4,4,3,4,2,1.5,1.5,NA,What,High,3,6,NA,3,6,0,3,3,3,2,2,4,4,"for difficult problems that I do not have exact answer, I would take help of AI because there should be some research behind it.",0,4,4,I did not consider the decision as I do not agree with those.,1.5,1.5,0,0,0,if I am familiar with the plan and the decision to make based on my clinical knowledge I would not use AI,1.5,0,Disregard,TRUE,FALSE,1,3.3333333333333335,4,3.6666666666666665,3
NA,R_3KTom1bRBkMYuvD,40.84939575,-73.9016037,10,9,Physician,Physician,4,Female,17,More conservative.,3,5,3,3,3,None really.  Got frustrated with Zoomba as it gets stuck and just cleans the same area over and over until it runs out of battery.,4,3,4,4,3,3,2,1.5,4.5,NA,Global,Low,2,4,NA,4,4,31,2,2,3,2,2,2,2,It didn’t,0,NA,NA,NA,0.5,2.5,2,2,-2,The dose adjustment didn’t seem to be enough based on the information provided.,2.5,0.8,Modify,TRUE,TRUE,1,2,NA,3.5,3
NA,R_2cjUlDu47JSODGg,45.54960632,-122.8292999,40,100,Physician,Physician,3,Male,11,More conservative,3,3,5,3,3,Automate lighting in the house.,2,2,2,3,3,4,2,1.5,4.5,NA,Global,Low,3,7,NA,4,6,40,3,1,1,2,2,2,2,"I did revise my estimate upward slightly, I was debating between two doses",0,NA,NA,NA,1.5,2.5,1,1,-1,Recommendation was nonsensical,1.5,0.6666666666666666,Modify,TRUE,FALSE,1,2,NA,2.6666666666666665,3
NA,R_2sXwwKbRrreglSr,48.8578949,2.349105835,50,92,Physician,Physician,6,Male,30,we work as a team and thus have the same approach,3,3,3,3,3,NA,4,4,4,3,4,3,2,1.5,4.5,NA,Global,Low,4,6,NA,4,6,19,3,3,3,1,3,3,3,did not,0,NA,NA,NA,2.5,2.5,0,0,0,experience,0.5,0,Disregard,TRUE,FALSE,1,3,NA,3.6666666666666665,3
NA,R_24dwrlbfsDa0SDk,44.04840088,-92.49479675,100,100,Physician,Physician,3,Female,10,I try to not check the doses frequently,3,3,3,3,5,I think that AI is good for driving.  I have a car with many safety features and able to drive on its own if needed.,4,5,5,5,5,5,2,1.5,4.5,NA,Global,Low,2,5,NA,4,5,19,1,1,2,2,2,2,3,I didn't want to consider this recommendation at all because the dosing was abnormal 3.5mg am and 1.5mg at night.  The AI system did not even out the dosing.,0,NA,NA,NA,0.5,2.5,2,2,-2,The AI system did not even out the doses.,2.5,0.8,Modify,TRUE,TRUE,1,2.3333333333333335,NA,4.833333333333333,3
NA,R_QnwlRX8h36ulrdD,39.13900757,-84.42960358,75,92,Physician,Physician,3,Male,3,Conservative approach,3,7,7,3,3,"Home cleaning , setting up reminders, music",4,4,4,4,4,4,2,1.5,4.5,NA,Global,Low,4,7,NA,4,7,69,3,3,3,3,3,3,3,Not much,0,NA,NA,NA,2.5,2.5,0,0,0,Not comfortable yet with AI interface,0.5,0,Disregard,TRUE,FALSE,1,3,NA,4,3
NA,R_3niyW3mBupL1rWk,38.72259521,-9.139892578,5,100,Physician,Physician,3,Male,10,I do not use immunossupression. Only support with urologic care of patients,3,3,3,3,6,The most useful is mobile phone as it also can be used as computer. Mainly use intelligent search motors and databases,4,3,2,3,4,3,2,1.5,4.5,NA,Global,Low,4,3,NA,4.5,4,100,4,3,3,3,3,3,3,I trusted the system,1,NA,NA,NA,2.5,3,0.5,0.5,-0.5,NA,0.5,1,Adopt,TRUE,FALSE,1,3,NA,3.1666666666666665,3
NA,R_2SkHcBb5JXUTeLP,32.06669617,34.76669312,60,40,Physician,Physician,4,Female,22,"I take into consideration the patient and transplant factors in my decisions on immunosuppressants, in order to avoid both rejection and overimmunosuppression and adverse effects.",3,3,3,3,3,NA,2,4,3,3,2,3,2,1.5,4.5,NA,Global,Low,5,5,NA,5,5,50,2,2,2,2,2,2,2,"I felt the recommendation in this case was wrong as the morning dose was much higher than the evening dose, which would cause a fluctuating drug level throughout the day. the total daily dose was reasonable and close to what I suggested.",0,NA,NA,NA,3.5,3.5,0,0,0,"I felt the recommendation in this case was wrong as the morning dose was much higher than the evening dose, which would cause a fluctuating drug level throughout the day. the total daily dose was reasonable and close to what I suggested.",0.5,0,Disregard,FALSE,FALSE,1,2,NA,2.8333333333333335,3
NA,R_RhuuJlXuMMIK3cJ,32.71040344,-117.0527954,70,100,Physician,Physician,5,Male,30,Same-more aggressive as colleagues,3,3,3,3,4,No routine use of an AI device,4,4,4,4,4,3,2,1.5,4.5,NA,Global,Low,3,6,NA,3,6,60,4,2,2,2,3,3,3,Did not affect decision.,0,NA,NA,NA,1.5,1.5,0,0,0,No clear explanation on Case #2 as to why AM dose 2x PM dose.,1.5,0,Disregard,TRUE,FALSE,1,3,NA,3.8333333333333335,3
NA,R_dgN8L8EQ4nCaUGR,53.85110474,10.70280457,60,99,Physician,Physician,5,Female,20,more conservative,3,3,3,3,3,NA,3,4,3,4,4,3,2,1.5,4.5,NA,Global,Low,3,4,NA,3,4,12,1,1,1,1,1,2,2,did not,0,NA,NA,NA,1.5,1.5,0,0,0,did not trust the algorythm of the AI system,1.5,0,Disregard,TRUE,FALSE,1,1.6666666666666667,NA,3.5,3
NA,R_OJaI2B6T90Xh0TT,41.24420166,-95.9598999,100,100,Physician,Physician,3,Male,14,"Probably right in the middle. Try to have a rationale approach, ensuring the regimen will be adhered to by the patient.",7,7,4,4,3,"I have had good experience, but not overly reliant on AI for anything.",5,5,4,4,4,4,2,1.5,4.5,NA,Global,Low,3,6,NA,3,5,0,3,2,3,1,1,2,3,NA,0,NA,NA,NA,1.5,1.5,0,0,0,It did not align with typical practice.,1.5,0,Disregard,TRUE,FALSE,1,2,NA,4.333333333333333,3
NA,R_26fs7gLs1mU9tK4,37.82310486,-122.3693008,50,100,Physician,Physician,5,Male,25,Aggressive,7,3,3,3,3,maintain the temperature in my home in an energy efficient manner,4,4,4,4,2,4,2,1.5,4.5,NA,Global,Low,2,7,NA,2,7,1,1,1,1,1,3,2,3,Did not consider AI recommendation,0,NA,NA,NA,0.5,0.5,0,0,0,Did not make clinical sense.,2.5,0,Disregard,TRUE,TRUE,1,2.6666666666666665,NA,3.6666666666666665,3
NA,R_3k66KTZlhYayZfI,13.08779907,80.27850342,15,100,Physician,Physician,3,Female,9,Conservative,3,5,6,3,3,"Music alarms driving by echo Alexa 
Smart phone USG apps",4,5,4,4,4,3,2,1.5,4.5,NA,What,Low,3,6,NA,4,7,65,4,3,3,3,3,3,3,Not much,0,4,3,Yes I increased the dose slightly,1.5,2.5,1,1,-1,As pt was symptomatic,1.5,0.6666666666666666,Modify,TRUE,FALSE,1,3,3.5,4,3
NA,R_Q0Nu10eyzwuNuN3,43.69219971,-79.43090057,60,100,Physician,Physician,4,Female,21,More conservative (aim for lower),3,3,5,3,5,"Voice recognition (Siri) 
Google translate
Autoparking of car (Tesla) 
Probably more things than I realize (ie I am succeptible to the “suggestions” amazon and Netflix make for me!!)",2,3,4,3,4,4,2,1.5,4.5,NA,What,Low,2,6,NA,5,3,89,5,5,4,4,4,4,4,I modified slightly but included a dosing modification to allow for the fact that half mg doses are more difficult for patients and more prone to errors. So followed trend of medication recommendation but modified for simplicity of dosing,0,4,4,Yes - I am less familiar wiht the impact of this gastric surgery as part of my daily practise so willing to defer to “evidence” where I don’t have as much practise expertise (unlike first question),0.5,3.5,3,3,-3,As above,2.5,1.2,Modify,TRUE,TRUE,1,4,4,3.3333333333333335,3
NA,R_yUeIbarIIdfCCA1,51.50259399,-0.065994263,50,100,Physician,Physician,5,Female,29,More conservative.,3,3,7,3,3,I use the Apple Homepod to play music and podcasts.,4,4,4,4,4,4,2,1.5,4.5,NA,What,Low,4,6,NA,5,4,81,4,4,3,4,3,3,3,I made an adjustment to my initial recommendation.,0,3,2,"I did, but in the end I did not follow the recommendation and I would have needed more explanation to convince me that this was correct.",2.5,3.5,1,1,-1,I was unsure whether the use of asymmetrical dosing was correct.,0.5,2,Modify,TRUE,FALSE,1,3,2.5,4,3
NA,R_ZqPv4fjIWR5tuff,43.7940979,-79.70110321,50,92,Physician,Physician,3,Female,5,NA,6,6,7,3,3,Good. This survey took more than 5 minutes.,3,3,3,3,3,3,2,1.5,4.5,NA,What,Low,3,5,NA,5,6,100,4,4,4,4,4,4,4,large extent,0,4,4,NA,1.5,3.5,2,2,-2,NA,1.5,1.3333333333333333,Modify,TRUE,FALSE,1,4,4,3,3
NA,R_2tExf7hI8aI2DwJ,45.45170593,-73.48670197,250,93,Physician,Physician,3,Male,7,Aggressive in dosing,5,5,6,7,6,"Routine scheduled tasks for daily activities (lighting, news, heating)",4,4,4,4,4,4,2,1.5,4.5,NA,What,Low,5,4,NA,6,5,73,4,4,3,3,4,4,4,It helped solidify my decision,0,4,3,It helped solidify my decision,3.5,4.5,1,1,-1,NA,0.5,2,Modify,FALSE,FALSE,1,4,3.5,4,3
NA,R_A5nEsTgaJ2kTjnb,60.19799805,24.94219971,40,100,Physician,Physician,3,Male,10,Neither conservative nor aggressive,3,3,4,3,3,"None that I am aware of, except GPS navigation",2,2,4,2,2,4,2,1.5,4.5,NA,What,Low,3,5,NA,3,5,20,2,3,3,2,2,2,2,"I did not change my decision
",0,2,3,"No, to get stable concentrations would prefer same dosing in the morning and evening",1.5,1.5,0,0,0,My clinical experience (of >1500 early transplant cases) would suggest otherwise,1.5,0,Disregard,TRUE,FALSE,1,2,2.5,2.6666666666666665,3
NA,R_30w1PyhT0jkHxOf,49.81790161,-97.15350342,100,100,Physician,Physician,5,Male,25,More aggressive at assuring adequate levels of Tacrolimus (risk being high rather than low),3,3,3,3,3,NA,4,3,3,3,3,3,2,1.5,4.5,NA,What,Low,3,6,NA,4.5,6,87,4,4,5,4,4,4,4,Seemed reasonable against the background of my own experience,1,5,5,The logic made sense,1.5,3,1.5,1.5,-1.5,NA,1.5,1,Adopt,TRUE,FALSE,1,4,5,3.1666666666666665,3
NA,R_3LcJ3MZsAVaTvGK,29.73730469,-95.39720154,25,100,Physician,Physician,6,Female,40,Prefer to err on side of tacrolimus level too high than too low and titrate to desired goal.,3,3,3,3,3,NA,4,5,4,4,4,5,2,1.5,4.5,NA,What,Low,4,7,NA,4,7,50,2,2,2,1,2,2,2,Did not change dose for final decision.,0,3,3,Did not take the recommendation,2.5,2.5,0,0,0,Did not make sense to give 3.5 mg in AM and 1.5 mg in PM; dose should be evenly distributed every 12 hrs.,0.5,0,Disregard,TRUE,FALSE,1,2,3,4.333333333333333,3
NA,R_3Eur7jCDnhQ9bR4,45.82929993,15.97929382,80,71,Physician,Physician,2,Female,4,Conservative,7,7,5,3,3,Mostly I use Roomba and I like it very much.,4,4,4,4,4,4,2,1.5,4.5,NA,What,Low,3,2,NA,4,2,94,5,4,4,3,4,4,3,I changed my decision a bit,0,5,5,NA,1.5,2.5,1,1,-1,because of the previous experience,1.5,0.6666666666666666,Modify,TRUE,FALSE,1,3.6666666666666665,5,4,3
NA,R_3nGEoEfJzzr0KLW,40.90139771,-73.9056015,25,25,Physician,Physician,3,Male,10,About the same -- we largely follow protocol,3,3,3,3,3,NA,3,4,3,4,3,2,2,1.5,4.5,NA,What,Low,3,4,NA,3,4,4,3,3,3,2,3,3,2,Did not change my decision,0,2,2,"It did not change my rec, but it made me wonder what was documented about how gastrectomy affects dose adjustments",1.5,1.5,0,0,0,"Did not feel like I needed the help, seemed a straightforward decision, but I did second-guess myself when I saw it had a different recommendation.",1.5,0,Disregard,TRUE,FALSE,1,2.6666666666666665,2,3.1666666666666665,3
NA,R_3EXeX29FFf1nywX,41.89720154,-87.61959839,30,61,Pharmacist,Non-Physician,2,Female,5,Aggressive,7,6,7,3,3,"Vacuum, music, temperature control",5,4,4,4,4,4,2,1.5,1.5,NA,Global,High,3,4,NA,3,4,3,2,2,2,2,2,3,2,Did not affect my decision,0,NA,NA,NA,1.5,1.5,0,0,0,Do not believe it took into account all Pk/PD factors,1.5,0,Disregard,TRUE,FALSE,1,2.3333333333333335,NA,4.166666666666667,3
NA,R_3G6TCwwptZsJz9u,38.57929993,-90.42199707,100,82,Pharmacist,Non-Physician,3,Female,8,usually conservative in certain cirmcumstances,3,5,3,3,3,Roomba - to save some time from sweeping myself,3,3,3,3,3,3,2,1.5,1.5,NA,Global,High,2,6,NA,2,5,60,3,4,3,2,3,3,2,Didn't change my mind,0,NA,NA,NA,0.5,0.5,0,0,0,Dosed tacrolimus based upon my clinical practice experiences,0.5,0,Disregard,TRUE,TRUE,1,2.6666666666666665,NA,3,3
NA,R_3lujizL1LsHKrAb,37.55029297,-77.39420319,50,49,Pharmacist,Non-Physician,2,Male,4,"Consider patient specific factors, selected goals. I consider myself to be fairly conservative in livers, and more liberal in kidney transplants. With thoracic organs I consider myself a moderate in terms of strategy used.",5,7,3,3,3,Routine tasks that are easy to develop algorithms like the Nest Thermostat.,3,2,2,3,3,5,2,1.5,1.5,NA,Global,High,4,5,NA,3,5,30,2,2,2,2,1,1,3,"Considered recommendation and dose recommended. While I thought it was possibly a destination dose that the patient would arrive at, doing that large of a dose decrease in a patient who is only 2 weeks post-transplant has higher risk than I was willing to accept.",0,NA,NA,NA,2.5,1.5,-1,1,1,"Considered recommendation and dose recommended. While I thought it was possibly a destination dose that the patient would arrive at, doing that large of a dose decrease in a patient who is only 2 weeks post-transplant has higher risk than I was willing to accept.",2.5,0.4,Modify,TRUE,FALSE,1,1.6666666666666667,NA,3,3
NA,R_3ET3L8R5RURwbvX,40.82049561,-73.91829681,60,100,Pharmacist,Non-Physician,2,Female,3,Conservative.,3,3,3,3,3,NA,3,3,3,3,3,2,2,1.5,1.5,NA,Global,High,3,5,NA,2,6,60,3,3,3,2,2,2,2,In between doses. AI recommendation helped me decide to go on lower end of range.,0,NA,NA,NA,1.5,0.5,-1,1,1,NA,1.5,0.6666666666666666,Modify,TRUE,FALSE,1,2,NA,2.8333333333333335,3
NA,R_4IWzz1n8dZFgxC9,40.98640442,-74.11119843,75,91,Pharmacist,Non-Physician,2,Female,1,I am new to transplant medicine and tend to err on the conservative side of dosing for immunosuppressants.,7,7,5,3,3,I rely on my smart thermostat to adjust the temperature based on the time of day and if someone is home or not. I use a Roomba daily to vacuum while I am not at home. I use a Google home occasionally to play music or set a timer while cooking.,5,4,4,5,4,3,2,1.5,1.5,NA,Global,High,4,5,NA,3,6,100,5,5,5,4,4,4,4,It confirmed the dose that I was planning on ordering for the patient.,0,NA,NA,NA,2.5,1.5,-1,1,1,I followed the recommendation.,2.5,0.4,Modify,TRUE,FALSE,1,4,NA,4.166666666666667,3
NA,R_pKIj2OtBlFczvb3,43.10299683,-89.50730133,30,1,Pharmacist,Non-Physician,3,Female,12,Patient dependent on conservative or aggressive but probably conservative compared to colleagues,3,6,6,3,3,"Vacuum times set. Ask Alexa questions, play music, tell stories",4,4,4,4,3,3,2,1.5,1.5,NA,Global,High,4,5,NA,3,6,65,3,2,2,2,2,2,2,It had me decrease my rec a bit. But not too what the AI recommended,0,NA,NA,NA,2.5,1.5,-1,1,1,I thought that was too drastic a dose decrease for a level of 20 two weeks after transplant. But I could not find a goal range specified in the case,2.5,0.4,Modify,TRUE,FALSE,1,2,NA,3.6666666666666665,3
NA,R_3kzIcI31AEw7ABD,41.83880615,-87.78910065,100,50,Pharmacist,Non-Physician,2,Female,4,"It depends on clinical scenario. I consider each patient's clinical picture and induction utilized for immediate post-transplant patients. I'd say there are cases where I am more aggressive, and definitely also cases where I am suggesting to back off with immunosuppression as well.",7,3,3,3,4,"We use AI system at this hospital for transitioning insulin gtt to basal/ bolus regimen. For the most part, our patients have steroid induced hyperglycemia and are immediately placed on rapid steroid withdrawal protocol (that is unknown to AI system). I use this system to get sense of recommendation, but typically I order 25-50% less than the system recommends depending on patient specific factors like - whats the PO/NPO status, are we starting trickle tube feeds vs are we expecting to be at goal rate, will patient need TPN, does patient have risk of aspiration that will limit intake, are they diabetic at baseline etc.)",3,3,4,4,2,3,2,1.5,1.5,NA,Global,High,4,6,NA,4,6,75,3,3,2,2,2,2,1,Trough goal level was not stated; wondering if this was considered by AI system. Because the patient is 2weeks s/p transplant - I anticipate that team is aiming for 'higher' trough goals (~10-15) and so I did not reduce dose as drastically as AI recommended.,0,NA,NA,NA,2.5,2.5,0,0,0,Trough goal level was not stated; wondering if this was considered by AI system. Because the patient is 2weeks s/p transplant - I anticipate that team is aiming for 'higher' trough goals (~10-15) and so I did not reduce dose as drastically as AI recommended.,2.5,0,Disregard,TRUE,FALSE,1,1.6666666666666667,NA,3.1666666666666665,3
NA,R_TqntsRaAqffyg6Z,33.71530151,-84.33119965,50,100,Pharmacist,Non-Physician,3,Female,11,More aggressive,3,3,3,3,3,NA,2,3,2,3,4,4,2,1.5,1.5,NA,Global,High,3,7,NA,3,7,15,2,2,2,2,2,2,1,"I didn't at all, I disagreed with the recommendation",0,NA,NA,NA,1.5,1.5,0,0,0,It did not appear to appropriately consider the linear kinetics or relatively higher risk of rejection in a patient only 2 weeks post-txp,1.5,0,Disregard,TRUE,FALSE,1,1.6666666666666667,NA,3,3
NA,R_1kXhkhQCqu7452b,29.72279358,-95.42510223,40,41,Pharmacist,Non-Physician,2,Male,1,I would be more conservative in my dosing depending on the situation.,3,3,4,3,3,I only use AI devices to call others or play music.,4,4,4,3,4,2,2,1.5,1.5,NA,Global,High,3,5,NA,2,5,73,4,4,4,3,3,3,3,It resulted in a slight decrease to my previous recommendation.,0,NA,NA,NA,1.5,0.5,-1,1,1,NA,1.5,0.6666666666666666,Modify,TRUE,FALSE,1,3,NA,3.5,3
NA,R_2xKtJoPccBHEi6P,33.7855072,-84.36119843,36,71,Pharmacist,Non-Physician,3,Female,17,"I like a weight-based guestimate, but then also take into consideration organ quality and renal function improvement when adjusting my doses. I tend to be a little more on the aggressive side than some of my colleagues.",3,3,3,3,3,NA,3,3,3,3,3,3,2,1.5,1.5,NA,Global,High,1,4,NA,2,6,50,4,4,3,3,4,4,3,"Made sense, was close to what I guestimated",0,NA,NA,NA,0.5,0.5,1,1,0,"Don't like split doses with 2 different capsule sizes, so I would start with the lowest 1mg bid dose and recheck level.",0.5,2,Disregard,TRUE,TRUE,1,3.6666666666666665,NA,3,3
NA,R_SCbZaptshHfZAkx,39.30299377,-76.60620117,50,100,Pharmacist,Non-Physician,2,Female,1,"My immunosuppression approach depends on organ (I tend to be more aggressive with kidney and liver), presence of infection (would want to go up slowly), and toxicity. Overall I feel I am more conservative then my colleagues",3,3,3,3,3,NA,4,4,4,3,3,2,2,1.5,1.5,NA,Global,High,1,6,NA,2,6,71,4,4,4,3,4,3,3,I thought the AI System 2 recommendation was no different than mine. Either one would have been appropriate,0,NA,NA,NA,0.5,0.5,1,1,0,"From a safety perspective, I thought the AI system 2 recommendation and my recommendation were both appropriate. I figured this patient probably didn't have 0.5 mg tacrolimus capsules at home since he was taking 3 mg BID so my recommendation would have been easier for the patient",0.5,2,Disregard,TRUE,TRUE,1,3.3333333333333335,NA,3.3333333333333335,3
NA,R_0JSirM3BnOEXsOZ,42.36340332,-71.07129669,50,50,Pharmacist,Non-Physician,2,Female,3,Depends. Aggressive for freshly transplanted patients/recent rejections/high HLA immune risk/etc. Conservative for patients being readmitted with infectious complications.,6,6,6,3,3,Use Google home to adjust Honeywell thermostat. Use phone apps to activate robot vacuum.,4,3,3,3,3,3,2,1.5,1.5,NA,What,High,3,4,NA,3,4,40,2,2,2,2,2,2,2,Not helpful due to lack of literature cited to justify rationale.,0,3,3,NA,1.5,1.5,0,0,0,Need supporting literature to validate rationale.,1.5,0,Disregard,TRUE,FALSE,1,2,3,3.1666666666666665,3
NA,R_2PaLUePfY1iKew6,40.36849976,-80.05039978,100,55,Pharmacist,Non-Physician,3,Female,11,More aggressive,3,3,3,3,3,NA,5,5,5,5,5,5,2,1.5,1.5,NA,What,High,3,7,NA,2,7,5,2,2,2,2,2,2,2,AI did not change my opinion,0,2,2,No,1.5,0.5,-1,1,1,I did not understand the reasoning,1.5,0.6666666666666666,Modify,TRUE,FALSE,1,2,2,5,3
NA,R_3PHmaKMHSahfNnu,45.49719238,-122.6936951,20,100,Pharmacist,Non-Physician,5,Male,35,conservative,3,3,3,3,3,NA,3,3,3,3,3,3,2,1.5,1.5,NA,What,High,4,4,NA,4,4,41,3,3,3,3,3,3,3,not much,0,3,3,NA,2.5,2.5,0,0,0,NA,2.5,0,Disregard,TRUE,FALSE,1,3,3,3,3
NA,R_2zUSMqPSijcUaaV,41.92610168,-71.30110168,30,62,Pharmacist,Non-Physician,3,Female,19,More agressive in dosing,7,3,3,3,3,I rely on my Next to adjust my temp in the bedroom based on activity.,4,4,2,2,2,2,2,1.5,1.5,NA,What,High,4,6,NA,4,6,11,1,1,1,2,2,2,2,I di dnot consider it as I did not agree,0,3,3,no,2.5,2.5,0,0,0,"The dosing seemed to be off in the text and screen and hard to understad whcih was correct (3 BID vs 3 daily), this impacted intrepretion of AI reccomendation. Alos with diurinal clearance I usually given higher dose at night to optimize expoure (minimize AE with higher peaks in am)",2.5,0,Disregard,TRUE,FALSE,1,2,3,2.6666666666666665,3
NA,R_cOYd8DH2WscUcSJ,34.74459839,-86.67140198,200,71,Pharmacist,Non-Physician,2,Female,1,I would consider myself to be more aggressive with immunosuppressive recommendations.,7,3,7,3,3,"I use Siri daily to set reminders and alerts. I use alexa daily for weather, music, timers, turn on and off TV. These devices have fully integrated into daily life.",5,4,2,4,1,1,2,1.5,1.5,NA,What,High,4,5,NA,2,3,71,4,4,3,3,3,4,4,I took the AI's recommendation into consideration.,0,5,5,N/A,2.5,0.5,-2,2,2,Patient is only 2 weeks out post-op and due to patient receiving a kidney transplant I would want to make sure tacrolimus is at target troughs. Kidneys are highly immunogenic.,2.5,0.8,Modify,TRUE,FALSE,1,3.6666666666666665,5,2.8333333333333335,3
NA,R_zSTbnEoSBBP8U8h,34.74560547,-92.34190369,100,92,Pharmacist,Non-Physician,2,Female,2,I consider myself to be in the middle of conservative and aggressive. I consider the full patient picture in my adjustment of immunosuppressant dose adjustments. I consider their labs (SCr and K) and infection to determine whether their current level is appropriate for them.,3,4,7,3,3,I use my Amazon Alexa to tell me the weather every morning. I have a Roomba that I would use more often but the battery doesn't hold a charge.,4,4,5,4,3,2,2,1.5,1.5,NA,What,High,2,7,NA,2,7,65,4,4,4,4,3,4,3,It did not affect my final decision.,0,4,4,"I did consider the recommendation. I do not adjust doses for diurnal variation. So that part was out. I think based on these very consistent levels above goal, I would significantly decrease the dose, and I chose 1 mg BID.",0.5,0.5,0,0,0,I do not adjust doses of CNIs for diurnal variation.,0.5,0,Disregard,TRUE,TRUE,1,3.3333333333333335,4,3.6666666666666665,3
NA,R_1mtjzhK56EAfyXO,32.77870178,-96.82170105,80,19,Pharmacist,Non-Physician,3,Female,8,i think i'm about average in dosing immunosuppressants,7,5,3,3,3,i use my nest thermostat to regulate the temperature of my home on a set schedule and nest smoke/CO detectors to monitor for hazards in my home,4,4,3,4,4,3,2,1.5,1.5,NA,What,High,2,6,NA,2,6,71,3,3,3,2,3,3,2,"it was a reasonable suggestion, but i think my plan would be easier for the patient to understand and would have a higher chance of him doing correctly. i also did not see what the stated goal level was for this patient.",0,4,4,that was a more helpful explanation than the 1st. i had already considered those factors but made me more confident in considering the recommendation,0.5,0.5,0,0,0,after only 2 weeks post-transplant it can be hard for some patients to split doses of tacrolimus,0.5,0,Disregard,TRUE,TRUE,1,2.6666666666666665,4,3.6666666666666665,3
NA,R_1kLAgmcBfXpy7EI,42.29710388,-71.06199646,65,0,Pharmacist,Non-Physician,2,Male,6,"I am really middle of the road, likely being on the more aggressive side. However, immunosuppression is patient specific decision for me.",5,5,7,3,5,"Alexa - turn on and off lights, weather and timer for cooking
Car - smart cruise control and lane assist, self driving on highways mostly
Thermostat - to keep within temperature range",4,2,4,3,3,1,2,1.5,1.5,NA,What,High,3,7,NA,2,5,70,4,4,3,3,3,3,3,"It make me change my decision and slightly decrease the dose, but not fully accept the decision.",0,4,4,"There is need for some background knowledge of the effect of diurnal variation and gastrectomy on the absorption and metabolism of tacrolimus for it to make sense, but it did bring good points up.",1.5,0.5,-1,1,1,"I did not believe that 75% decrease of daily dose was warranted, but that was considering the goal tacro dose to be around 10-12. Unfortunately the problem did not specify the target level range.",1.5,0.6666666666666666,Modify,TRUE,FALSE,1,3,4,2.8333333333333335,3
NA,R_2urO1kmn9CzgTBw,42.39120483,-71.08820343,75,9,Pharmacist,Non-Physician,2,Female,4,More aggressive given pharmacist training/background,3,3,6,3,3,"Turn on lights, basic functions",2,4,3,4,4,4,2,1.5,1.5,NA,What,High,4,6,NA,1.5,6,75,4,4,3,2,3,3,2,"Sound reasoning, and helped me catch that I had interpreted the first as mg q12h not mg/day.",1,4,4,The gastrectomy is not a consideration for tacrolimus typically however a dose reduction was necessary given the high levels,2.5,0,-2.5,2.5,2.5,NA,2.5,1,Adopt,TRUE,FALSE,1,2.6666666666666665,4,3.5,3
NA,R_24r7L124ZwiKXuv,41.7796936,-87.87200165,100,82,Pharmacist,Non-Physician,2,Female,5.5,I feel like much of how I dose and adjust these medications comes from prior experience and management. I consider myself more conservative in my dosing and utilization.,7,3,3,3,3,Nest used daily for temperature in house,5,5,4,4,4,3,2,1.5,1.5,NA,What,High,2,7,NA,2,7,40,3,3,3,2,2,2,2,"I took it into account but assuming patient only has 1 mg caps at home, I prefer to use what patient has before introducing a new mg strength.",0,4,4,No - I was looking more at levels.,0.5,0.5,0,0,0,"I took it into account but assuming patient only has 1 mg caps at home, I prefer to use what patient has before introducing a new mg strength. I would lower dose to 1 mg BID and then use 0.5 mg if patient still has elevated levels after that.",0.5,0,Disregard,TRUE,TRUE,1,2,4,4.166666666666667,3
NA,R_28Y6HPM1hpbwWXk,35.58909607,-77.34500122,100,92,Pharmacist,Non-Physician,3,Female,13,"Aggressive, based on my knowledge of PK/PD, genomics and the long-term risks of subtherapeutic TAC levels",3,7,3,3,3,"As someone who is actively trying to distance myself from social media, automated/integrated systems and to avoid influence from AI driven systems regarding psychosocial and critical decision making (ie. targeted advertising, subliminal messaging, radicalization, etc) I am aware of AI devices in everyday life as well as in medicine.  I have a robotic vacuum but it appears to not be a self-learning device",4,4,3,4,5,4,2,1.5,4.5,NA,Global,Low,1,7,NA,2,7,60,4,4,4,3,4,4,3,"It made me increase my original dose a bit, but mainly because I did not want to have the patient to have to get an additional prescription for a 0.5 mg capsule vs the 1 mg capsules he already had",0,NA,NA,NA,0.5,0.5,1,1,0,"The split dose that also incorporates a separate dose strength (combination of 1 mg and 0.5 mg capsules) will have a very low percentage of adherence.  Therefore, the recommendation is not practical and will result in a higher copay for the patient and confusion in the system for the less saavy nurses",3.5,0.2857142857142857,Disregard,FALSE,TRUE,1,3.6666666666666665,NA,4,3
NA,R_6ESsAfiMrrO9sEp,42.20779419,-71.43219757,35,71,Pharmacist,Non-Physician,2,Female,2.5,Tend to be more aggressive than my colleagues but find that my center is rather conservative in dosing by usually only increasing dose by 1mg despite subtherapeutic levels.,6,3,5,3,3,AI adjusts temperature on Nest thermostats depending on weather and time at home,4,4,3,3,3,4,2,1.5,4.5,NA,Global,Low,3,5,NA,3,5,40,3,3,3,2,3,3,3,Unclear what the goal was post-transplant.,0,NA,NA,NA,1.5,1.5,0,0,0,"Assumed a goal of ~10 so if current level 20, considered cutting dose in half (1.5 BID)",1.5,0,Disregard,TRUE,FALSE,1,3,NA,3.5,3
NA,R_27pza7MveF7xvp2,41.89720154,-87.61959839,40,72,Pharmacist,Non-Physician,2,Male,4,I am usually more aggressive in dosing immunosuppressive agents. Acute CNI toxicity is usually reversible. Rejection on the other hand is not always reversible.,3,3,3,3,3,NA,4,3,4,4,3,2,2,1.5,4.5,NA,Global,Low,3,5,NA,4,5,66,4,4,2,4,4,4,4,I took into consideration the recommendation from System 2 and the recommendation influenced my final decision of tacrolimus dosing.,0,NA,NA,NA,1.5,2.5,1,1,-1,I did not fully take the AI System 2 recommendation exactly as I felt it was not practical. I did not like that the dose recommendation was a split dosing recommendation. This makes it more challenging for the patient to take at home.,1.5,0.6666666666666666,Modify,TRUE,FALSE,1,4,NA,3.3333333333333335,3
NA,R_77mSLMYZVKS0OGt,40.73100281,-73.67420197,20,92,Pharmacist,Non-Physician,2,Male,5,I would consider my approach more aggressive to achieve appropriate medication levels to prevent rejection. I would also take the patients ability into account to ensure that they would have the best chance of following their medication regimen.,3,3,7,3,3,I utilize a smart speaker to control and play music. Otherwise do not use much AI.,4,4,2,4,2,2,2,1.5,4.5,NA,Global,Low,4,6,NA,4,6,0,3,2,2,2,1,2,2,I did not take AI SYSTEM 2 recommendation and it would not affect my decision to adjust the dose to 2mg BID.,0,NA,NA,NA,2.5,2.5,0,0,0,I did not use the recommendation because for a patient to take 3mg in the morning and 1.5mg in the evening would increase the patients chance for error with having to use 1mg and 0.5 mg capsules. Having two different doses at the different times for the same medication could also be a chance for confusion for a patient. The amount of pills and the patients ability to understand their medications must be taken into account to ensure that the patient will have the best chance of being compliant with their regimen.,0.5,0,Disregard,TRUE,FALSE,1,1.6666666666666667,NA,3,3
NA,R_PU90HBrE0qnt60h,40.47250366,-79.9108963,40,3,Pharmacist,Non-Physician,2,Female,6,"I consider myself slightly more aggressive than my colleagues. I generally prefer to look at trends and consider whether the level was at steady state in order to determine how to adjust a dose, rather than making frequent dose adjustments.",3,3,3,3,3,NA,4,3,4,4,3,4,2,1.5,4.5,NA,Global,Low,3,6,NA,3,5,0,1,1,1,1,1,1,1,I did not consider the recommendation.,0,NA,NA,NA,1.5,1.5,0,0,0,It would be very atypical to split the daily dose for a patient so to have double the dose in the morning as in the evening. Also the total daily dose was significantly higher than what I deemed appropriate for the patient.,1.5,0,Disregard,TRUE,FALSE,1,1,NA,3.6666666666666665,3
NA,R_Xifoq6hUnlb08XT,33.7696991,-84.37539673,60,96,Pharmacist,Non-Physician,2,Female,5,"I think I am relatively moderate.  However if I had to pick, I probably fall more towards the aggressive side of tacrolimus dosing but quick to dose reduce other immunosuppression medications for tolerability reasons.",7,4,5,3,4,"A couple lights in my home are connected to smart devices and the Nest regulates my home temperature.  Have Roomba connected to smart device, but only use 1-2x/year.",4,4,4,4,4,4,2,1.5,4.5,NA,Global,Low,3,5,NA,3,5,10,1,1,1,1,1,1,1,Minimal consideration due to inappropriate dose.,0,NA,NA,NA,1.5,1.5,0,0,0,"Dose would be confusing from patient perspective and requires multiple capsule strengths (1mg and 0.5mg capsules). Also based on known drug curves, more tacrolimus is absorbed during the morning versus at night.  Therefore if split dosing is indicated (which is rare in my opinion due to lack of benefit and increase risk of causing confusion to patients), the higher dose should be given at night rather than the morning.",1.5,0,Disregard,TRUE,FALSE,1,1,NA,4,3
NA,R_2e8oMbOKJVX0cOa,41.78210449,-87.604599,20,7,Pharmacist,Non-Physician,2,Female,2,"I consider myself to be medium but if I had to pick, I would choose a more aggressive dosing typically in my liver transplant patients.",3,6,5,3,3,"I generally appreciate my AI appliciances, such as Roomba and Nespresso machine for the convenience factor.",4,4,3,3,4,4,2,1.5,4.5,NA,Global,Low,2,5,NA,2,5,8,1,1,1,1,1,1,1,It did not.,0,NA,NA,NA,0.5,0.5,0,0,0,It did not follow typical dosing with far higher dose in the AM compared to the PM which is not similar at all as to how we practice,2.5,0,Disregard,TRUE,TRUE,1,1,NA,3.6666666666666665,3
NA,R_1gSfXIhaVEc5Gfh,37.34790039,-122.0350952,20,62,Pharmacist,Non-Physician,3,Female,14,More conservative,5,3,6,3,3,Answer questions via internet searches,3,3,3,3,3,4,2,1.5,4.5,NA,Global,Low,3,7,NA,3,7,11,5,5,5,3,3,4,3,It confirmed my final decision,0,NA,NA,NA,1.5,1.5,0,0,0,NA,1.5,0,Disregard,TRUE,FALSE,1,3.3333333333333335,NA,3.1666666666666665,3
NA,R_6D83jPxMf9J7vA5,39.13900757,-84.42960358,100,72,Pharmacist,Non-Physician,5,Female,30,"The information required to make an accurate dosing recommendation is greater than was provided by this system. 
Making a recommendation on AI (even if it is wrong) is not as much of a problem if the system is designed to repeat a level at steady state after all dose changes or impacts on drug concentrations (ie after interacting drug discontinuation) 

Aggressive",7,7,3,4,3,Tasks that can be automated without any intellectual decision making.,3,3,4,4,4,3,2,1.5,4.5,NA,Global,Low,2,1,NA,2,1,0,1,1,1,1,1,1,1,I personally think the decision by AI in System 2 was incorrect,0,NA,NA,NA,0.5,0.5,0,0,0,I personally think the decision by AI in System 2 was incorrect,2.5,0,Disregard,TRUE,TRUE,1,1,NA,3.5,3
NA,R_3EznbovwkZV5M2q,32.83099365,-96.76920319,50,61,Pharmacist,Non-Physician,2,Female,2.5,"For kidney transplants, I often prefer to overestimate dosing than underestimate to reduce the risk of rejection. For liver transplants considering the high rate of kidney dysfunction and less immunogenic nature, it is the opposite. This is speaking in general terms as each patient is different based on their infection risk and side effect profiles.",6,3,4,3,3,I do not rely on AI to perform any tasks. I adjust my thermostat from my smart phone manually.,2,3,2,4,5,5,2,1.5,4.5,NA,Global,Low,4,7,NA,4,7,10,1,1,1,1,1,1,1,It did not affect my final decision.,0,NA,NA,NA,2.5,2.5,0,0,0,"The recommendation of ""split dosing"" (different dose in the morning and evening) was not necessary and may result in false morning troughs. It also required that the patient be dispensed tacrolimus 0.5 mg capsules, which they may not have already. Lowering the dose to 4 mg/day (as opposed to 4.5 mg/day as the recommendation suggested) should achieve therapeutic levels and makes much more practical sense in my experience.",0.5,0,Disregard,TRUE,FALSE,1,1,NA,3.5,3
NA,R_2uHbuQ53HTCuFB7,33.71530151,-84.33119965,25,95,Pharmacist,Non-Physician,2,Female,3,More aggressive. We also typically target a smaller range than was given in the first example.,7,3,7,3,5,We use Alexa frequently for daily updates and light/outlet/thermostat.,3,2,3,2,3,3,2,1.5,4.5,NA,What,Low,2,5,NA,3,5,61,4,3,3,3,3,2,2,"It's helpful knowledge because it's easy to forget past surgical h/x when focused on tacrolimus levels however not knowing a goal for tacrolimus and considering the patient's symptoms, I still would more aggressively decrease.",0,4,4,See above.,0.5,1.5,1,1,-1,"It's helpful knowledge because it's easy to forget past surgical h/x when focused on tacrolimus levels however not knowing a goal for tacrolimus and considering the patient's symptoms, I still would more aggressively decrease.",2.5,0.4,Modify,TRUE,TRUE,1,2.3333333333333335,4,2.6666666666666665,3
NA,R_3egy7nmigCn9gkT,46.79519653,-96.83319855,20,100,Pharmacist,Non-Physician,3,Female,10,I am more conservative with dose increases but more aggressive when dealing with drug interactions,7,3,7,3,3,"house temperature regulation, automation of lights",4,4,4,4,3,4,2,1.5,4.5,NA,What,Low,2,6,NA,3.5,6,55,3,3,3,3,2,2,3,there was not enough explanation on the AM dose being twice the PM dose,0,3,3,"yes, but needed more elaborating",0.5,2,1.5,1.5,-1.5,we generally do not have such a discrepancy between the Am and pm doses,2.5,0.6,Modify,TRUE,TRUE,1,2.3333333333333335,3,3.8333333333333335,3
NA,R_1jkdfwXyuQ1iZkV,39.86560059,-75.0943985,50,69,Pharmacist,Non-Physician,2,Female,5,Aggressive,3,3,7,3,3,"Play music, ask about weather, ask about directions, play news",4,3,3,4,2,2,2,1.5,4.5,NA,What,Low,3,6,NA,4,5,60,2,2,3,2,2,4,3,Thoughts on gastrectomy made me take an additional minute to consider,0,2,2,Did not make sense for diurnal variation as generally greater peak seen in morning with immediate release dosing,1.5,2.5,1,1,-1,Clinical experience,1.5,0.6666666666666666,Modify,TRUE,FALSE,1,3,2,3,3
NA,R_2xztx2NpRtyfPIJ,47.61090088,-122.3302994,15,94,Pharmacist,Non-Physician,4,Female,19,I use weight-based dosing as well as therapeutic drug monitoring to manage patients' immunosuppressant regimens. I would say I am on par with my colleagues in terms of my approach (neither more aggressive or more conservative).,3,3,3,3,3,NA,4,4,4,4,4,4,2,1.5,4.5,NA,What,Low,3,4,NA,3,5,10,2,2,2,2,2,3,2,I agree with the recommendation that the dose should be decreased,0,2,2,Agree with rationale but would need more data and evidence before agreeing with dose recommendation,1.5,1.5,0,0,0,"For a patient with a tacro trough of 20, I believe that a dose reduction greater than that recommended by AI is warranted. As well, I would hesitate to give such different morning and evening doses, despite the presence of diurnal variations.",1.5,0,Disregard,TRUE,FALSE,1,2.3333333333333335,2,4,3
NA,R_SPlj6CGMNy5Cvsd,41.87969971,-87.64350128,50,61,Pharmacist,Non-Physician,2,Female,5,"It depends on the patient, but I try to consider all patient factors with each level and dose adjustment - type of transplant, time from transplant, gender, race, age, concomitant immunos, history of rejection, history of compliance. For the most part, I would consider myself more aggressive in terms of dosing,",3,3,7,3,5,"We use Alexa on a daily basis to tell us weather, play music, and turn on and off the lights. We drive a volvo and use the autopilot feature occasionally when we take longer car trips.",2,1,2,2,3,3,2,1.5,4.5,NA,What,Low,3,6,NA,4,6,60,4,3,3,3,3,3,3,"I didn't think about the diurnal differences with gastrectomy, so that was interesting to think about and could consider it, although I try to avoid different doses in morning and evening if possible.",0,4,4,I considered its explanation but ultimately went with my own idea of reducing the total daily dose due to the supratherapeutic level.,1.5,2.5,1,1,-1,Mostly because split doses are sometimes challenging for patients. But might be a good idea for this patient due to tgastrectomy. Would need to try the dose for a few days and see what happens.,1.5,0.6666666666666666,Modify,TRUE,FALSE,1,3,4,2.1666666666666665,3
NA,R_2zqeAARDlROrIWb,39.26449585,-76.62239838,75,29,Pharmacist,Non-Physician,2,Male,3,More aggressive,7,3,7,3,3,Smart speakers to perform daily tasks,4,4,4,4,4,4,2,1.5,4.5,NA,What,Low,2,6,NA,2,6,20,3,3,3,2,3,2,3,Somewhat,0,4,4,Somewhat. Aware of different kinetics given patient history but inclined to try a significantly lower dose first to mitigate adverse effects before uptitrating to split dosing.,0.5,0.5,0,0,0,Previous experience,2.5,0,Disregard,TRUE,TRUE,1,2.6666666666666665,4,4,3
NA,R_xGCsB65GaaG4eit,40.79299927,-74.02469635,100,92,Pharmacist,Non-Physician,2,Male,8,I consider myself to be more aggressive,7,6,7,3,3,"Nest controls all thermostat controls daily; I use a google home/hub device to maintain shopping lists, tell me about the weather, and answer basic questions or facts.  Also own a floor cleaning robot which I set to clean the floors once a week while I am out.",4,3,4,4,2,2,2,1.5,4.5,NA,What,Low,2,6,NA,3,6,84,4,4,4,4,4,4,4,"I had not thought about diurnal variation though I am aware (it just didn't occur to me), but it was a very valid suggestion and a good one",0,5,4,"Yes.  Increased morning dose by 1mg based on good logic of the AI suggestion, but I'd call that a compromise as I felt the recommended morning dose was too high and too different from the evening dose.",0.5,1.5,1,1,-1,"I think that the splitting of doses so drastically different could be confusing to the patients and make interpretation of levels difficult.  For an odd total daily dose, I would feel comfortable splitting with a difference of 1mg, but the proposed split was nothing I've ever done before.",2.5,0.4,Modify,TRUE,TRUE,1,4,4.5,3.1666666666666665,3
NA,R_roTKnaO3dGvIbtL,49.26660156,-123.1976013,200,100,Pharmacist,Non-Physician,5,Female,6,conservative,3,3,3,3,3,NA,4,4,4,4,4,4,2,1.5,4.5,NA,What,Low,3,NA,NA,6,NA,81,3,3,3,3,3,3,3,"i changed my recommendation but mainly is because i don't know the impact of Roux-en-Y in affecting tacrolimus level...however, in practice, I would likely do more thorough review vs trusting AI entirely",0,4,4,yes but would have liked more info e.g. absorption differences shown in gastrectomy pts,1.5,4.5,3,3,-3,N/A,1.5,2,Modify,TRUE,FALSE,1,3,4,4,3
NA,R_2YRhekCq83mF3rY,41.84860229,-87.62879944,50,92,Pharmacist,Non-Physician,4,Female,14,NA,3,3,7,3,3,"no issues, don't use for anything complicated",4,4,4,4,4,3,2,1.5,4.5,NA,What,Low,3,6,NA,3,6,0,2,1,1,1,1,1,1,it didn't,0,5,3,I did not,1.5,1.5,0,0,0,because it created a complicated dosing regimen for an older patient and didn't decrease the dose enough,1.5,0,Disregard,TRUE,FALSE,1,1,4,3.8333333333333335,3
NA,R_1IhhXREe3Ilf5wG,34.87750244,-92.22650146,50,96,Pharmacist,Non-Physician,2,Female,6,I consider myself to be very practical. What is the patient most likely to be compliant with. I am aggressive on younger high risk patients but conservative on older patients.,3,3,5,3,3,I will use Google Maps often to give me the quickest route. I also use Siri and Alexa occasionally to help quickly answer questions.,3,4,4,3,2,2,2,1.5,4.5,NA,What,Low,2,7,NA,2,5,1,2,2,2,2,2,2,1,Did not affect my decision,0,2,1,It helped to know where it came to those conclusions but I did not agree with that logic.,0.5,0.5,0,0,0,I did not agree with its recommendation of only decreasing the night dose. I would rather a patient take a similar dose to keep the levels more consistent throughout the day.,2.5,0,Disregard,TRUE,TRUE,1,1.6666666666666667,1.5,3,3
NA,R_1QgqxJyQRgaIO7I,42.21960449,-83.604599,100,71,Pharmacist,Non-Physician,2,Female,6,I target higher concentrations than colleagues but am less aggressive with dose changes,6,6,6,3,3,"Low risk, routine tasks will little unexpected variability.",3,3,3,3,3,3,2,1.5,4.5,NA,What,Low,3,NA,NA,3,NA,0,1,2,1,1,1,1,1,None.,0,3,1,"No, again requires additional information. How does each component factor in, what is it basing the decision",1.5,1.5,0,0,0,"That is not how tacrolimus is dosed in practice. It overcomplicates the regimen for patients. To achieve a stable concentration or reduce the toxicity experienced in the AM, a lower dose in the evening does not make sense.",1.5,0,Disregard,TRUE,FALSE,1,1,2,3,3
NA,R_3hhTR4ZJcy3JViN,39.98429871,-75.22660065,70,97,Pharmacist,Non-Physician,4,Female,22,More conservative,3,3,3,3,3,NA,4,4,2,2,2,4,2,1.5,4.5,NA,What,Low,3,NA,NA,4,NA,50,3,3,3,3,3,3,3,Increased dose slightly,0,4,3,"yes, but do not advocate for split dosing",1.5,2.5,1,1,-1,Do not advocate split dosing and was not sure if it was also considering if patient had diarrhea or not as this was not mentioned.,1.5,0.6666666666666666,Modify,TRUE,FALSE,1,3,3.5,3,3
NA,R_2YG2pfWH84D2XjI,37.55029297,-77.39420319,300,100,Midlevel Provider,Non-Physician,2,Female,6,Titration is possible and reasonable.  I would rather recheck a trough and then make a dose change than to overshoot and have patient experience AKI or side effects.,7,6,3,3,3,"Household automation tasks, cleaning.
I don't like talking to devices or allowing devices to track my consumer habits.",4,4,4,4,4,4,2,1.5,1.5,NA,Global,High,4,7,NA,2,7,68,3,2,2,2,3,2,1,Reconsidered decreasing the dose further,0,NA,NA,NA,2.5,0.5,-2,2,2,Split dosing is not easy for patients.  Dose decrease percentage was too great.,2.5,0.8,Modify,TRUE,FALSE,1,2,NA,4,3
NA,R_55cLSzu6thGu56p,35.91119385,-78.9178009,100,30,Midlevel Provider,Non-Physician,6,Female,15,We use a dosing protocol that covers most clinical situations. I am actually in favor of longer acting once a day dosing of tac- I consider that to expose the patient to much less harm from spiking peak levels of BID dosing. So I guess I am more conservative than most.,6,6,4,3,3,"Definitely household chores and temperature maintenance. I also like the clinical decision support systems that exist on the electronic health record we use (Epic) which is, I guess, a type of AI",4,5,4,4,4,3,2,1.5,1.5,NA,Global,High,4,6,NA,3,6,72,4,5,5,4,4,4,4,Very little.,0,NA,NA,NA,2.5,1.5,-1,1,1,"The estimated dose was, in my opinion, too conservative and could subject thepatient to harm from a tac level too low",2.5,0.4,Modify,TRUE,FALSE,1,4,NA,4,3
NA,R_3ezwyreBOaW5nhK,39.70669556,-104.9693985,100,100,Midlevel Provider,Non-Physician,3,Female,9,"Moderate with regard to IS, often make adjustments for side effects, infections, etc. as well as to get a more targeted trough level",3,3,3,3,3,NA,4,4,4,4,4,4,2,1.5,1.5,NA,What,High,2,4,NA,1.5,4,100,4,4,4,4,4,4,4,changed,1,4,4,"yes, it was helpful",0.5,0,-0.5,0.5,0.5,NA,0.5,1,Adopt,TRUE,TRUE,1,4,4,4,3
NA,R_3M4f0IMuQ17w3bs,38.56390381,-121.441803,20,100,Midlevel Provider,Non-Physician,4,Female,7,Aggressive based on personal patient experience.,3,6,6,3,3,I do not routinely use the Al device to perform any tasks.,4,4,4,4,5,3,2,1.5,1.5,NA,What,High,2,6,NA,2,6,50,3,3,3,3,3,3,3,Not at all,0,4,4,No,0.5,0.5,0,0,0,Based on personal experience,0.5,0,Disregard,TRUE,TRUE,1,3,4,4,3
NA,R_PG6a0Z6Fej6YvV7,-31.94709778,115.8646851,5,0,Midlevel Provider,Non-Physician,3,Male,9,more conservative. monitoring and adding up additional doses seems safer to me.,3,3,7,3,3,none except computer generated graph to interpret blood results,3,4,1,2,3,5,2,1.5,4.5,NA,Global,Low,6,5,NA,10,5,51,3,3,3,3,3,3,3,I used clinical judgement and best available evidence,0,NA,NA,NA,4.5,8.5,4,4,-4,I do not trust AI,1.5,2.6666666666666665,Modify,FALSE,FALSE,1,3,NA,3,3
NA,R_2DUCUR5lHK5sk3k,39.73539734,-74.9838028,50,17,Nurse,Non-Physician,3,Female,15,Moderate,3,3,6,3,3,We use our Alexa all the time for music and timers,5,5,5,5,5,4,2,1.5,1.5,NA,Global,High,3,6,NA,3,6,30,1,1,1,1,1,1,1,I did not use it.  I felt that it underdosed which is dangerous in transplant as patients can reject.  The tacrolimus trough was about double what it should be so I halved the dose.,0,NA,NA,NA,1.5,1.5,0,0,0,"I though it cut the dose too much and might lead to low trough levels and possible rejection.  Even if my estimate was a little high, it won’t hurt the patient temporarily.  I’d rather try halfing it and rechecking trough.",1.5,0,Disregard,TRUE,FALSE,1,1,NA,4.833333333333333,3
NA,R_SBIrnNa4UxrF7cB,33.68710327,-84.15100098,45,100,Nurse,Non-Physician,4,Female,4,N/A,3,3,6,3,3,I’m not that familiar since I don’t actually prescribe,5,4,3,5,4,4,2,1.5,1.5,NA,Global,High,4,6,NA,1.5,7,100,5,4,5,4,4,3,3,Totally,1,NA,NA,NA,2.5,0,-2.5,2.5,2.5,N/A,2.5,1,Adopt,TRUE,FALSE,1,3.3333333333333335,NA,4.166666666666667,3
NA,R_8uJnBG75TDMSydj,35.7696991,-79.17700195,175,100,Nurse,Non-Physician,4,Female,3,I find myself to be more conservative as mulitiple changes end up like a roller coaster and the pts labs can change radically in the early months.,3,6,7,3,3,I use Alexa for radio/music use primarily. I occasionally use it for trivia games or fact lookups. Also use it to check the time or weather.,4,2,2,3,2,2,2,1.5,4.5,NA,What,Low,3,6,NA,3,NA,61,3,4,4,4,3,3,3,I compared it with my own potential plan,0,3,3,It was the same reasoning I used in coming up with my own plan.,1.5,1.5,0,0,0,"I looked to avoid having to order additional 0.5 tablets for the patient as they needed a quicker dose reduction and didn't have the time to wait for delivery, etc. In those cases I find it's better to reduce by a whole mg amount.",1.5,0,Disregard,TRUE,FALSE,1,3,3,2.5,3
NA,R_1IygmFUZUU464W7,40.00349426,-82.67259979,50,52,Nurse,Non-Physician,5,Male,36,more conservative,3,3,5,3,3,Alexa is just awful.  I use it as a kitchen timer and ask for weather. if I ask to look up data the voice recognition is poor or it directs me to Amazon preferred sites,4,5,4,4,4,4,2,1.5,1.5,NA,Global,High,4,7,NA,4,7,33,3,2,2,2,2,2,2,not at all,0,NA,NA,NA,2.5,2.5,0,0,0,low confidence in AI,2.5,0,Disregard,TRUE,FALSE,1,2,NA,4.166666666666667,3
NA,R_xzO5EQfH1KAJ4v7,43.72920227,-79.39299774,50,51,Physician,Physician,4,Female,20,More conservative than my colleagues.,3,5,4,3,3,"The Roomba vacuum for occasional use only. But when a real cleaning is needed, I would use the regular vaccum. Simple tasks could be completed by AI but not where judgement is critical.",4,3,3,3,4,4,2,1.5,1.5,NA,Global,High,4,6,NA,4,6,0,1,1,2,1,1,1,1,I did not consider the recommendation.,0,NA,NA,NA,2.5,2.5,0,0,0,I felt the AI recommendation for dose was too low and it did not really take into account the severity of the patient's side effects.,2.5,0,Disregard,TRUE,FALSE,1,1,NA,3.5,3
NA,R_3KCMXiKEOhrx9zh,45.82929993,15.97929382,100,5,Physician,Physician,3,Female,14,I consider myself to be moderate and cautious...,3,3,4,3,3,"I do not have nay experience with AI, except in the publication process; when submitting manuscripts to journal the AI chooses reviewers..",4,4,4,5,5,4,2,1.5,1.5,NA,What,High,2,7,NA,2,7,18,2,3,2,2,3,3,2,x,0,4,4,x,0.5,0.5,0,0,0,my experience with transplant patinets,0.5,0,Disregard,TRUE,TRUE,1,2.6666666666666665,4,4.333333333333333,3
NA,R_OwZeVcSaegY5vk5,32.06919861,34.75770569,20,76,Physician,Physician,4,Female,8,Usually do not make decisions on dosing,3,3,3,3,3,NA,4,4,4,4,4,4,2,1.5,4.5,NA,Global,Low,4,4,NA,4,4,50,4,4,4,4,4,4,4,Considered the systems recommendation,0,NA,NA,NA,2.5,2.5,0,0,0,Prefer same dose morning and evening if possible,0.5,0,Disregard,TRUE,FALSE,1,4,NA,4,3
NA,R_3kvrwlU2VjHNJ8A,35.96099854,-78.92910004,4,50,Physician,Physician,2,Male,3,I am a surgical resident and am not involved in dosing immunosuppression beyond ordering a home dose upon admission.,7,3,7,3,3,use amazon alexa to play music.,4,3,3,4,3,3,2,1.5,4.5,NA,Global,Low,3,1,NA,3,2,20,2,2,2,2,2,1,2,I did not trust the recommendation because there was a discrepancy between the ordered/reported dose (3mg BID) and the daily dose (3mg daily) displayed in the line graph showing the tac dose/trough data.,0,NA,NA,NA,1.5,1.5,0,0,0,"I did not trust the recommendation because there was a discrepancy between the ordered/reported dose (3mg BID) and the daily dose (3mg daily) displayed in the line graph showing the tac dose/trough data, and it was not clear which data the AI was using to make the calculation.",1.5,0,Disregard,TRUE,FALSE,1,1.6666666666666667,NA,3.3333333333333335,3
NA,R_3gSLxPiHIUgi1yf,42.41879272,-71.15570068,100,30,Physician,Physician,3,Male,10,conservative-- as there are too many variables and fluctuations including drug-drug interactions and diet.,3,3,3,3,3,NA,4,3,3,3,3,3,2,1.5,4.5,NA,What,Low,4,6,NA,4,5,0,4,4,4,4,4,4,4,It didnt affect my decision.,0,4,4,I did consider but did not change as this was known to me.,2.5,2.5,0,0,0,"Based on the levels and kinetics of the medication, the dose was adjusted. Regardless of the answer, repeat regular levels are needed.",0.5,0,Disregard,TRUE,FALSE,1,4,4,3.1666666666666665,3
